Date:,Tue Sep 24 14:39:03 2024
Time:,1727203143.7684672
t1,v1,t2,v2,t3,v3,t4,v4,t5,v5,t6,v6,t7,v7,t9,T
0.45209479331970215,-0.0350392,1.0233936309814453,-0.0360919,1.6312081813812256,0.798232,2.0949809551239014,0.0995986,2.4007692337036133,0.1602634,2.703641891479492,0.1592551,3.3274741172790527,0.39192,3.357393503189087,-86.5625
3.8232877254486084,-0.0351077,4.143048286437988,-0.0361621,4.751557350158691,0.799946,5.214686393737793,0.0995993,5.521439075469971,0.1606838,5.8567047119140625,0.1596692,6.508463144302368,0.392698,6.5434277057647705,-86.2969
7.022294521331787,-0.0351703,7.340099334716797,-0.0362355,7.965407609939575,0.801652,8.429572582244873,0.0996,8.74944281578064,0.1611041,9.068453073501587,0.1600811,9.69290041923523,0.393472,9.726808786392212,-86.0391
10.188596248626709,-0.0352358,10.507487773895264,-0.036305,11.116198301315308,0.803317,11.577899932861328,0.0995992,11.885887384414673,0.1615067,12.221842765808105,0.1604764,12.87526249885559,0.394196,12.908941745758057,-85.8125
13.367986679077148,-0.0352945,13.687469005584717,-0.0363716,14.31252145767212,0.804902,14.777247428894043,0.0995989,15.09903621673584,0.1619021,15.44915771484375,0.1608695,16.057812452316284,0.394926,16.090721607208252,-85.4688
16.568915128707886,-0.0353534,16.88805055618286,-0.0364378,17.496216773986816,0.806498,17.959531545639038,0.0995991,18.280336618423462,0.1622876,18.59733533859253,0.1612436,19.222318410873413,0.395639,19.25619626045227,-85.375
19.73471236228943,-0.0354115,20.057732820510864,-0.0365012,20.71073341369629,0.808054,21.174716234207153,0.0995991,21.494385957717896,0.1626697,21.830475091934204,0.1616201,22.43812370300293,0.396346,22.471506357192993,-85.1094
22.949830293655396,-0.0354696,23.268859148025513,-0.036567,23.893372058868408,0.809573,24.357234716415405,0.0995982,24.67994213104248,0.163042,25.030949592590332,0.1619862,25.68433928489685,0.397032,25.716253519058228,-84.8672
26.179980278015137,-0.0355287,26.49865984916687,-0.03663,27.106857538223267,0.811071,27.57019877433777,0.0995985,27.89323878288269,0.1634096,28.243871688842773,0.1623469,28.897475481033325,0.397699,28.92945122718811,-84.625
29.38942289352417,-0.0355843,29.712987899780273,-0.0366897,30.33666706085205,0.812539,30.800652503967285,0.0995992,31.12433099746704,0.1637715,31.4720675945282,0.1627022,32.095905780792236,0.398351,32.128819942474365,-84.4141
32.59162878990173,-0.0356382,32.912004709243774,-0.0367514,33.53542518615723,0.81397,33.999176263809204,0.0995985,34.31907272338867,0.1641235,34.64175796508789,0.1630444,35.29477047920227,0.399012,35.32865071296692,-84.2344
35.790156841278076,-0.0356917,36.113651752471924,-0.0368111,36.76628351211548,0.815389,37.230061292648315,0.0995994,37.55291557312012,0.1644748,37.86896896362305,0.1633894,38.49341797828674,0.39963,38.528324127197266,-84.0078
39.00316643714905,-0.0357445,39.32409596443176,-0.0368709,39.94870591163635,0.816775,40.408461570739746,0.0995988,40.719282388687134,0.1648137,41.07108759880066,0.1637253,41.72357988357544,0.40027,41.759477615356445,-83.7969
42.235255002975464,-0.0357979,42.55115246772766,-0.0369283,43.17396521568298,0.818152,43.644787311553955,0.099599,43.996410608291626,0.1651567,44.35027599334717,0.1640635,45.00199818611145,0.400897,45.04226207733154,-83.6406
45.52972650527954,-0.0358493,45.85257411003113,-0.0369854,46.501113414764404,0.819524,46.96894454956055,0.0995994,47.29112672805786,0.1654983,47.63978290557861,0.1643992,48.26340317726135,0.401502,48.30030393600464,-83.3984
48.77430844306946,-0.0359007,49.09798526763916,-0.0370413,49.735300064086914,0.820873,50.21476221084595,0.0995994,50.53410792350769,0.1658263,50.856762647628784,0.1647159,51.510541915893555,0.402122,51.54843878746033,-83.2031
52.02037477493286,-0.0359482,52.3410370349884,-0.0370952,52.96575927734375,0.82218,53.44544744491577,0.0995989,53.76532530784607,0.1661474,54.08818960189819,0.1650325,54.740278244018555,0.402697,54.780672788619995,-83.0859
55.250818729400635,-0.035995,55.587430000305176,-0.0371475,56.21204614639282,0.823464,56.690011501312256,0.0995992,57.011634349823,0.1664681,57.33441615104675,0.1653471,57.98608899116516,0.403275,58.025978565216064,-82.8438
58.495399951934814,-0.0360444,58.81760239601135,-0.0372014,59.437973499298096,0.82473,59.90099287033081,0.0996,60.222219944000244,0.1667794,60.54182410240173,0.1656514,61.14907717704773,0.403854,61.185014724731445,-82.7344
61.66321587562561,-0.0360911,61.985124349594116,-0.0372519,62.60795879364014,0.825949,63.07165217399597,0.099599,63.39151382446289,0.1670815,63.711429834365845,0.1659479,64.33430361747742,0.404393,64.37021827697754,-82.5391
64.84678912162781,-0.0361365,65.1668758392334,-0.0373034,65.78655481338501,0.827161,66.25391745567322,0.0995993,66.57369089126587,0.1673791,66.89760828018188,0.1662399,67.53422260284424,0.404931,67.57076859474182,-82.3828
68.04592251777649,-0.0361795,68.36750364303589,-0.037352,69.02139377593994,0.828369,69.48420906066895,0.0995994,69.78849220275879,0.1676791,70.10793876647949,0.1665353,70.73261880874634,0.4055,70.76749634742737,-82.25
71.24436807632446,-0.0362269,71.56695222854614,-0.0374024,72.21986079216003,0.829576,72.68395471572876,0.0996001,72.98955607414246,0.1679742,73.32427310943604,0.1668256,73.96097207069397,0.406033,74.00712776184082,-82.0078
74.47363519668579,-0.0362728,74.79736876487732,-0.0374537,75.44853711128235,0.830769,75.90991306304932,0.0995994,76.2192177772522,0.168267,76.51777076721191,0.1671117,77.12916684150696,0.406549,77.15808916091919,-81.8516
77.6241180896759,-0.0363158,77.92484712600708,-0.0375017,78.53572797775269,0.831883,78.9994728565216,0.0995993,79.30247688293457,0.1685458,79.60694074630737,0.1673826,80.2148790359497,0.40706,80.24407362937927,-81.6094
80.70986294746399,-0.0363574,81.03087878227234,-0.037547,81.63815259933472,0.833005,82.1026668548584,0.0995993,82.42461490631104,0.1688209,82.7443037033081,0.1676583,83.39799523353577,0.407591,83.4279134273529,-81.5156
83.8937668800354,-0.0364023,84.21360540390015,-0.0375964,84.82130670547485,0.834136,85.28485584259033,0.0995985,85.58684825897217,0.1691013,85.89530682563782,0.1679298,86.51574277877808,0.408084,86.54466891288757,-81.3516
87.0121841430664,-0.0364418,87.33108830451965,-0.0376423,87.93974423408508,0.835223,88.40419960021973,0.0996001,88.72246050834656,0.1693737,89.04621124267578,0.1681988,89.68188691139221,0.408585,89.71219396591187,-81.2266
90.17830777168274,-0.0364833,90.50049233436584,-0.0376873,91.1381402015686,0.836348,91.59803771972656,0.0995993,91.90536713600159,0.1696468,92.20974111557007,0.1684684,92.81631135940552,0.409063,92.84620213508606,-81.0859
93.3129951953888,-0.036526,93.632821559906,-0.037733,94.24266529083252,0.837407,94.71947717666626,0.0995997,95.04046058654785,0.1699135,95.39028286933899,0.1687346,95.9978723526001,0.409564,96.02778840065002,-80.875
96.4938805103302,-0.0365662,96.80185580253601,-0.037778,97.43804121017456,0.838484,97.90355730056763,0.0995995,98.21992874145508,0.1701823,98.54095125198364,0.1689953,99.14996719360352,0.41005,99.18032932281494,-80.8281
99.64570879936218,-0.036606,99.96846532821655,-0.0378222,100.62116193771362,0.83957,101.08387422561646,0.0995993,101.4047315120697,0.1704484,101.72443056106567,0.1692568,102.33280992507935,0.410528,102.36579775810242,-80.6328
102.83970999717712,-0.0366472,103.15951371192932,-0.0378679,103.76761174201965,0.840621,104.23137092590332,0.0995995,104.53933811187744,0.170709,104.83908128738403,0.1695133,105.44695353507996,0.411003,105.49008250236511,-80.4297
105.96057629585266,-0.0366891,106.2793140411377,-0.037913,106.88994646072388,0.841649,107.3536593914032,0.0995998,107.67658686637878,0.1709661,108.02529406547546,0.1697703,108.64901065826416,0.411476,108.68089199066162,-80.3516
109.14479970932007,-0.0367282,109.46173810958862,-0.0379564,110.07144093513489,0.842691,110.53523278236389,0.0995994,110.8373475074768,0.1712267,111.16217827796936,0.17002,111.81490135192871,0.411957,111.84684920310974,-80.25
112.30645179748535,-0.0367662,112.62681436538696,-0.0379988,113.23693108558655,0.843732,113.70254421234131,0.0996,114.02235865592957,0.1714844,114.33917260169983,0.1702759,114.96587657928467,0.4124,114.99721455574036,-80.0938
115.45735812187195,-0.0368041,115.76602387428284,-0.0380421,116.37035965919495,0.84475,116.8359842300415,0.0995992,117.15989327430725,0.1717364,117.51074743270874,0.1705258,118.16345977783203,0.41288,118.19536828994751,-79.8672
118.65805745124817,-0.0368421,118.99882864952087,-0.038084,119.64742827415466,0.845803,120.1141448020935,0.0995993,120.43209981918335,0.1719981,120.75390815734863,0.1707815,121.37769627571106,0.413346,121.40961122512817,-79.8672
121.88929915428162,-0.0368839,122.21310591697693,-0.0381277,122.86581873893738,0.84683,123.33256030082703,0.0995987,123.65239071846008,0.1722566,123.98425078392029,0.171036,124.60883021354675,0.413817,124.64489316940308,-79.6484
125.12076544761658,-0.0369242,125.4425802230835,-0.0381729,126.09541487693787,0.847852,126.558917760849,0.0995995,126.87895178794861,0.1725105,127.23089981079102,0.1712874,127.83855891227722,0.41428,127.87385678291321,-79.4531
128.35080695152283,-0.0369634,128.6725115776062,-0.0382154,129.31090545654297,0.848861,129.77380466461182,0.0995991,130.09348845481873,0.1727628,130.4118196964264,0.1715338,131.02085638046265,0.414727,131.0567615032196,-79.4297
131.53319263458252,-0.0370001,131.85598278045654,-0.0382559,132.50866627693176,0.849844,132.97158813476562,0.0995985,133.29438710212708,0.1730108,133.64150595664978,0.1717812,134.26770663261414,0.415179,134.30362844467163,-79.2031
134.77705264091492,-0.0370384,135.0980932712555,-0.0382991,135.72205662727356,0.850873,136.18575811386108,0.0995995,136.50956654548645,0.1732635,136.86142945289612,0.1720294,137.51306772232056,0.41566,137.54676508903503,-79.125
138.00985550880432,-0.0370776,138.32879495620728,-0.038342,138.93745279312134,0.851874,139.40030026435852,0.0995996,139.72304558753967,0.173519,140.07288312911987,0.172282,140.69472670555115,0.416112,140.72861909866333,-79.0
141.20751547813416,-0.0371158,141.529705286026,-0.0383851,142.15122890472412,0.852915,142.61095547676086,0.0995988,142.9189522266388,0.1737755,143.2219638824463,0.1725297,143.84686636924744,0.416571,143.877783536911,-78.8203
144.3431499004364,-0.0371543,144.6595058441162,-0.0384274,145.2700710296631,0.853924,145.733895778656,0.0995984,146.05669116973877,0.1740275,146.40795063972473,0.1727818,147.06116700172424,0.417033,147.09205532073975,-78.7422
147.55688881874084,-0.0371949,147.8756239414215,-0.038471,148.48443746566772,0.854961,148.9472794532776,0.0995988,149.26898956298828,0.174288,149.5886673927307,0.1730352,150.1954779624939,0.417511,150.22636651992798,-78.6016
150.6900339126587,-0.0372337,151.01105380058289,-0.0385143,151.6187596321106,0.855986,152.08165550231934,0.0995996,152.38939094543457,0.1745438,152.71723413467407,0.1732881,153.3299057483673,0.417962,153.3604612350464,-78.4141
153.8256630897522,-0.0372718,154.14267945289612,-0.0385579,154.74920439720154,0.85702,155.21690225601196,0.0995998,155.52290153503418,0.1748008,155.85471200942993,0.1735419,156.46384382247925,0.418435,156.49475932121277,-78.25
156.95940732955933,-0.0373108,157.27987670898438,-0.0386019,157.88391971588135,0.85806,158.35089349746704,0.0995984,158.65595865249634,0.1750613,158.97186040878296,0.1737946,159.5986659526825,0.418907,159.63058042526245,-78.2188
160.0943684577942,-0.0373534,160.41715717315674,-0.0386469,161.0699245929718,0.859107,161.53254866600037,0.099599,161.84052324295044,0.1753238,162.17400789260864,0.1740565,162.79251790046692,0.419382,162.8263921737671,-78.1094
163.30414819717407,-0.0373954,163.63157773017883,-0.0386933,164.26821327209473,0.860179,164.7319896221161,0.0995996,165.05167531967163,0.1755925,165.3746461868286,0.1743195,166.0262451171875,0.419872,166.0573709011078,-77.8594
166.52303957939148,-0.0374346,166.83978700637817,-0.0387366,167.44996523857117,0.86125,167.91415095329285,0.0995996,168.23402333259583,0.1758602,168.5397174358368,0.1745845,169.16073298454285,0.420351,169.19264721870422,-77.7813
169.65718460083008,-0.0374768,169.9771420955658,-0.0387836,170.58482956886292,0.862322,171.0467495918274,0.0995998,171.35465359687805,0.1761243,171.68654870986938,0.1748436,172.31206512451172,0.420837,172.34298396110535,-77.6719
172.806902885437,-0.0375185,173.12669563293457,-0.0388293,173.73494839668274,0.863378,174.19819688796997,0.0995988,174.5051417350769,0.1763921,174.84135723114014,0.1751087,175.49433064460754,0.421323,175.52624559402466,-77.5547
175.99008464813232,-0.0375611,176.3051335811615,-0.0388759,176.91768789291382,0.864474,177.38143157958984,0.0995998,177.687433719635,0.1766647,178.02213525772095,0.1753789,178.67678499221802,0.421825,178.70869898796082,-77.4922
179.17160725593567,-0.0376024,179.49132013320923,-0.0389214,180.11571669578552,0.865572,180.57985019683838,0.0996005,180.89970207214355,0.1769431,181.21525406837463,0.1756503,181.82627654075623,0.422331,181.8585877418518,-77.2266
182.3383071422577,-0.0376452,182.6562991142273,-0.0389693,183.2645194530487,0.866681,183.7282519340515,0.0995998,184.0490279197693,0.177215,184.37283968925476,0.1759212,185.02470350265503,0.422837,185.05661797523499,-77.1641
185.52019548416138,-0.0376884,185.84358882904053,-0.0390158,186.4968011379242,0.867806,186.95973229408264,0.0995989,187.2825412750244,0.1774997,187.63429474830627,0.1762024,188.28691411018372,0.423344,188.32192993164062,-77.0078
188.7819697856903,-0.0377326,189.1055588722229,-0.0390632,189.75896835327148,0.868949,190.22216987609863,0.0995995,190.54267048835754,0.1777868,190.84225416183472,0.1764797,191.45416140556335,0.423858,191.48807096481323,-76.8516
191.96595191955566,-0.0377744,192.3017361164093,-0.0391095,192.91027688980103,0.870065,193.37617468833923,0.099599,193.6963677406311,0.1780671,194.02753973007202,0.1767572,194.6326973438263,0.424377,194.66413950920105,-76.7109
195.13225650787354,-0.037819,195.44974088668823,-0.0391593,196.05974555015564,0.871184,196.52260088920593,0.0995996,196.82909679412842,0.1783461,197.16620111465454,0.1770345,197.8179018497467,0.424879,197.84981632232666,-76.5781
198.3136863708496,-0.0378629,198.63658237457275,-0.0392077,199.28712940216064,0.872335,199.7537739276886,0.0995996,200.07375526428223,0.1786364,200.39645171165466,0.1773178,201.04912161827087,0.425408,201.08003425598145,-76.4219
201.5448534488678,-0.0379057,201.8633589744568,-0.0392566,202.46821880340576,0.873497,202.93355321884155,0.0995996,203.23609328269958,0.1789222,203.54224729537964,0.1776002,204.15098762512207,0.42592,204.18392968177795,-76.3438
204.66346883773804,-0.0379515,204.98539686203003,-0.0393059,205.63542819023132,0.874629,206.10258626937866,0.0996,206.4247419834137,0.1792101,206.77295970916748,0.1778868,207.3780016899109,0.426443,207.4109423160553,-76.1875
207.87770557403564,-0.0379948,208.1965208053589,-0.0393532,208.80504727363586,0.875794,209.26818418502808,0.0995993,209.57511639595032,0.1794989,209.90712785720825,0.1781675,210.5324206352234,0.426964,210.56374597549438,-75.8906
211.04096174240112,-0.0380398,211.36316871643066,-0.0394016,211.96870756149292,0.876948,212.43381452560425,0.099599,212.7374198436737,0.1797883,213.05899453163147,0.1784522,213.6818060874939,0.4275,213.7133378982544,-75.8906
214.17754650115967,-0.0380831,214.4969780445099,-0.0394482,215.10541892051697,0.878098,215.56986665725708,0.0995997,215.87086367607117,0.1800759,216.19567847251892,0.1787386,216.81719541549683,0.428008,216.85107493400574,-75.7344
217.3260748386383,-0.038128,217.63288688659668,-0.0394982,218.2386076450348,0.879249,218.70350885391235,0.0995994,219.0273642539978,0.1803671,219.37849044799805,0.1790282,219.99908351898193,0.428554,220.0308656692505,-75.5781
220.49496746063232,-0.0381724,220.81402397155762,-0.0395485,221.4384162425995,0.880456,221.9011745452881,0.0995988,222.22180891036987,0.1806667,222.57360649108887,0.1793217,223.1770372390747,0.429101,223.21091628074646,-75.4688
223.67315244674683,-0.0382179,223.9943926334381,-0.0395982,224.60022258758545,0.88163,225.06879258155823,0.0995995,225.38648295402527,0.1809633,225.70631098747253,0.1796119,226.31616282463074,0.429634,226.34854459762573,-75.4688
226.81178617477417,-0.0382628,227.13173627853394,-0.0396477,227.75456190109253,0.882806,228.21989250183105,0.0995991,228.54145336151123,0.1812593,228.89365577697754,0.1799077,229.54602718353271,0.430181,229.5769443511963,-75.2656
230.0553388595581,-0.0383101,230.38114047050476,-0.0397,231.03281545639038,0.884058,231.49755930900574,0.0995995,231.815687417984,0.1815683,232.1402313709259,0.1802084,232.7929437160492,0.430753,232.82635116577148,-74.9531
233.28883934020996,-0.0383575,233.60434532165527,-0.0397508,234.21558046340942,0.885269,234.6794397830963,0.0995987,234.985613822937,0.1818694,235.3219118118286,0.1805059,235.97498846054077,0.431308,236.010174036026,-74.9531
236.48628067970276,-0.0384032,236.80692434310913,-0.0398025,237.42968559265137,0.886478,237.89335227012634,0.0995995,238.21720838546753,0.1821744,238.56502103805542,0.180809,239.17271733283997,0.431849,239.20560097694397,-74.7656
239.68547439575195,-0.038451,240.00822353363037,-0.0398534,240.62902331352234,0.887694,241.09285807609558,0.0995985,241.40811157226562,0.1824816,241.71948862075806,0.1811082,242.3402018547058,0.432407,242.37410879135132,-74.5
242.83588242530823,-0.0384964,243.1511595249176,-0.0399056,243.75913953781128,0.888898,244.2251706123352,0.0995997,244.54699802398682,0.1827802,244.86639404296875,0.1814044,245.4740822315216,0.432944,245.50731825828552,-74.3438
245.96872854232788,-0.0385425,246.28907012939453,-0.0399545,246.91421675682068,0.890105,247.37749099731445,0.0995995,247.7002818584442,0.1830846,248.05008506774902,0.1817056,248.66890406608582,0.433496,248.70480847358704,-74.3125
249.16766905784607,-0.0385895,249.48796391487122,-0.0400069,250.11147046089172,0.89132,250.57470035552979,0.0996002,250.89495372772217,0.1833958,251.21297097206116,0.1820074,251.82002091407776,0.434059,251.86093974113464,-74.125
252.3349277973175,-0.0386358,252.6538028717041,-0.0400583,253.2784333229065,0.892565,253.74216222763062,0.0995991,254.05900502204895,0.1837024,254.380868434906,0.1823103,254.98886013031006,0.434624,255.0227689743042,-74.0156
255.50134897232056,-0.0386827,255.8211977481842,-0.0401103,256.44454407691956,0.893797,256.9078059196472,0.099599,257.2264873981476,0.1840113,257.55125617980957,0.1826157,258.20393919944763,0.435181,258.24083638191223,-73.7969
258.71461606025696,-0.0387311,259.0374114513397,-0.0401613,259.68982100486755,0.895071,260.1519150733948,0.0995992,260.45804929733276,0.1843284,260.76555466651917,0.1829283,261.40121054649353,0.435757,261.4350893497467,-73.75
261.8971657752991,-0.0387804,262.2163841724396,-0.0402152,262.84055399894714,0.896305,263.301864862442,0.0996006,263.6119968891144,0.1846411,263.93186473846436,0.1832357,264.5837411880493,0.436344,264.61662340164185,-73.5938
265.07959032058716,-0.0388283,265.4024586677551,-0.0402688,266.05133724212646,0.89757,266.5189962387085,0.0995996,266.8415148258209,0.1849607,267.19293189048767,0.1835541,267.84677290916443,0.43692,267.8796844482422,-73.4219
268.35768127441406,-0.0388771,268.67734932899475,-0.0403232,269.2861123085022,0.898856,269.7504119873047,0.0995989,270.06964921951294,0.1852816,270.3918867111206,0.1838679,271.0451593399048,0.4375,271.0780680179596,-73.2656
271.54073309898376,-0.0389273,271.8607268333435,-0.0403771,272.4833953380585,0.900147,272.94818568229675,0.0995997,273.27102518081665,0.1856018,273.5868937969208,0.1841849,274.2085416316986,0.438089,274.243896484375,-73.0703
274.7227268218994,-0.0389768,275.04581665992737,-0.0404308,275.6977744102478,0.901425,276.15777611732483,0.0995993,276.4813621044159,0.1859279,276.8011894226074,0.184503,277.42487955093384,0.438685,277.4605667591095,-72.8984
277.93768095970154,-0.0390248,278.2564539909363,-0.0404855,278.86516761779785,0.902707,279.3288917541504,0.0995999,279.6508810520172,0.1862476,280.00272488594055,0.1848228,280.65539932250977,0.439288,280.68930196762085,-72.8047
281.15136885643005,-0.0390763,281.4743478298187,-0.040542,282.1266312599182,0.904027,282.58660101890564,0.0995992,282.9068763256073,0.1865792,283.22672486305237,0.1851479,283.8361291885376,0.439871,283.8740990161896,-72.6484
284.3475465774536,-0.0391247,284.6862277984619,-0.0405949,285.3099117279053,0.905324,285.77367639541626,0.0995996,286.09631419181824,0.1869049,286.4417824745178,0.185472,287.0644488334656,0.440477,287.1063539981842,-72.3828
287.58029961586,-0.039176,287.9035804271698,-0.0406502,288.5535809993744,0.906664,289.0200276374817,0.0995992,289.3428328037262,0.1872397,289.6887309551239,0.1858033,290.29521131515503,0.441087,290.33127880096436,-72.2891
290.811053276062,-0.0392283,291.13385939598083,-0.040706,291.78433632850647,0.908002,292.2493963241577,0.0995996,292.5556151866913,0.1875736,292.87602972984314,0.1861266,293.5136082172394,0.441705,293.54648900032043,-72.1563
294.00933170318604,-0.0392783,294.3321964740753,-0.0407608,294.98522686958313,0.909329,295.4637987613678,0.0996011,295.78361082077026,0.1879092,296.10249948501587,0.1864579,296.7274339199066,0.442291,296.76233863830566,-71.9688
297.2389326095581,-0.0393276,297.5619955062866,-0.0408173,298.2144877910614,0.910681,298.6762146949768,0.099599,299.0018455982208,0.1882455,299.3529734611511,0.1867942,300.0056052207947,0.442934,300.0405809879303,-71.8281
300.51515007019043,-0.0393803,300.8379907608032,-0.040873,301.46176505088806,0.912046,301.94078302383423,0.0995991,302.2593324184418,0.1885902,302.58110332489014,0.1871291,303.20255184173584,0.443548,303.23945236206055,-71.7188
303.71552991867065,-0.0394305,304.03534984588623,-0.0409303,304.66004967689514,0.913405,305.1238212585449,0.0996005,305.44662857055664,0.1889295,305.7954144477844,0.1874682,306.4180226325989,0.444173,306.4539375305176,-71.6094
306.92979979515076,-0.0394841,307.2536315917969,-0.0409854,307.8741455078125,0.914772,308.33810019493103,0.0995994,308.65633964538574,0.1892704,308.97783279418945,0.1878001,309.58855056762695,0.444794,309.64373660087585,-71.4531
310.11230850219727,-0.0395348,310.4361324310303,-0.0410427,311.0878908634186,0.916143,311.5516662597656,0.0996002,311.8696324825287,0.1896163,312.1943953037262,0.1881414,312.81652665138245,0.445418,312.84994649887085,-71.1797
313.32602858543396,-0.0395893,313.650048494339,-0.0411016,314.26628041267395,0.917492,314.7348749637604,0.0995993,315.0577812194824,0.1899604,315.405965089798,0.1884862,316.0148196220398,0.446063,316.0485129356384,-70.9609
316.5251410007477,-0.0396417,316.8487899303436,-0.0411598,317.5003442764282,0.918917,317.96523571014404,0.0995997,318.2850604057312,0.1903106,318.6078646183014,0.188827,319.26068592071533,0.446698,319.29559087753296,-70.9297
319.7719473838806,-0.0396957,320.09382462501526,-0.0412189,320.7465732097626,0.920311,321.2233738899231,0.0995986,321.54252219200134,0.1906659,321.8708498477936,0.1891747,322.52186465263367,0.447343,322.5577609539032,-70.7344
323.03345918655396,-0.0397493,323.3512454032898,-0.0412784,323.9779260158539,0.921712,324.44083189964294,0.0996004,324.7575032711029,0.1910168,325.0783176422119,0.1895235,325.7049026489258,0.447978,325.74080514907837,-70.4688
326.2159209251404,-0.0398014,326.5357403755188,-0.0413333,327.15861916542053,0.923089,327.62365436553955,0.0996011,327.94204688072205,0.191368,328.2660572528839,0.1898665,328.91905188560486,0.448605,328.9559519290924,-70.3438
329.42809867858887,-0.0398537,329.750953912735,-0.0413941,330.3741784095764,0.924499,330.835458278656,0.0995996,331.14445781707764,0.1917207,331.4790847301483,0.1902181,332.1145670413971,0.449257,332.14747500419617,-70.2109
332.6126973628998,-0.039908,332.9323799610138,-0.0414521,333.55710101127625,0.92591,334.0209581851959,0.0996002,334.3438401222229,0.1920752,334.6948490142822,0.1905703,335.3452961444855,0.449916,335.38020277023315,-69.9922
335.8440628051758,-0.0399635,336.1639106273651,-0.0415118,336.78763604164124,0.927339,337.25139355659485,0.0995996,337.57421112060547,0.1924344,337.9203782081604,0.1909242,338.5464611053467,0.450572,338.581374168396,-70.0078
339.0574450492859,-0.0400181,339.3812687397003,-0.0415715,340.0329358577728,0.928785,340.4977676868439,0.0995998,340.8184072971344,0.1927965,341.1362729072571,0.1912789,341.76087260246277,0.45124,341.7969627380371,-69.7656
342.2719223499298,-0.0400726,342.594610452652,-0.0416322,343.2438311576843,0.930217,343.7078683376312,0.0995992,344.0316686630249,0.1931586,344.35389399528503,0.1916349,345.00375151634216,0.451896,345.04096698760986,-69.5156
345.5187916755676,-0.0401293,345.8386607170105,-0.0416951,346.4625105857849,0.931672,346.92629861831665,0.0995996,347.249130487442,0.1935224,347.59795570373535,0.191998,348.22165298461914,0.452547,348.2585530281067,-69.3672
348.73134756088257,-0.0401863,349.04850220680237,-0.0417558,349.6608610153198,0.933113,350.12422037124634,0.0995995,350.4463999271393,0.1938846,350.76725220680237,0.1923526,351.4190034866333,0.45322,351.4549059867859,-69.2109
351.9157109260559,-0.0402418,352.2343018054962,-0.0418157,352.85772371292114,0.934557,353.32236552238464,0.0996001,353.64291405677795,0.1942493,353.96233439445496,0.1927103,354.5702884197235,0.45386,354.60760831832886,-69.0859
355.0812621116638,-0.0402969,355.40488624572754,-0.041876,356.05754709243774,0.935998,356.51827669143677,0.0995992,356.8242573738098,0.1946115,357.1410264968872,0.1930676,357.751930475235,0.454533,357.78883147239685,-68.9531
358.2636511325836,-0.0403511,358.5826692581177,-0.041937,359.18844056129456,0.937412,359.65496730804443,0.0995993,359.9748020172119,0.1949719,360.29471826553345,0.1934233,360.9027614593506,0.455187,360.9409112930298,-68.6563
361.4149751663208,-0.0404051,361.72985100746155,-0.0419954,362.3586277961731,0.938854,362.82201981544495,0.099599,363.1409513950348,0.1953365,363.46035838127136,0.1937816,364.0687518119812,0.455848,364.1056559085846,-68.4922
364.5810830593109,-0.0404618,364.9012231826782,-0.0420579,365.52128410339355,0.940311,365.98850774765015,0.0995997,366.31058263778687,0.1956995,366.66326808929443,0.1941464,367.313946723938,0.456535,367.34888315200806,-68.3281
367.8110809326172,-0.0405144,368.1344337463379,-0.0421157,368.78706526756287,0.941802,369.24884366989136,0.0995993,369.5696635246277,0.1960752,369.88890409469604,0.194513,370.51416778564453,0.4572,370.5480468273163,-68.2422
371.0259475708008,-0.0405718,371.3424868583679,-0.0421766,371.95294857025146,0.943249,372.41726303100586,0.0995995,372.7401080131531,0.1964408,373.08868932724,0.1948774,373.71179151535034,0.45787,373.746698141098,-68.0781
374.223671913147,-0.0406264,374.5438528060913,-0.0422348,375.1670870780945,0.944716,375.6310706138611,0.0995989,375.94912481307983,0.1968122,376.30206871032715,0.1952451,376.91105008125305,0.45855,376.9469540119171,-67.9297
377.4367458820343,-0.040684,377.7732298374176,-0.0422997,378.39830231666565,0.946213,378.862069606781,0.0995995,379.18481183052063,0.1971891,379.5168101787567,0.1956106,380.125248670578,0.459219,380.161696434021,-67.7266
380.63618874549866,-0.0407416,380.95986008644104,-0.0423603,381.6125876903534,0.947689,382.0745213031769,0.0995997,382.395081281662,0.1975616,382.7150332927704,0.1959784,383.33614230155945,0.459903,383.3754105567932,-67.4844
383.84946751594543,-0.040797,384.1692409515381,-0.0424232,384.7940077781677,0.94915,385.2578134536743,0.0995994,385.57765340805054,0.197932,385.8990390300751,0.1963437,386.5500214099884,0.460589,386.5877649784088,-67.3203
387.0625636577606,-0.0408553,387.3888256549835,-0.0424871,388.0399475097656,0.950644,388.50385570526123,0.0995995,388.8273112773895,0.1983126,389.1789176464081,0.196724,389.8156096935272,0.461274,389.84951853752136,-67.125
390.3275218009949,-0.0409121,390.6500835418701,-0.042549,391.3027038574219,0.952156,391.7670953273773,0.0995996,392.0900902748108,0.1986921,392.4417464733124,0.1970974,393.0946764945984,0.461979,393.1305797100067,-66.8828
393.60279870033264,-0.0409699,393.92564606666565,-0.0426111,394.54992938041687,0.953652,395.008727312088,0.0995991,395.33046674728394,0.1990724,395.6523253917694,0.1974679,396.2770471572876,0.462651,396.31295132637024,-66.6875
396.7887487411499,-0.0410252,397.1106450557709,-0.0426737,397.7633490562439,0.95515,398.228004693985,0.0995999,398.54335832595825,0.1994488,398.85274386405945,0.1978391,399.48997354507446,0.463336,399.5268852710724,-66.7188
400.0031249523163,-0.0410836,400.32500767707825,-0.0427337,400.9616312980652,0.956633,401.4253363609314,0.0995999,401.74570322036743,0.1998223,402.066011428833,0.1982113,402.684832572937,0.464023,402.7277183532715,-66.4141
403.19690322875977,-0.0411393,403.52210330963135,-0.0427961,404.14487409591675,0.958099,404.604373216629,0.0995997,404.9276752471924,0.2001954,405.2506935596466,0.1985764,405.90309858322144,0.464686,405.94299054145813,-66.3203
406.4149880409241,-0.041195,406.73567819595337,-0.0428571,407.3750011920929,0.959605,407.8410530090332,0.0995992,408.17434573173523,0.2005775,408.4936738014221,0.1989536,409.1181671619415,0.465389,409.1560654640198,-66.1563
409.63291788101196,-0.0412528,409.9688410758972,-0.04292,410.61706805229187,0.961109,411.0852162837982,0.0995995,411.40506887435913,0.200958,411.7273507118225,0.1993269,412.34856843948364,0.466076,412.3839981555939,-65.8984
412.8573179244995,-0.0413103,413.18314480781555,-0.0429821,413.83205008506775,0.96261,414.2975389957428,0.0996002,414.6183798313141,0.2013346,414.93872332572937,0.1997007,415.56192803382874,0.466756,415.5978310108185,-65.8047
416.07334995269775,-0.0413681,416.3944408893585,-0.0430432,417.01767468452454,0.964076,417.4818465709686,0.0996002,417.80384945869446,0.2017084,418.1205644607544,0.200069,418.7612154483795,0.467445,418.7981131076813,-65.6406
419.27311277389526,-0.0414231,419.59473419189453,-0.043105,420.24774169921875,0.965576,420.7104330062866,0.0995986,421.03155994415283,0.2020886,421.35013484954834,0.2004437,421.97147154808044,0.468126,422.0123624801636,-65.4141
422.48710107803345,-0.0414813,422.80685210227966,-0.0431679,423.42801094055176,0.96706,423.89429998397827,0.099599,424.2145595550537,0.2024629,424.53743720054626,0.2008122,425.1891703605652,0.468815,425.22706627845764,-65.3203
425.6976020336151,-0.0415369,426.02063369750977,-0.0432291,426.64546847343445,0.968551,427.1080529689789,0.0995987,427.43191170692444,0.2028393,427.78370428085327,0.2011884,428.4354920387268,0.469507,428.47652101516724,-65.0781
428.9481348991394,-0.0415951,429.27012062072754,-0.0432918,429.9226279258728,0.970062,430.38543796539307,0.0995985,430.7042963504791,0.2032247,431.03014087677,0.2015636,431.6797709465027,0.470193,431.71729922294617,-64.9141
432.1934461593628,-0.0416535,432.5172839164734,-0.043356,433.1695590019226,0.971571,433.64970993995667,0.0996004,433.96953225135803,0.2036074,434.2915096282959,0.2019423,434.94500756263733,0.470892,434.9817523956299,-64.7031
435.45561361312866,-0.0417119,435.7757441997528,-0.0434184,436.3996858596802,0.973058,436.8654408454895,0.0995991,437.1831171512604,0.2039838,437.5031385421753,0.202316,438.12465715408325,0.47157,438.1629784107208,-64.5313
438.63854908943176,-0.041767,438.95755410194397,-0.0434787,439.58401918411255,0.974537,440.0743854045868,0.0995993,440.4011809825897,0.2043621,440.7480425834656,0.2026902,441.3729314804077,0.472272,441.4118278026581,-64.4297
441.8854031562805,-0.0418266,442.2049674987793,-0.0435461,442.8289222717285,0.976042,443.2917070388794,0.0996002,443.61255955696106,0.2047376,443.9323990345001,0.2030591,444.55462431907654,0.472949,444.59351992607117,-64.1406
445.06785798072815,-0.0418832,445.39061307907104,-0.0436065,446.02724146842957,0.977514,446.491028547287,0.099599,446.80874514579773,0.2051117,447.13287472724915,0.2034273,447.7503581047058,0.473629,447.78828382492065,-64.125
448.26606726646423,-0.041939,448.58890676498413,-0.0436684,449.24102807044983,0.97901,449.7024075984955,0.0995998,450.02739334106445,0.205484,450.3790669441223,0.2037988,451.0316927433014,0.474318,451.0685648918152,-63.8281
451.5442249774933,-0.0419977,451.8665773868561,-0.0437317,452.5190815925598,0.98051,452.9831304550171,0.099599,453.306116104126,0.2058675,453.6551237106323,0.2041768,454.27695536613464,0.475005,454.31485295295715,-63.7031
454.78764033317566,-0.0420541,455.1104688644409,-0.0437948,455.7312271595001,0.981999,456.1971275806427,0.0995998,456.5208671092987,0.2062444,456.87191247940063,0.2045451,457.52532029151917,0.475697,457.56388211250305,-63.5234
458.0371718406677,-0.0421113,458.3561198711395,-0.0438542,458.98038959503174,0.983471,459.4595296382904,0.0996,459.78311586380005,0.2066226,460.1350085735321,0.2049215,460.7875723838806,0.476389,460.8274657726288,-63.3906
461.2983293533325,-0.0421682,461.6216197013855,-0.043918,462.2734212875366,0.984985,462.7348666191101,0.0995983,463.0539937019348,0.2070034,463.3736834526062,0.2052916,464.0049834251404,0.477068,464.0650825500488,-63.2813
464.5618939399719,-0.0422245,464.8796331882477,-0.0439795,465.5049786567688,0.986465,465.9853777885437,0.0995998,466.3070034980774,0.2073811,466.6218762397766,0.2056643,467.2476644515991,0.477761,467.2845642566681,-62.9219
467.7594380378723,-0.0422806,468.0821328163147,-0.0440404,468.73543190956116,0.987964,469.2151093482971,0.0995987,469.53832626342773,0.2077543,469.8894729614258,0.2060377,470.5106339454651,0.478445,470.5485303401947,-62.8516
471.0222153663635,-0.0423409,471.3439939022064,-0.044105,471.9979214668274,0.989439,472.4596951007843,0.0996004,472.78451466560364,0.2081301,473.13636469841003,0.2064082,473.7864682674408,0.479162,473.827862739563,-62.7734
474.30132389068604,-0.0423971,474.61873388290405,-0.0441661,475.2442066669464,0.990939,475.7077784538269,0.0995994,476.03078413009644,0.2085039,476.3786334991455,0.2067782,477.00228476524353,0.47981,477.0421736240387,-62.625
477.51398754119873,-0.0424517,477.83788442611694,-0.0442249,478.48751497268677,0.992399,478.9502258300781,0.0995993,479.2770128250122,0.2088771,479.6250388622284,0.2071457,480.24923372268677,0.480501,480.2870991230011,-62.3516
480.76103925704956,-0.0425079,481.0841238498688,-0.0442859,481.7360076904297,0.993889,482.21163535118103,0.0995996,482.53176712989807,0.2092549,482.8555688858032,0.2075122,483.48213362693787,0.481189,483.5369379520416,-62.1797
484.00708770751953,-0.0425639,484.3291459083557,-0.0443467,484.9831519126892,0.99536,485.446879863739,0.0995991,485.768917798996,0.2096245,486.08859729766846,0.2078767,486.7422034740448,0.481864,486.78056955337524,-62.0234
487.2539267539978,-0.0426198,487.5770106315613,-0.0444071,488.2288453578949,0.996818,488.6952199935913,0.0996005,489.02905082702637,0.2099992,489.3488495349884,0.2082469,489.97225618362427,0.482536,490.01114988327026,-61.9219
490.4842655658722,-0.0426767,490.80384945869446,-0.0444685,491.42673921585083,0.998266,491.88815546035767,0.0995999,492.20985984802246,0.2103633,492.53411650657654,0.208607,493.18688106536865,0.483203,493.2237811088562,-61.7109
493.69842648506165,-0.0427316,494.0183656215668,-0.0445293,494.63822650909424,0.999714,495.1047291755676,0.0995999,495.4275200366974,0.2107303,495.7765140533447,0.2089734,496.3851547241211,0.483869,496.41806387901306,-61.5781
496.8970103263855,-0.0427864,497.2128632068634,-0.0445873,497.8396940231323,1.001164,498.3067433834076,0.0995997,498.62116742134094,0.2110948,498.9461488723755,0.2093299,499.56716561317444,0.484565,499.5990800857544,-61.3672
500.0631139278412,-0.0428396,500.3852744102478,-0.0446447,501.0386700630188,1.002601,501.50038743019104,0.0996002,501.8222391605377,0.2114601,502.14113759994507,0.2096909,502.74517488479614,0.485226,502.7780866622925,-61.1328
503.2454881668091,-0.042895,503.5615735054016,-0.0447056,504.1721451282501,1.004028,504.636798620224,0.0996002,504.9589653015137,0.2118137,505.3078212738037,0.2100435,505.9321882724762,0.485883,505.96510219573975,-61.1016
506.427898645401,-0.0429505,506.74652338027954,-0.0447669,507.3533890247345,1.005445,507.8161792755127,0.0996003,508.13697385787964,0.2121752,508.4548227787018,0.2103984,509.0656056404114,0.48654,509.09851694107056,-60.9531
509.57553815841675,-0.0430038,509.9003384113312,-0.0448251,510.52097630500793,1.006856,510.9855842590332,0.0996004,511.3052842617035,0.2125342,511.6275427341461,0.2107502,512.2633273601532,0.487192,512.2962415218353,-60.6953
512.7598829269409,-0.0430599,513.0827405452728,-0.0448857,513.7358038425446,1.008271,514.1991674900055,0.0996002,514.5191514492035,0.212896,514.8390100002289,0.2111061,515.4631607532501,0.487843,515.4959754943848,-60.5625
515.9561016559601,-0.043114,516.2788841724396,-0.0449438,516.8995404243469,1.009672,517.3647100925446,0.0996001,517.6732139587402,0.2132493,518.0056176185608,0.2114573,518.6296863555908,0.488499,518.6625971794128,-60.4141
519.1418056488037,-0.0431693,519.4642980098724,-0.0450034,520.1169512271881,1.011083,520.5799367427826,0.0995997,520.8875722885132,0.2136092,521.2214541435242,0.2118099,521.8739914894104,0.489155,521.9081723690033,-60.4922
522.367600440979,-0.0432246,522.6867482662201,-0.0450613,523.3106772899628,1.012481,523.7789311408997,0.0995998,524.0994644165039,0.2139653,524.4199380874634,0.2121611,525.0735263824463,0.489807,525.1076743602753,-60.25
525.5861027240753,-0.0432783,525.9086503982544,-0.045121,526.5605881214142,1.013966,527.0215692520142,0.0996001,527.3480739593506,0.2143284,527.6990923881531,0.212525,528.3518207073212,0.490517,528.3867027759552,-60.1797
528.8477547168732,-0.0433368,529.1654560565948,-0.045184,529.7751724720001,1.01538,530.238974571228,0.0995993,530.5615439414978,0.2146887,530.913715839386,0.2128809,531.5660126209259,0.491165,531.5989246368408,-60.0547
532.0642566680908,-0.043392,532.397430896759,-0.0452409,533.005654335022,1.01681,533.469954252243,0.0995999,533.7889728546143,0.2150501,534.1126565933228,0.2132383,534.7653069496155,0.491826,534.7981882095337,-59.9219
535.2601234912872,-0.043445,535.5809142589569,-0.0453002,536.1885762214661,1.018218,536.6503391265869,0.0996003,536.9721500873566,0.2154105,537.2881333827972,0.2135909,537.9156432151794,0.492474,537.9485561847687,-59.8906
538.426066160202,-0.0434988,538.7502000331879,-0.0453586,539.4022974967957,1.019634,539.8646292686462,0.0995996,540.189459323883,0.2157774,540.5372657775879,0.2139583,541.1580631732941,0.493147,541.1939368247986,-59.8203
541.6576509475708,-0.0435562,541.9745745658875,-0.0454203,542.6022348403931,1.021086,543.061133146286,0.0996,543.3839569091797,0.2161449,543.7037539482117,0.2143189,544.3116626739502,0.493814,544.344574213028,-59.7188
544.8231022357941,-0.043614,545.1426823139191,-0.0454812,545.7666027545929,1.022531,546.2317106723785,0.0996006,546.5540196895599,0.2165098,546.9022531509399,0.2146838,547.5264782905579,0.494491,547.5609929561615,-59.6719
548.0374987125397,-0.0436706,548.3604338169098,-0.0455435,549.013756275177,1.023996,549.477475643158,0.0995999,549.7924861907959,0.2168858,550.1172695159912,0.2150512,550.7245726585388,0.495166,550.7594788074493,-59.5859
551.2503244876862,-0.0437296,551.5753483772278,-0.0456049,552.228068113327,1.025469,552.6912415027618,0.0995993,553.0155880451202,0.217262,553.3586273193359,0.2154264,553.9860861301422,0.495868,554.0219879150391,-59.4766
554.4978203773499,-0.0437862,554.8169627189636,-0.0456662,555.4263410568237,1.026943,555.8883893489838,0.0995992,556.2089221477509,0.2176374,556.5447092056274,0.2157979,557.1693596839905,0.496551,557.2052321434021,-59.3906
557.6802806854248,-0.0438442,558.0031306743622,-0.0457263,558.6206948757172,1.028424,559.0875051021576,0.099599,559.4059588909149,0.2180148,559.7252321243286,0.2161684,560.335186958313,0.497232,560.3706753253937,-59.3047
560.8511464595795,-0.043901,561.183355808258,-0.0457893,561.8060758113861,1.029913,562.2698624134064,0.0996005,562.5905544757843,0.2183941,562.9111089706421,0.2165422,563.5311074256897,0.497924,563.5651578903198,-59.2734
564.029706954956,-0.0439581,564.3482112884521,-0.0458511,564.9694001674652,1.031386,565.4339551925659,0.0995991,565.7887003421783,0.218775,566.1275441646576,0.2169219,566.765346288681,0.498624,566.7994387149811,-59.2578
567.271585226059,-0.044016,567.5948603153229,-0.0459156,568.2234745025635,1.032907,568.7142622470856,0.0995997,569.0211751461029,0.219163,569.3559577465057,0.2173051,569.9784593582153,0.499326,570.0152380466461,-59.2422
570.4894335269928,-0.0440734,570.809285402298,-0.045977,571.4326522350311,1.03442,571.900506734848,0.0995995,572.2327401638031,0.2195503,572.5530369281769,0.2176873,573.1816046237946,0.50002,573.2394471168518,-59.3125
573.7197988033295,-0.0441346,574.0413830280304,-0.0460409,574.6631405353546,1.035957,575.1321396827698,0.0995994,575.4598143100739,0.219939,575.7700102329254,0.2180707,576.3911657333374,0.500733,576.4250454902649,-59.6406
576.8986613750458,-0.0441895,577.2267048358917,-0.046103,577.8463838100433,1.037466,578.3108260631561,0.0995996,578.6299242973328,0.2203255,578.9497513771057,0.2184526,579.5704448223114,0.501432,579.6062805652618,-60.6953
580.0691893100739,-0.044249,580.3860509395599,-0.0461659,580.9967029094696,1.03897,581.4596693515778,0.0995997,581.7803120613098,0.2207086,582.1031472682953,0.2188304,582.7199354171753,0.502129,582.7588059902191,-62.1484
583.2148764133453,-0.0443069,583.5366146564484,-0.046228,584.1620221138,1.040469,584.6257846355438,0.0995992,584.9445946216583,0.2210958,585.2691831588745,0.2192136,585.8901643753052,0.502824,585.924045085907,-61.5469
586.3859124183655,-0.0443672,586.7078547477722,-0.0462936,587.3613970279694,1.042003,587.8246207237244,0.0995993,588.1401116847992,0.2214883,588.4510021209717,0.2196011,589.0877311229706,0.503533,589.1227126121521,-61.7109
589.581401348114,-0.0444268,589.9032075405121,-0.0463575,590.5272147655487,1.043528,590.9912075996399,0.0996004,591.2925388813019,0.2218779,591.6191248893738,0.2199905,592.2546579837799,0.504246,592.2895622253418,-62.2813
592.7505328655243,-0.044486,593.0699741840363,-0.0464193,593.6897094249725,1.045053,594.1587319374084,0.0995997,594.4755821228027,0.2222705,594.8013646602631,0.2203733,595.4518883228302,0.504965,595.4867949485779,-62.0703
595.9647657871246,-0.0445448,596.279834985733,-0.0464853,596.8882985115051,1.046603,597.3581154346466,0.0995999,597.6748201847076,0.2226658,597.9947183132172,0.2207669,598.6174283027649,0.505677,598.6513085365295,-62.2188
599.1142046451569,-0.0446033,599.4389898777008,-0.0465484,600.0903794765472,1.048153,600.5505521297455,0.0995993,600.8760073184967,0.2230633,601.2242248058319,0.2211632,601.8475098609924,0.506404,601.89044713974,-62.0547
602.3615598678589,-0.0446675,602.6784017086029,-0.0466145,603.3050365447998,1.049719,603.766092300415,0.0995994,604.0768411159515,0.2234632,604.4108211994171,0.2215543,605.0512363910675,0.507125,605.0881657600403,-62.0234
605.5632181167603,-0.0447241,605.8764646053314,-0.0466792,606.4892177581787,1.051275,606.9645450115204,0.0995984,607.29203748703,0.223862,607.6089968681335,0.2219501,608.2331981658936,0.507849,608.2858211994171,-62.5781
608.7624201774597,-0.0447846,609.0933210849762,-0.046745,609.6994006633759,1.052838,610.1680002212524,0.0996003,610.4882245063782,0.2242649,610.8212177753448,0.2223471,611.4443190097809,0.50857,611.480094909668,-63.0859
611.9532322883606,-0.0448447,612.2743258476257,-0.0468079,612.8962738513947,1.054401,613.3792023658752,0.0995994,613.703547000885,0.2246667,614.0551788806915,0.2227489,614.7037038803101,0.509318,614.7461814880371,-63.1641
615.2231435775757,-0.0449073,615.550947189331,-0.0468749,616.164678812027,1.056009,616.6354179382324,0.0996,616.9593508243561,0.2250776,617.3058893680573,0.2231534,617.920706987381,0.510045,617.9829723834991,-62.625
618.4525980949402,-0.044969,618.7808451652527,-0.0469423,619.4081597328186,1.057594,619.8839194774628,0.0995991,620.2088429927826,0.2254876,620.5235297679901,0.2235567,621.1545209884644,0.510781,621.1938104629517,-62.2188
621.6625051498413,-0.0450293,621.9959285259247,-0.047008,622.6262264251709,1.059172,623.1016027927399,0.0996001,623.4213359355927,0.2258924,623.7383539676666,0.2239568,624.346268415451,0.511506,624.38672041893,-65.125
624.8640525341034,-0.0450899,625.1951715946198,-0.0470712,625.8215639591217,1.060754,626.3011400699615,0.0996006,626.6409909725189,0.2262977,626.9849019050598,0.2243605,627.6159331798553,0.512257,627.6656818389893,-66.5469
628.1365020275116,-0.0451541,628.4621131420135,-0.0471404,629.0876474380493,1.062359,629.5599300861359,0.099599,629.8839864730835,0.2267086,630.2067804336548,0.2247655,630.8402240276337,0.512993,630.875129699707,-66.5313
631.342691898346,-0.0452133,631.6776671409607,-0.0472044,632.2949864864349,1.063944,632.7610273361206,0.0996008,633.0855207443237,0.2271135,633.4376587867737,0.2251684,634.0606877803802,0.513734,634.113531589508,-65.0938
634.5841569900513,-0.0452747,634.9229671955109,-0.0472719,635.5493879318237,1.065546,636.0229885578156,0.0995998,636.343398809433,0.2275268,636.6598753929138,0.2255732,637.2752175331116,0.514472,637.326981306076,-70.5469
637.7955181598663,-0.0453375,638.1195199489594,-0.0473371,638.7472887039185,1.067119,639.2213366031647,0.0996004,639.5460026264191,0.2279307,639.8589923381805,0.2259733,640.4844682216644,0.515205,640.521341085434,-70.0703
640.9945759773254,-0.0453978,641.3364727497101,-0.0474033,641.9920859336853,1.068728,642.4802415370941,0.0995998,642.8019304275513,0.2283445,643.1233525276184,0.2263816,643.7511308193207,0.515952,643.8014035224915,-71.2578
644.2761538028717,-0.0454608,644.5923178195953,-0.0474706,645.2040634155273,1.070313,645.6665036678314,0.0995999,645.9830329418182,0.2287486,646.3102476596832,0.2267794,646.9651618003845,0.516686,647.0183527469635,-70.9141
647.4859158992767,-0.0455204,647.8139736652374,-0.0475333,648.5114192962646,1.071947,648.998044013977,0.0995998,649.3260989189148,0.2291698,649.6520681381226,0.2272012,650.3051328659058,0.517461,650.3411602973938,-70.7188
650.8158328533173,-0.0455832,651.1353251934052,-0.0475993,651.7867314815521,1.073554,652.2866733074188,0.0995998,652.6048786640167,0.229588,652.9141666889191,0.2276066,653.5504133701324,0.518197,653.584324836731,-71.5469
654.0460877418518,-0.0456444,654.363924741745,-0.0476674,654.9778873920441,1.075142,655.4380474090576,0.0995994,655.7611396312714,0.2299856,656.110093832016,0.2280092,656.7334921360016,0.518931,656.7674031257629,-73.0859
657.2415235042572,-0.0457026,657.5684866905212,-0.0477318,658.2208166122437,1.076749,658.6840937137604,0.0995999,659.0077388286591,0.2303987,659.3596591949463,0.2284159,660.011073589325,0.519676,660.045979976654,-74.9844
660.5198254585266,-0.0457681,660.8434638977051,-0.0478016,661.465315580368,1.078343,661.9297888278961,0.0996001,662.2535812854767,0.23081,662.5983855724335,0.2288238,663.2055299282074,0.520418,663.2413992881775,-76.375
663.708559513092,-0.0458301,664.0409426689148,-0.0478688,664.6614465713501,1.079924,665.1250555515289,0.0995993,665.4523060321808,0.2312152,665.7977530956268,0.2292253,666.422699213028,0.521149,666.4735617637634,-77.7656
666.9362258911133,-0.0458936,667.2552545070648,-0.0479334,667.8787596225739,1.081511,668.3424439430237,0.0995993,668.6653738021851,0.231624,668.9852397441864,0.229623,669.6377899646759,0.52189,669.6739354133606,-78.2188
670.1494534015656,-0.0459527,670.4738347530365,-0.0479984,671.1236922740936,1.083103,671.5927219390869,0.0995995,671.9242160320282,0.2320372,672.2471263408661,0.2300335,672.9004471302032,0.522632,672.9363470077515,-80.3672
673.415717124939,-0.0460167,673.751443862915,-0.0480651,674.3707361221313,1.084711,674.8330380916595,0.0996003,675.1590101718903,0.232444,675.5071303844452,0.2304411,676.1301953792572,0.523374,676.1640975475311,-80.1094
676.6267211437225,-0.0460774,676.9488413333893,-0.0481303,677.6022989749908,1.086299,678.0655872821808,0.0995997,678.3825533390045,0.2328519,678.7088921070099,0.2308405,679.3295605182648,0.524108,679.3634684085846,-78.3125
679.8218507766724,-0.0461363,680.1431002616882,-0.0481974,680.7679297924042,1.087852,681.2318334579468,0.0996,681.5528838634491,0.233252,681.8755855560303,0.2312365,682.5275604724884,0.524837,682.5624632835388,-78.125
683.0401685237885,-0.0461975,683.3549587726593,-0.0482606,683.9868309497833,1.089428,684.4753139019012,0.0996,684.7955043315887,0.2336609,685.121349811554,0.2316393,685.7740840911865,0.525579,685.810986995697,-78.1719
686.2858240604401,-0.0462614,686.605607509613,-0.0483285,687.2286660671234,1.091018,687.6922452449799,0.0995992,688.015585899353,0.234066,688.3648400306702,0.2320441,688.9848365783691,0.526306,689.020245552063,-78.7734
689.4870300292969,-0.0463226,689.8217713832855,-0.0483916,690.4718453884125,1.092599,690.9394762516022,0.099599,691.2578563690186,0.2344739,691.5781579017639,0.2324445,692.2033138275146,0.527035,692.241208076477,-76.9922
692.7132778167725,-0.0463852,693.0305588245392,-0.0484607,693.6575839519501,1.094154,694.1225671768188,0.0995999,694.4448504447937,0.234872,694.7933065891266,0.2328418,695.4139573574066,0.527767,695.45285820961,-69.1641
695.9287528991699,-0.0464456,696.2519094944,-0.0485241,696.8715586662292,1.095713,697.3357236385345,0.0995999,697.6591234207153,0.2352747,697.9738104343414,0.2332367,698.5986502170563,0.528485,698.6335589885712,-49.8047
699.0959331989288,-0.0465053,699.4145550727844,-0.0485872,700.0374524593353,1.09725,700.5024349689484,0.0995998,700.8262705802917,0.2356705,701.1703569889069,0.2336325,701.7977831363678,0.529217,701.8316905498505,-31.0781
702.2935009002686,-0.0465638,702.6133708953857,-0.0486525,703.2330327033997,1.0988,703.6968820095062,0.0996002,704.0045614242554,0.2360686,704.3405649662018,0.2340233,704.9602003097534,0.529924,704.9906930923462,43.3203
705.4564423561096,-0.0466216,705.7598714828491,-0.048716,706.3713517189026,1.100327,706.8341596126556,0.0996002,707.1411237716675,0.2364607,707.4779064655304,0.2344093,708.1145176887512,0.530636,708.1434099674225,115.9766
708.6092386245728,-0.0466842,708.9180867671967,-0.048779,709.5541021823883,1.101859,710.0174748897552,0.0996,710.3185000419617,0.2368567,710.6392333507538,0.2347995,711.2450199127197,0.531342,711.273942232132,82.6719
711.7438666820526,-0.0467423,712.0507116317749,-0.0488412,712.6683259010315,1.103367,713.1352453231812,0.0995997,713.4554917812347,0.2372443,713.7618165016174,0.2351849,714.3832740783691,0.532046,714.4121661186218,119.2344
714.878112077713,-0.0468001,715.1869122982025,-0.0489048,715.8225846290588,1.104886,716.2815699577332,0.0995987,716.5891819000244,0.2376355,716.9129960536957,0.2355715,717.5478847026825,0.532759,717.5767939090729,92.0
718.0449864864349,-0.0468596,718.3692734241486,-0.0489687,719.0210113525391,1.106424,719.4847044944763,0.0996003,719.7856957912445,0.2380318,720.0905532836914,0.2359622,720.6966602802277,0.533465,720.7255809307098,153.4922
721.1949064731598,-0.0469189,721.5134687423706,-0.0490321,722.1228158473969,1.107912,722.5860350131989,0.0995994,722.8872022628784,0.2384161,723.1936767101288,0.2363437,723.8005814552307,0.534158,723.8295013904572,153.4922
724.2980451583862,-0.0469759,724.6189234256744,-0.0490909,725.241557598114,1.109421,725.7042908668518,0.0995992,726.011253118515,0.2388011,726.3471195697784,0.2367287,726.9838693141937,0.534877,727.0127882957458,153.4922
727.479786157608,-0.0470369,727.7816548347473,-0.0491541,728.4072780609131,1.110921,728.871267080307,0.0996002,729.1778039932251,0.2391932,729.5102014541626,0.2371179,730.1191437244415,0.535569,730.1483252048492,153.4922
730.6147935390472,-0.0470967,730.9207980632782,-0.0492195,731.5581829547882,1.112438,732.0220415592194,0.0996007,732.341733455658,0.239581,732.6425271034241,0.2375005,733.2552304267883,0.536266,733.2870490550995,153.4922
733.7480480670929,-0.0471525,734.0508732795715,-0.0492799,734.6648232936859,1.113921,735.1398055553436,0.0995995,735.4601936340332,0.2399652,735.7798047065735,0.2378765,736.3878552913666,0.536962,736.4177751541138,153.4922
736.8835108280182,-0.0472115,737.2032034397125,-0.0493406,737.8099451065063,1.115418,738.2742562294006,0.0996,738.597186088562,0.2403488,738.916579246521,0.2382582,739.5662784576416,0.537666,739.5981924533844,153.4922
740.0640060901642,-0.0472693,740.3859028816223,-0.0494051,740.9894785881042,1.116927,741.4568676948547,0.0996002,741.775904417038,0.2407393,742.0780293941498,0.2386439,742.7017202377319,0.538354,742.734269618988,153.4922
743.1987383365631,-0.0473269,743.5236203670502,-0.0494677,744.159232378006,1.118427,744.6227450370789,0.0996,744.9425947666168,0.2411282,745.2623674869537,0.23903,745.866491317749,0.539061,745.8974089622498,153.4922
