Date:,Tue Sep 24 14:11:05 2024
Time:,1727201465.0214846
t1,v1,t2,v2,t3,v3,t4,v4,t5,v5,t6,v6,t7,v7,t9,T
0.4488809108734131,-0.079972,0.7483954429626465,-0.0802151,1.355623722076416,1.850485,1.8211615085601807,0.0995961,2.4289376735687256,0.440212,2.7354953289031982,0.43995,3.067837953567505,0.879704,3.126607894897461,20.3281
3.6083459854125977,-0.0799545,3.9300050735473633,-0.0802011,4.552526473999023,1.850049,5.031398773193359,0.0995945,5.654633283615112,0.440048,5.974566698074341,0.439759,6.291350364685059,0.879451,6.327254295349121,20.375
6.8050150871276855,-0.0799215,7.11202597618103,-0.0801755,7.7495691776275635,1.849336,8.228278160095215,0.0995959,8.852993965148926,0.4398,9.172449111938477,0.439488,9.494335651397705,0.879073,9.553351640701294,20.375
10.036396026611328,-0.0798712,10.3543062210083,-0.0801329,10.963973999023438,1.848309,11.42670226097107,0.0995948,12.034346103668213,0.439452,12.336279153823853,0.439134,12.644976377487183,0.87856,12.676836252212524,20.2031
13.154825210571289,-0.0798008,13.476865768432617,-0.080078,14.098370552062988,1.846981,14.5611252784729,0.0995952,15.169816493988037,0.439012,15.476680040359497,0.438659,15.792657375335693,0.877886,15.823544979095459,20.1719
16.304332971572876,-0.0797157,16.62737202644348,-0.0800096,17.264139652252197,1.845248,17.727792501449585,0.0995962,18.336201906204224,0.438445,18.63689136505127,0.43806,18.960057258605957,0.877026,19.0078182220459,20.1016
19.486584663391113,-0.0796058,19.789284467697144,-0.079921,20.41121816635132,1.843068,20.878943920135498,0.0995951,21.48665690422058,0.437742,21.79228687286377,0.437317,22.128726482391357,0.875951,22.183191537857056,20.0469
22.654081106185913,-0.0794726,22.96083378791809,-0.0798124,23.597585439682007,1.840399,24.061320781707764,0.099595,24.665268659591675,0.436894,24.976163148880005,0.436422,25.31160593032837,0.87465,25.366617441177368,19.9141
25.835071325302124,-0.0793127,26.143258571624756,-0.079682,26.778929710388184,1.837209,27.242846488952637,0.0995955,27.85035228729248,0.435904,28.154186725616455,0.435377,28.4587504863739,0.87312,28.50462579727173,19.6953
28.98675036430359,-0.0791229,29.306572675704956,-0.0795307,29.91334557533264,1.833566,30.377991914749146,0.0995946,31.001067876815796,0.434782,31.305574655532837,0.4342,31.62375807762146,0.871348,31.656878232955933,19.4531
32.13636040687561,-0.0789098,32.4364116191864,-0.07936,33.044246673583984,1.829472,33.50822901725769,0.0995952,34.119847774505615,0.43353,34.42670297622681,0.432894,34.761322259902954,0.869387,34.8061580657959,19.2031
35.28306221961975,-0.0786746,35.610167026519775,-0.0791669,36.23086190223694,1.824799,36.69761562347412,0.0995944,37.31621265411377,0.432105,37.6220703125,0.431394,37.92833113670349,0.867161,37.985201597213745,18.9609
38.47268009185791,-0.078411,38.80859637260437,-0.0789493,39.46048188209534,1.819549,39.92300462722778,0.0995961,40.54858469963074,0.430534,40.86760139465332,0.429773,41.18364214897156,0.864637,41.22154116630554,18.6328
41.69527983665466,-0.0781173,42.01542520523071,-0.0787123,42.64357018470764,1.813968,43.10421133041382,0.0995958,43.72989797592163,0.428867,44.05285596847534,0.428025,44.36857771873474,0.862036,44.40447473526001,18.375
44.87926721572876,-0.0778111,45.19825291633606,-0.0784605,45.805684328079224,1.807986,46.27267003059387,0.099596,46.89943289756775,0.427086,47.23339319229126,0.426157,47.58564114570618,0.859237,47.622050523757935,17.9219
48.095858335494995,-0.0774848,48.41563034057617,-0.0781908,49.039273738861084,1.801563,49.503846168518066,0.0995956,50.126726150512695,0.425152,50.44468450546265,0.424175,50.76245999336243,0.856306,50.802353382110596,17.4375
51.278958559036255,-0.0771407,51.60181164741516,-0.0779028,52.254449129104614,1.794701,52.718297481536865,0.0995962,53.34187626838684,0.423122,53.66179823875427,0.422064,53.98364305496216,0.853149,54.04578971862793,17.0469
54.54135847091675,-0.0767767,54.85823941230774,-0.0775941,55.48502016067505,1.787504,55.948660135269165,0.0995962,56.572975635528564,0.420983,56.88806414604187,0.419862,57.21014666557312,0.849914,57.25103759765625,16.5234
57.72313952445984,-0.076404,58.046465158462524,-0.0772792,58.697168588638306,1.780066,59.161842584609985,0.099595,59.78644871711731,0.418759,60.10693693161011,0.417581,60.46105885505676,0.846646,60.519617319107056,15.9922
60.98496603965759,-0.0760142,61.285017013549805,-0.0769426,61.896448612213135,1.77253,62.35993695259094,0.0995966,62.96618866920471,0.416467,63.274856090545654,0.415248,63.609883069992065,0.8433,63.667696714401245,15.4844
64.13587355613708,-0.0756308,64.45876693725586,-0.0766028,65.11110830307007,1.764492,65.57467007637024,0.0995967,66.18313717842102,0.41409,66.48802518844604,0.412803,66.82268285751343,0.83956,66.85559272766113,15.0078
67.33450841903687,-0.075214,67.65417814254761,-0.0762448,68.2780249118805,1.756151,68.74071311950684,0.0995965,69.34726119041443,0.411678,69.65620541572571,0.410318,69.99028730392456,0.835641,70.0501925945282,14.3516
70.5299117565155,-0.0747832,70.85076212882996,-0.0758765,71.47443008422852,1.747493,71.93797945976257,0.0995958,72.54663491249084,0.409175,72.85060596466064,0.407747,73.15427160263062,0.831703,73.18472290039062,13.7656
73.66624021530151,-0.0743577,73.97086715698242,-0.0755102,74.61250376701355,1.738811,75.08726096153259,0.0995962,75.69758915901184,0.406666,76.00178337097168,0.405176,76.3077483177185,0.827732,76.3586196899414,13.0547
76.83254480361938,-0.0739215,77.15207362174988,-0.0751304,77.76031255722046,1.729961,78.22387456893921,0.0995954,78.82892298698425,0.404105,79.13257646560669,0.40257,79.43891859054565,0.823814,79.46784138679504,12.4531
79.95069217681885,-0.073495,80.27460646629333,-0.07475,80.92720246315002,1.72115,81.39197111129761,0.0995968,82.01373147964478,0.401453,82.32143688201904,0.399866,82.63833022117615,0.819785,82.68919157981873,11.7422
83.16283059120178,-0.0730399,83.48458790779114,-0.0743428,84.10880208015442,1.711684,84.57330393791199,0.0995964,85.17802858352661,0.398788,85.48692798614502,0.397143,85.80465817451477,0.815392,85.83457803726196,11.0547
86.31528854370117,-0.0725813,86.63517618179321,-0.0739431,87.24187636375427,1.702188,87.70770001411438,0.0995966,88.31417489051819,0.396117,88.62218236923218,0.394397,88.93706583976746,0.810961,88.98292374610901,10.3203
89.4653537273407,-0.0721173,89.78362250328064,-0.0735375,90.39360427856445,1.692497,90.85501217842102,0.0995962,91.46574306488037,0.393386,91.77172660827637,0.39161,92.0875506401062,0.806446,92.1174681186676,9.6563
92.6004729270935,-0.0716479,92.92042708396912,-0.0731277,93.52786993980408,1.682686,93.99133682250977,0.0995962,94.59989047050476,0.390636,94.90233612060547,0.388802,95.20977902412415,0.801899,95.26377654075623,8.7813
95.73543214797974,-0.0711782,96.03735065460205,-0.0727108,96.66302561759949,1.672754,97.1268253326416,0.099596,97.73451113700867,0.387852,98.04052424430847,0.385967,98.35811424255371,0.797219,98.40844011306763,8.0391
98.88527154922485,-0.0707012,99.20576524734497,-0.072289,99.82749891281128,1.662644,100.29252600669861,0.099597,100.9009530544281,0.385026,101.20777583122253,0.383073,101.53566551208496,0.792435,101.56957459449768,7.3047
102.04863619804382,-0.0702247,102.36697816848755,-0.0718573,102.97787022590637,1.652389,103.43978214263916,0.0995962,104.05036973953247,0.382184,104.35804438591003,0.380189,104.69291353225708,0.78764,104.73678159713745,6.5078
105.20267748832703,-0.0697416,105.5215847492218,-0.0714248,106.13003516197205,1.642046,106.59295701980591,0.0995969,107.19977498054504,0.379327,107.50262522697449,0.377279,107.81096315383911,0.782835,107.8648042678833,5.6328
108.33635115623474,-0.0692579,108.64320588111877,-0.0709954,109.28013253211975,1.631666,109.7437891960144,0.0995966,110.36699938774109,0.376444,110.67479395866394,0.374329,110.99209117889404,0.777879,111.04095149040222,4.8281
111.51622033119202,-0.0687701,111.83902859687805,-0.070549,112.44670534133911,1.621112,112.91027021408081,0.0995971,113.51330423355103,0.373545,113.8249294757843,0.371405,114.16086649894714,0.772959,114.220449924469,3.9688
114.701495885849,-0.0682819,115.01694846153259,-0.0701045,115.62897062301636,1.610487,116.09117579460144,0.0995959,116.69808530807495,0.370618,117.0072717666626,0.368434,117.32715225219727,0.767966,117.38347434997559,3.0547
117.8667573928833,-0.0677953,118.19050073623657,-0.0696578,118.8433620929718,1.599703,119.30708765983582,0.0995968,119.91387009620667,0.367651,120.2216100692749,0.365424,120.53535604476929,0.762871,120.58532619476318,2.1641
121.06437516212463,-0.0673001,121.3839373588562,-0.0692088,121.99276471138,1.589003,122.45648980140686,0.0995959,123.06413173675537,0.364727,123.36488080024719,0.362461,123.66890668869019,0.757888,123.71369361877441,1.3281
124.18389296531677,-0.0668178,124.50690817832947,-0.0687675,125.14379024505615,1.578314,125.60682535171509,0.0995957,126.21525192260742,0.361813,126.5178382396698,0.359508,126.82194757461548,0.752838,126.85286116600037,0.4609
127.33459663391113,-0.0663362,127.6496901512146,-0.0683196,128.26015782356262,1.567741,128.72554683685303,0.099596,129.33336424827576,0.358927,129.6403625011444,0.356593,129.95889949798584,0.747821,129.99244451522827,-0.5078
130.46892952919006,-0.0658559,130.78883242607117,-0.0678739,131.39550805091858,1.55701,131.8583152294159,0.099596,132.46390771865845,0.356021,132.76982164382935,0.353651,133.08963680267334,0.742768,133.12202763557434,-1.3828
133.59274744987488,-0.0653793,133.91573309898376,-0.067427,134.54282140731812,1.546301,135.00213098526,0.0995966,135.63579201698303,0.353091,135.9487907886505,0.350665,136.25640654563904,0.737716,136.2876853942871,-2.2969
136.76833820343018,-0.0649011,137.0605800151825,-0.0669785,137.67055487632751,1.535591,138.15480017662048,0.0995968,138.78692150115967,0.350179,139.11889839172363,0.347704,139.42654371261597,0.732519,139.48155069351196,-3.1875
139.95191836357117,-0.0644133,140.2748830318451,-0.0665242,140.9276750087738,1.52441,141.3915467262268,0.0995959,141.99848628044128,0.347182,142.30023097991943,0.34473,142.60883903503418,0.72734,142.653710603714,-4.1016
143.13463425636292,-0.0639363,143.4533987045288,-0.0660687,144.06205677986145,1.513625,144.5255310535431,0.099596,145.133376121521,0.34429,145.43628120422363,0.341808,145.74031352996826,0.722285,145.79146337509155,-5.0391
146.26884269714355,-0.0634646,146.59170699119568,-0.0656235,147.20860648155212,1.502877,147.6755678653717,0.0995965,148.28285098075867,0.341396,148.58987307548523,0.338894,148.90452075004578,0.717189,148.93543696403503,-5.9844
149.40227460861206,-0.0630017,149.7100760936737,-0.0651797,150.32987809181213,1.492365,150.79366302490234,0.0995961,151.40215754508972,0.338597,151.70590329170227,0.33609,152.0063099861145,0.712373,152.0370318889618,-6.7891
152.5207543373108,-0.0625571,152.82756161689758,-0.0647512,153.46439838409424,1.482252,153.92822170257568,0.0995961,154.5358726978302,0.335877,154.842915058136,0.333356,155.14094734191895,0.707623,155.18345069885254,-7.7891
155.65540194511414,-0.0621138,155.97857117652893,-0.0643229,156.5995306968689,1.472105,157.06033539772034,0.0995972,157.67094373703003,0.333089,157.97778582572937,0.330548,158.2947096824646,0.70276,158.34659218788147,-8.7656
158.82234835624695,-0.0616542,159.14121007919312,-0.0638782,159.76581072807312,1.461374,160.22666358947754,0.0995959,160.83478784561157,0.330185,161.13644361495972,0.327614,161.44062995910645,0.697692,161.47254538536072,-9.6797
161.95187377929688,-0.0611892,162.27160143852234,-0.0634276,162.88249444961548,1.450556,163.34735298156738,0.0995966,163.9546616077423,0.327248,164.25894594192505,0.324662,164.56624221801758,0.692492,164.61908960342407,-10.6875
165.0898425579071,-0.060711,165.39774870872498,-0.0629666,166.0184371471405,1.439428,166.48213529586792,0.0995962,167.0898220539093,0.324273,167.3957245349884,0.321665,167.72769808769226,0.687183,167.75864386558533,-11.5547
168.24049735069275,-0.0602319,168.5605127811432,-0.0624975,169.16529536247253,1.428174,169.63189482688904,0.0995962,170.24052453041077,0.321254,170.55634927749634,0.318616,170.8657534122467,0.681868,170.9191279411316,-12.7266
171.39166116714478,-0.0597485,171.69257378578186,-0.0620299,172.30222272872925,1.416931,172.7668445110321,0.0995974,173.3775975704193,0.318241,173.6973967552185,0.315594,174.02921295166016,0.676479,174.06012797355652,-13.6094
174.53728437423706,-0.0592705,174.84851217269897,-0.061558,175.48333096504211,1.405467,175.94623565673828,0.0995959,176.55685138702393,0.315187,176.86067605018616,0.312549,177.16454887390137,0.67112,177.21493315696716,-14.6406
177.69228291511536,-0.0587879,178.01116681098938,-0.0610855,178.63481521606445,1.394079,179.09855151176453,0.0995959,179.70722270011902,0.312157,180.01407957077026,0.30952,180.3448703289032,0.665717,180.37578797340393,-15.6484
180.85866785049438,-0.0583127,181.17502307891846,-0.0606134,181.7860107421875,1.382753,182.24980068206787,0.0995963,182.85665678977966,0.309147,183.16343927383423,0.306506,183.4825258255005,0.660372,183.53730297088623,-16.5938
184.00931906700134,-0.0578374,184.32495141029358,-0.0601439,184.93593668937683,1.371413,185.3999285697937,0.0995951,186.00781226158142,0.306144,186.31466794013977,0.303499,186.62949538230896,0.655037,186.6803596019745,-17.6797
187.15684938430786,-0.0573661,187.46219158172607,-0.0596732,188.06975674629211,1.360154,188.53454613685608,0.0995949,189.1421661376953,0.303164,189.44903779029846,0.300515,189.78096628189087,0.649715,189.83353185653687,-18.7578
190.30961298942566,-0.0568976,190.63242840766907,-0.059205,191.2850420475006,1.348684,191.74715995788574,0.0995959,192.0556561946869,0.3003988,192.3836236000061,0.2977403,192.99514722824097,0.644267,193.0270595550537,-19.6797
193.49102330207825,-0.0564251,193.7977910041809,-0.0587327,194.43203902244568,1.337443,194.8980758190155,0.0995968,195.22189211845398,0.2974305,195.5697741508484,0.2947448,196.1775622367859,0.638942,196.21426272392273,-20.7969
196.69013833999634,-0.05596,197.0122525691986,-0.0582607,197.66481161117554,1.325967,198.12853598594666,0.0995961,198.44556164741516,0.2944021,198.7713098526001,0.2917555,199.40497064590454,0.633543,199.43688440322876,-21.875
199.90393590927124,-0.055492,200.22693610191345,-0.0577877,200.84781193733215,1.314733,201.3088719844818,0.0995965,201.62921476364136,0.2914394,201.95321416854858,0.2888016,202.58928728103638,0.628255,202.6211862564087,-22.9922
203.08670210838318,-0.0550332,203.40952062606812,-0.0573243,204.02947521209717,1.303546,204.49395442008972,0.0995958,204.81680703163147,0.2884913,205.1656744480133,0.2858304,205.78927540779114,0.622989,205.82152009010315,-24.1016
206.2850923538208,-0.0545782,206.60195350646973,-0.0568584,207.20877408981323,1.292386,207.67468738555908,0.0995964,207.98317551612854,0.28557,208.315260887146,0.2829498,208.9386534690857,0.61782,208.97056770324707,-25.1953
209.43532013893127,-0.0541314,209.7554476261139,-0.0564041,210.36285781860352,1.28142,210.82606601715088,0.0995967,211.13253355026245,0.2826967,211.46836948394775,0.2800906,212.1218545436859,0.612639,212.15373873710632,-26.1016
212.6178150177002,-0.0536881,212.93560934066772,-0.0559473,213.5594162940979,1.270447,214.02487564086914,0.0995956,214.3468201160431,0.2798086,214.65999817848206,0.2772215,215.2691731452942,0.607541,215.30145025253296,-27.2578
215.76789212226868,-0.0532529,216.07473254203796,-0.0555022,216.7084527015686,1.259694,217.15903425216675,0.0995969,217.46302556991577,0.2770157,217.76900672912598,0.2744579,218.40591597557068,0.60255,218.43780207633972,-28.3672
218.90523982048035,-0.0528259,219.2410910129547,-0.0550601,219.89305686950684,1.248947,220.3555145263672,0.099597,220.65932250022888,0.2741926,220.9811782836914,0.2716425,221.58413767814636,0.597505,221.62103915214539,-29.3828
222.0955765247345,-0.0523999,222.41687631607056,-0.0546146,223.04306554794312,1.238428,223.50302815437317,0.0995972,223.81281995773315,0.2714452,224.13047981262207,0.2689259,224.73915553092957,0.592579,224.77207112312317,-30.3984
225.24926376342773,-0.0519804,225.56992387771606,-0.0541835,226.17844533920288,1.228018,226.63834619522095,0.099597,226.94600439071655,0.2687501,227.26884412765503,0.2662394,227.9196581840515,0.587691,227.95166397094727,-31.4922
228.41655135154724,-0.0515651,228.73546266555786,-0.0537534,229.3429718017578,1.217674,229.8085367679596,0.0995965,230.1146159172058,0.2660496,230.44713234901428,0.2635518,231.07109260559082,0.582861,231.10300660133362,-32.5156
231.58360314369202,-0.0511584,231.90640950202942,-0.0533285,232.55820035934448,1.2073,233.02285861968994,0.0995967,233.3454041481018,0.2633435,233.6971504688263,0.2608451,234.3501570224762,0.577939,234.3830692768097,-33.5625
234.84489512443542,-0.0507422,235.16574788093567,-0.0528917,235.78938961029053,1.196979,236.25307822227478,0.0995968,236.57588291168213,0.2606623,236.92339444160461,0.2581874,237.53139686584473,0.57318,237.56626987457275,-34.6328
238.04212164878845,-0.0503427,238.3619921207428,-0.0524746,238.96856784820557,1.186903,239.43165159225464,0.0995965,239.7421112060547,0.2580625,240.0739483833313,0.2556344,240.69844245910645,0.56853,240.74175000190735,-35.7266
241.20525360107422,-0.0499503,241.5292546749115,-0.0520649,242.15350556373596,1.177015,242.61672925949097,0.0995956,242.92360711097717,0.2554946,243.25655889511108,0.2530915,243.86433482170105,0.563937,243.89924097061157,-36.7109
244.37455940246582,-0.0495661,244.6989860534668,-0.0516585,245.35198092460632,1.167182,245.81589007377625,0.0995946,246.1227114200592,0.2529513,246.4576277732849,0.2505704,247.0762882232666,0.55934,247.10820269584656,-37.8203
247.575044631958,-0.0491848,247.8948426246643,-0.0512573,248.50215935707092,1.157573,248.96620225906372,0.0995959,249.2841157913208,0.2504763,249.60807132720947,0.2481258,250.22958254814148,0.554904,250.26648426055908,-38.8047
250.7412886619568,-0.0488138,251.0566122531891,-0.0508622,251.6666705608368,1.148098,252.13179278373718,0.0995968,252.45286059379578,0.2480304,252.76967215538025,0.2457086,253.39198517799377,0.550525,253.4238998889923,-39.7734
253.89069366455078,-0.048448,254.2139871120453,-0.050475,254.83756399154663,1.138751,255.29892539978027,0.0995971,255.6178207397461,0.2456243,255.93749690055847,0.2433304,256.54756903648376,0.546196,256.58011651039124,-40.7813
257.0418131351471,-0.0480881,257.3457660675049,-0.0500956,257.96857213974,1.129661,258.43258023262024,0.0995962,258.752423286438,0.2432743,259.0702118873596,0.2410063,259.6968948841095,0.541966,259.7308306694031,-41.8203
260.1919786930084,-0.0477326,260.50785398483276,-0.0497147,261.11902832984924,1.120599,261.58356285095215,0.0995961,261.8905920982361,0.2409486,262.22628116607666,0.2387099,262.8789482116699,0.537744,262.91417026519775,-42.7656
263.3763494491577,-0.0473815,263.6945991516113,-0.049341,264.3190577030182,1.111557,264.782023191452,0.0995969,265.0888776779175,0.2386264,265.4250111579895,0.2364099,266.07646656036377,0.53356,266.1083812713623,-43.8516
266.5692403316498,-0.0470369,266.87997579574585,-0.0489717,267.514764547348,1.102665,267.98329067230225,0.0995965,268.3126015663147,0.2363232,268.6161334514618,0.234146,269.22780990600586,0.529488,269.2646813392639,-44.8594
269.7373778820038,-0.0466984,270.06222653388977,-0.0486084,270.7149028778076,1.093884,271.17784237861633,0.0995964,271.50153613090515,0.2340905,271.8323001861572,0.2319167,272.44045329093933,0.525413,272.4732208251953,-45.8672
272.93790221214294,-0.0463623,273.26190185546875,-0.0482483,273.8815641403198,1.085306,274.34346413612366,0.0995962,274.6619484424591,0.2318967,274.9827010631561,0.2297675,275.59189462661743,0.521478,275.62380743026733,-46.6484
276.08797550201416,-0.0460379,276.4117202758789,-0.0479008,277.06352281570435,1.076829,277.52731680870056,0.0995965,277.8332853317261,0.229733,278.16698479652405,0.2276351,278.79084610939026,0.517556,278.8229966163635,-47.75
279.2874240875244,-0.0457153,279.6061792373657,-0.0475513,280.2139093875885,1.06852,280.67771768569946,0.0995961,280.98366379737854,0.2276219,281.31283807754517,0.225549,281.9206576347351,0.51375,281.95456624031067,-48.7266
282.41991662979126,-0.0454035,282.74063873291016,-0.0472141,283.3474578857422,1.060426,283.8112828731537,0.0995962,284.1149060726166,0.2255585,284.4187524318695,0.223528,285.04258918762207,0.510039,285.073477268219,-49.5469
285.53813886642456,-0.0450977,285.8455955982208,-0.0468853,286.4803788661957,1.052495,286.94541478157043,0.0995965,287.26732420921326,0.2235291,287.58491015434265,0.2215105,288.19283723831177,0.506361,288.22437286376953,-50.5703
288.6886692047119,-0.0447945,288.9955780506134,-0.0465599,289.61610531806946,1.044595,290.07994556427,0.0995961,290.402987241745,0.2215278,290.75501561164856,0.2195244,291.38901686668396,0.502651,291.4209315776825,-51.5625
291.886426448822,-0.0444918,292.2075560092926,-0.0462299,292.8161509037018,1.036699,293.27889251708984,0.099596,293.5978560447693,0.2195255,293.9201400279999,0.217567,294.54220247268677,0.499062,294.57314801216125,-52.4766
295.0337903499603,-0.0441992,295.3570580482483,-0.0459123,295.96554946899414,1.029019,296.4282248020172,0.0995964,296.73016571998596,0.2175867,297.05299258232117,0.2156677,297.67599272727966,0.495567,297.7079062461853,-53.3906
298.17100834846497,-0.0439094,298.4883975982666,-0.0456008,299.0989067554474,1.021545,299.5636625289917,0.0995961,299.8826787471771,0.2156851,300.20228815078735,0.2137878,300.8109917640686,0.492117,300.8439018726349,-54.2266
301.3219039440155,-0.0436265,301.63950753211975,-0.0452922,302.26623010635376,1.01414,302.7290003299713,0.0995971,303.03695273399353,0.2138006,303.36978220939636,0.2119276,303.9765968322754,0.488727,304.00915932655334,-55.1328
304.48464822769165,-0.0433449,304.79278349876404,-0.0449865,305.3993592262268,1.006868,305.8640024662018,0.0995967,306.183798789978,0.2119654,306.5011384487152,0.2101204,307.1110281944275,0.485407,307.1449706554413,-56.0703
307.62146615982056,-0.0430722,307.945618391037,-0.0446872,308.5670413970947,0.999676,309.02990794181824,0.0995963,309.35343885421753,0.2101427,309.69788002967834,0.2083081,310.3099102973938,0.482082,310.34179496765137,-56.8438
310.8049159049988,-0.0427982,311.1082720756531,-0.0443893,311.71260833740234,0.99261,312.18104887008667,0.0995967,312.5003180503845,0.2083599,312.8182168006897,0.2065747,313.42882084846497,0.478893,313.46272325515747,-57.6563
313.94231390953064,-0.0425352,314.27894139289856,-0.0440991,314.9303820133209,0.985535,315.3944010734558,0.0995964,315.713148355484,0.2065748,316.03715443611145,0.2048158,316.6876504421234,0.475614,316.72056126594543,-58.5703
317.1863977909088,-0.0422661,317.5035357475281,-0.0438078,318.11385440826416,0.978637,318.57687759399414,0.0995966,318.8997287750244,0.2048362,319.25160098075867,0.2030903,319.904403924942,0.472437,319.95724415779114,-59.4531
320.4320111274719,-0.042003,320.75306391716003,-0.0435173,321.3572165966034,0.971744,321.8192038536072,0.0995964,322.13192987442017,0.2030971,322.4663462638855,0.2013888,323.1190528869629,0.469295,323.1527132987976,-60.3828
323.6116712093353,-0.0417455,323.9314579963684,-0.0432382,324.5587365627289,0.965052,325.0245785713196,0.0995955,325.34520387649536,0.201406,325.6937425136566,0.1997143,326.30213475227356,0.466269,326.3358919620514,-61.0391
326.81348991394043,-0.0414956,327.1352450847626,-0.042965,327.7888822555542,0.958404,328.25277614593506,0.0995958,328.57473063468933,0.1997353,328.9084463119507,0.1980738,329.51413655281067,0.463252,329.5480446815491,-61.9531
330.0109193325043,-0.0412476,330.33473896980286,-0.0426942,330.9860646724701,0.951948,331.45045804977417,0.0995961,331.7700231075287,0.1981097,332.0907995700836,0.1964898,332.6984848976135,0.460323,332.732364654541,-62.8516
333.2093300819397,-0.0410069,333.5330710411072,-0.0424279,334.18482756614685,0.945595,334.6515827178955,0.0995962,334.9685683250427,0.1965107,335.2883870601654,0.1949187,335.9120168685913,0.457432,335.9469270706177,-63.6328
336.4240117073059,-0.0407683,336.74206805229187,-0.0421655,337.3671364784241,0.939355,337.8316571712494,0.0995962,338.15051198005676,0.1949505,338.47436141967773,0.1933804,339.12635612487793,0.454568,339.1602940559387,-64.3828
339.6220073699951,-0.0405329,339.94581174850464,-0.0419087,340.5982494354248,0.93313,341.0581977367401,0.0995956,341.37793254852295,0.1933902,341.6970965862274,0.1918476,342.3050911426544,0.451795,342.3399863243103,-65.1719
342.8050649166107,-0.0403029,343.11110401153564,-0.0416586,343.74620056152344,0.927195,344.21147298812866,0.0995964,344.53624510765076,0.191894,344.8868100643158,0.190362,345.53921031951904,0.44903,345.5721204280853,-65.9219
346.0343828201294,-0.0400742,346.3592002391815,-0.0414052,347.0079131126404,0.92112,347.4753625392914,0.0995959,347.79749584198,0.1903757,348.1433289051056,0.1888712,348.76995968818665,0.446319,348.8028748035431,-66.7188
349.26486134529114,-0.0398493,349.58465671539307,-0.0411568,350.20624017715454,0.915274,350.6723837852478,0.0995967,350.9920058250427,0.1889133,351.31195425987244,0.1874482,351.9360384941101,0.44368,351.96994709968567,-67.4688
352.4480085372925,-0.0396321,352.77121019363403,-0.0409175,353.4235107898712,0.909485,353.88781690597534,0.0995955,354.2035553455353,0.1874697,354.52900552749634,0.1860286,355.17889189720154,0.441047,355.2137985229492,-68.2422
355.6762726306915,-0.039412,356.0021302700043,-0.0406778,356.65377020835876,0.903768,357.11855602264404,0.0995967,357.4363329410553,0.1860373,357.76016497612,0.1846252,358.4110908508301,0.438457,358.4459960460663,-68.9219
358.9079613685608,-0.0391976,359.2312777042389,-0.0404409,359.8828430175781,0.898162,360.3476860523224,0.0995957,360.6710753440857,0.1846364,361.01840233802795,0.183231,361.62621331214905,0.43593,361.659884929657,-69.7031
362.1387777328491,-0.0389877,362.45768642425537,-0.0402079,363.08213806152344,0.892688,363.54504680633545,0.0995965,363.8659040927887,0.1832756,364.18382501602173,0.1819057,364.7896475791931,0.433484,364.82455372810364,-70.4844
365.304740190506,-0.0387857,365.62839436531067,-0.0399869,366.2800476551056,0.887323,366.74402713775635,0.0995951,367.0480468273163,0.1819384,367.3657364845276,0.1805996,367.9894211292267,0.43106,368.0237922668457,-71.1328
368.49051427841187,-0.0385853,368.82716631889343,-0.0397641,369.4629063606262,0.88203,369.9258539676666,0.0995955,370.24647283554077,0.1806274,370.56627917289734,0.1793026,371.18910551071167,0.42867,371.2240068912506,-71.7656
371.7008044719696,-0.038386,372.0244998931885,-0.0395438,372.6460542678833,0.876842,373.1088457107544,0.0995968,373.4307417869568,0.1793351,373.7460238933563,0.1780338,374.35523748397827,0.426329,374.38914465904236,-72.4922
374.86720609664917,-0.0381927,375.1907744407654,-0.0393332,375.8108913898468,0.871746,376.2735221385956,0.0995969,376.5950119495392,0.1780669,376.91393423080444,0.1767877,377.5216312408447,0.424037,377.55557084083557,-73.2656
378.0334758758545,-0.0380017,378.35806822776794,-0.039121,379.0099582672119,0.8667,379.4731249809265,0.0995971,379.7896544933319,0.176809,380.1163983345032,0.1755515,380.76833510398865,0.421725,380.80364441871643,-73.9375
381.26400899887085,-0.0378078,381.5839264392853,-0.0389098,382.2080554962158,0.86171,382.67195200920105,0.0995966,382.9887926578522,0.1755658,383.31165647506714,0.1743312,383.93429040908813,0.419498,383.9703438282013,-74.5
384.445237159729,-0.0376209,384.77020049095154,-0.0387044,385.42251682281494,0.856713,385.88511896133423,0.0995966,386.2090480327606,0.1743264,386.5549063682556,0.1730985,387.18150091171265,0.417227,387.2163782119751,-75.2344
387.67448353767395,-0.0374347,388.0000488758087,-0.0384943,388.6168689727783,0.851829,389.08289861679077,0.0995964,389.40635204315186,0.1731147,389.75945353507996,0.1719098,390.4106171131134,0.415015,390.44651794433594,-76.0
390.9234998226166,-0.0372506,391.2426257133484,-0.0382931,391.86402106285095,0.84698,392.3307886123657,0.0995964,392.64696764945984,0.1719106,392.9671821594238,0.1707429,393.59282994270325,0.412891,393.6387085914612,-76.6406
394.1209514141083,-0.0370724,394.4436399936676,-0.0380941,395.0966212749481,0.842243,395.57638144493103,0.0995973,395.89904975891113,0.1707337,396.2510645389557,0.1695749,396.90346932411194,0.410726,396.941365480423,-77.1641
397.41599345207214,-0.0368933,397.73882150650024,-0.0378956,398.3914771080017,0.837503,398.8582396507263,0.0995959,399.19315671920776,0.1695617,399.529869556427,0.1684333,400.1825249195099,0.408603,400.22042298316956,-77.875
400.69116616249084,-0.0367174,401.01461911201477,-0.0377028,401.63315320014954,0.832933,402.0974762439728,0.0995971,402.4213442802429,0.1684424,402.7369592189789,0.1673391,403.34787774086,0.406611,403.3857476711273,-78.4453
403.86064553260803,-0.0365517,404.17947006225586,-0.0375176,404.8032371997833,0.828548,405.2662425041199,0.0995963,405.5899667739868,0.1673636,405.94199538230896,0.1662699,406.5941171646118,0.4046,406.63301277160645,-79.0469
407.10682678222656,-0.0363846,407.4222424030304,-0.0373333,408.0339312553406,0.82415,408.49808049201965,0.0995958,408.81405210494995,0.1662804,409.13899064064026,0.1652183,409.79266452789307,0.402664,409.82776165008545,-79.7422
410.3044738769531,-0.036223,410.62012338638306,-0.0371528,411.2322766780853,0.819917,411.6960778236389,0.0995966,412.01471757888794,0.1652274,412.3360049724579,0.1641849,412.95662903785706,0.400768,412.9934229850769,-80.2031
413.4710717201233,-0.0360661,413.7892038822174,-0.0369784,414.3977825641632,0.815739,414.8587980270386,0.0995957,415.1784279346466,0.1642053,415.50218534469604,0.1631795,416.1252269744873,0.398918,416.16071605682373,-80.9531
416.6371364593506,-0.0359111,416.95440435409546,-0.0368072,417.56510877609253,0.811657,418.0280590057373,0.0995966,418.34930086135864,0.1631976,418.66851115226746,0.1621901,419.29234647750854,0.397094,419.3282194137573,-81.4688
419.80207324028015,-0.0357593,420.1238794326782,-0.0366372,420.7465479373932,0.807625,421.2273380756378,0.0995969,421.5433506965637,0.1621979,421.86606526374817,0.1612123,422.4879140853882,0.395276,422.5241901874542,-82.0078
422.99947929382324,-0.0356093,423.31807947158813,-0.036468,423.92999815940857,0.803652,424.3928339481354,0.0995976,424.7156710624695,0.1612309,425.0614860057831,0.1602525,425.6880941390991,0.393507,425.7239978313446,-82.5859
426.20072770118713,-0.0354613,426.5190315246582,-0.0363054,427.1440930366516,0.799732,427.6075382232666,0.0995965,427.92612385749817,0.1602593,428.2456576824188,0.1593095,428.8861048221588,0.391765,428.92300391197205,-83.1172
429.3978338241577,-0.0353164,429.7178509235382,-0.0361447,430.3425576686859,0.79587,430.8034851551056,0.0995965,431.1231758594513,0.1593107,431.44593930244446,0.1583766,432.06966495513916,0.390039,432.10656476020813,-83.625
432.5813891887665,-0.0351744,432.903653383255,-0.0359859,433.5376510620117,0.792044,434.0026698112488,0.099597,434.32351660728455,0.1583764,434.644327878952,0.1574623,435.2673065662384,0.388339,435.305207490921,-84.2578
435.77866435050964,-0.0350328,436.0981409549713,-0.0358299,436.722190618515,0.788328,437.18398809432983,0.099596,437.50418877601624,0.1574637,437.8265709877014,0.1565683,438.4493291378021,0.386685,438.48755168914795,-84.7422
438.9619929790497,-0.0348942,439.2812969684601,-0.0356758,439.90469574928284,0.784661,440.36866188049316,0.0995966,440.6903278827667,0.1565622,441.04010105133057,0.1556741,441.66405296325684,0.385018,441.70295119285583,-85.3281
442.17609572410583,-0.0347583,442.49604392051697,-0.0355224,443.11981558799744,0.780973,443.5987346172333,0.0995962,443.9223515987396,0.1556576,444.27423071861267,0.154785,444.92774629592896,0.383355,444.9666712284088,-85.8438
445.43858790397644,-0.034618,445.7572829723358,-0.035368,446.3821222782135,0.777326,446.86183309555054,0.0995977,447.1783871650696,0.1547559,447.50327730178833,0.1539109,448.1560661792755,0.381743,448.19197058677673,-86.3594
448.66883730888367,-0.0344845,448.9845621585846,-0.0352179,449.61235094070435,0.773751,450.0919191837311,0.0995961,450.4109308719635,0.1538833,450.73010897636414,0.1530568,451.3524866104126,0.380167,451.3893086910248,-86.8672
451.8671910762787,-0.0343562,452.1858558654785,-0.0350747,452.8096935749054,0.77028,453.2744982242584,0.0995965,453.5964300632477,0.1530425,453.946147441864,0.1522251,454.56897950172424,0.378622,454.60607147216797,-87.3984
455.07977843284607,-0.0342262,455.39751863479614,-0.0349303,456.02444791793823,0.766863,456.4881365299225,0.0995968,456.8111193180084,0.1522091,457.16297793388367,0.1514088,457.81585812568665,0.377075,457.8537566661835,-87.9688
458.3287913799286,-0.0340995,458.6497724056244,-0.0347872,459.2713305950165,0.76346,459.7351109981537,0.0995962,460.05294609069824,0.1513828,460.37476444244385,0.150607,460.9993200302124,0.375598,461.0385653972626,-88.4453
461.50568675994873,-0.0339776,461.8248338699341,-0.0346526,462.44884061813354,0.760216,462.9173104763031,0.0995958,463.2400314807892,0.1505878,463.5889542102814,0.149819,464.2125701904297,0.374139,464.2541410923004,-88.8047
464.74035906791687,-0.0338581,465.0602068901062,-0.0345168,465.6838912963867,0.756962,466.1457951068878,0.0995965,466.4704430103302,0.1497973,466.82230257987976,0.1490466,467.47423553466797,0.372688,467.5128185749054,-89.3516
467.9866678714752,-0.0337387,468.3094675540924,-0.0343824,468.96205043792725,0.75373,469.4246189594269,0.0995968,469.7477984428406,0.1490097,470.09279894828796,0.1482764,470.7205629348755,0.371285,470.75746417045593,-89.8281
471.23105931282043,-0.0336205,471.554083108902,-0.0342508,472.1761643886566,0.750613,472.655925989151,0.0995966,472.97947907447815,0.1482453,473.3309016227722,0.1475257,473.9506597518921,0.369885,473.98855805397034,-90.2734
474.4622437953949,-0.0335065,474.78557777404785,-0.0341215,475.4339759349823,0.747482,475.90246415138245,0.0995967,476.2221941947937,0.1474905,476.5451612472534,0.1467952,477.1978118419647,0.368513,477.2376730442047,-90.7891
477.72167444229126,-0.0333934,478.04728960990906,-0.0339956,478.7007839679718,0.744437,479.1647861003876,0.0995966,479.48314666748047,0.1467473,479.80246114730835,0.1460667,480.42813515663147,0.367178,480.4680275917053,-91.1563
480.9399082660675,-0.0332835,481.2618143558502,-0.0338724,481.9149925708771,0.741492,482.3790488243103,0.0995969,482.7019166946411,0.1460262,483.0506989955902,0.1453546,483.6743896007538,0.365854,483.7132692337036,-91.6719
484.1861262321472,-0.033175,484.5040943622589,-0.0337491,485.12887930870056,0.738592,485.6087691783905,0.0995966,485.9287509918213,0.1453173,486.2513327598572,0.1446676,486.9041953086853,0.364569,486.9410979747772,-92.0156
487.4159502983093,-0.0330695,487.7361752986908,-0.0336302,488.3601338863373,0.735712,488.8242247104645,0.0995964,489.1411349773407,0.1446234,489.4635019302368,0.1439853,490.08714509010315,0.36332,490.12504029273987,-92.5859
490.59706354141235,-0.0329677,490.9203794002533,-0.0335147,491.574364900589,0.732907,492.0371675491333,0.0995964,492.35793232917786,0.1439409,492.6801164150238,0.1433179,493.33263635635376,0.362059,493.3665452003479,-92.9688
493.8252155780792,-0.0328638,494.1356477737427,-0.0334,494.77248525619507,0.730165,495.2345063686371,0.099598,495.55539298057556,0.1432727,495.8731257915497,0.1426655,496.4830241203308,0.36085,496.5159361362457,-93.375
496.99466013908386,-0.0327662,497.3154492378235,-0.0332884,497.95309352874756,0.727457,498.4158556461334,0.0995963,498.721720457077,0.1426179,499.05817317962646,0.1420249,499.6659960746765,0.359684,499.6989052295685,-93.8281
500.17707872390747,-0.0326685,500.4999086856842,-0.0331764,501.1527910232544,0.724783,501.61713218688965,0.0995958,501.9321870803833,0.1419658,502.24322843551636,0.1413872,502.8802156448364,0.358493,502.9176375865936,-94.1406
503.3902826309204,-0.0325701,503.7069296836853,-0.0330675,504.3197054862976,0.722172,504.7816541194916,0.0995963,505.1021716594696,0.1413268,505.4251639842987,0.1407592,506.07876443862915,0.357317,506.112673997879,-94.5313
506.57448649406433,-0.0324735,506.8813900947571,-0.0329579,507.51653814315796,0.719528,507.9778232574463,0.099597,508.29962038993835,0.1406873,508.61949038505554,0.1401327,509.22616958618164,0.356159,509.25922203063965,-94.9531
509.7248740196228,-0.0323776,510.0417432785034,-0.0328501,510.6516921520233,0.716985,511.11602449417114,0.0995966,511.4388337135315,0.14007,511.78670048713684,0.1395229,512.394522190094,0.355042,512.4283838272095,-95.4219
512.9071531295776,-0.0322855,513.2299928665161,-0.0327432,513.8816123008728,0.714426,514.3464150428772,0.0995966,514.6628618240356,0.1394451,514.9880566596985,0.1389219,515.6408381462097,0.353907,515.6727240085602,-95.6406
516.1385614871979,-0.032191,516.4916026592255,-0.0326366,517.1442468166351,0.711876,517.6082410812378,0.0995974,517.9152588844299,0.1388295,518.2512621879578,0.1383178,518.9038548469543,0.35279,518.9367694854736,-96.1719
519.3983752727509,-0.0320997,519.7226448059082,-0.0325335,520.374311208725,0.709397,520.8390300273895,0.099597,521.1389353275299,0.1382289,521.4418663978577,0.1377326,522.0502355098724,0.351721,522.0871453285217,-96.4063
522.5630679130554,-0.032012,522.8849675655365,-0.0324333,523.5097484588623,0.707049,523.9723491668701,0.0995972,524.2772445678711,0.1376593,524.5780460834503,0.1371747,525.1877737045288,0.350692,525.2206840515137,-96.8438
525.6996438503265,-0.0319258,526.0202822685242,-0.0323364,526.6270904541016,0.704735,527.0908198356628,0.0995972,527.4106523990631,0.1370988,527.7314767837524,0.1366252,528.337614774704,0.349677,528.3705263137817,-97.2188
528.8342833518982,-0.0318422,529.1577262878418,-0.0322394,529.8103275299072,0.702433,530.2698521614075,0.0995965,530.5801341533661,0.1365387,530.9118583202362,0.1360779,531.5368618965149,0.348641,531.5697741508484,-97.4453
532.032594203949,-0.031758,532.3521974086761,-0.032146,532.976283788681,0.70017,533.4392671585083,0.0995975,533.7451918125153,0.1359898,534.0797908306122,0.1355432,534.7038338184357,0.347662,534.7367312908173,-97.9063
535.2000210285187,-0.0316758,535.5223743915558,-0.0320501,536.1750192642212,0.697917,536.6387624740601,0.0995963,536.9615778923035,0.1354481,537.3130233287811,0.1350085,537.9651832580566,0.346657,538.001086473465,-98.1953
538.4612519741058,-0.0315937,538.7816152572632,-0.0319573,539.402242898941,0.695703,539.8690314292908,0.0995973,540.1883499622345,0.1349124,540.5078110694885,0.1344891,541.1151185035706,0.345713,541.1500272750854,-98.6172
541.6269195079803,-0.0315149,541.9507977962494,-0.0318695,542.6023983955383,0.693548,543.0664994716644,0.099597,543.3870425224304,0.1343886,543.7098894119263,0.1339777,544.3297543525696,0.344744,544.3656578063965,-98.9453
544.8423388004303,-0.031436,545.1650292873383,-0.0317783,545.8170895576477,0.691402,546.2808878421783,0.0995964,546.6039159297943,0.1338702,546.9546411037445,0.1334673,547.5922775268555,0.343793,547.6241626739502,-99.2656
548.0882976055145,-0.0313565,548.404224395752,-0.0316903,549.0161519050598,0.689303,549.479975938797,0.0995966,549.8028326034546,0.1333627,550.1510233879089,0.1329702,550.7743699550629,0.342885,550.8069748878479,-99.6797
551.2699527740479,-0.0312822,551.5927667617798,-0.0316044,552.244969367981,0.687227,552.7093684673309,0.0995971,553.0170893669128,0.1328593,553.3484261035919,0.1324827,553.9735398292542,0.341979,554.0054533481598,-99.8203
554.4645221233368,-0.0312087,554.7921273708344,-0.0315212,555.4426426887512,0.685181,555.9084937572479,0.099597,556.2272846698761,0.1323672,556.5461375713348,0.1320027,557.1707825660706,0.341078,557.2037253379822,-100.1953
557.6681802272797,-0.0311363,557.9863812923431,-0.0314368,558.6101047992706,0.683206,559.0748062133789,0.099597,559.3976097106934,0.1318842,559.7493870258331,0.1315263,560.3982465267181,0.340185,560.4334754943848,-100.5391
560.8969259262085,-0.0310633,561.2199327945709,-0.0313524,561.8727657794952,0.681159,562.3363358974457,0.0995961,562.6591348648071,0.1313904,562.9941291809082,0.1310463,563.647219657898,0.339308,563.6834759712219,-100.9219
564.1442074775696,-0.0309908,564.4662594795227,-0.0312703,565.1197733879089,0.679149,565.582846403122,0.0995973,565.905131816864,0.1309045,566.2581038475037,0.1305665,566.9107389450073,0.338421,566.943651676178,-101.125
567.4066574573517,-0.0309178,567.7263133525848,-0.0311873,568.3332366943359,0.677185,568.7969038486481,0.0995973,569.1176514625549,0.1304298,569.4346659183502,0.1301104,570.0450580120087,0.337582,570.0789377689362,-101.6328
570.5557570457458,-0.0308494,570.8746182918549,-0.0311085,571.4842901229858,0.675305,571.9470977783203,0.0995967,572.2707896232605,0.1299755,572.6188409328461,0.1296626,573.227543592453,0.336758,573.2594585418701,-101.75
573.7361958026886,-0.0307806,574.0590598583221,-0.0310303,574.6837136745453,0.673448,575.1464762687683,0.0995968,575.4692220687866,0.1295249,575.7861394882202,0.1292268,576.408854007721,0.335945,576.4409780502319,-102.0625
576.9047811031342,-0.0307133,577.2278146743774,-0.0309536,577.8483703136444,0.671641,578.3129487037659,0.0995965,578.6323730945587,0.1290871,578.9516303539276,0.1287999,579.5602557659149,0.335161,579.5931675434113,-102.375
580.0559847354889,-0.0306497,580.361944437027,-0.0308817,580.9994280338287,0.669873,581.4584619998932,0.0995982,581.7626488208771,0.1286584,582.0672569274902,0.1283831,582.6739535331726,0.334401,582.7078914642334,-102.6875
583.1867985725403,-0.0305874,583.5054447650909,-0.0308084,584.1133716106415,0.668132,584.5795331001282,0.0995976,584.897891998291,0.1282395,585.225861787796,0.1279733,585.844749212265,0.33363,585.8766951560974,-102.9297
586.3525981903076,-0.0305256,586.6811139583588,-0.0307364,587.3322594165802,0.666388,587.7955844402313,0.0995975,588.1137986183167,0.1278182,588.4324676990509,0.1275608,589.0583009719849,0.332871,589.0902178287506,-103.2813
589.5708239078522,-0.0304618,589.8936636447906,-0.0306629,590.5094335079193,0.664689,590.9763429164886,0.0995963,591.283894777298,0.1274073,591.619077205658,0.1271582,592.2370233535767,0.332137,592.270932674408,-103.4375
592.7324528694153,-0.0304016,593.0401072502136,-0.0305949,593.6506204605103,0.663033,594.1275849342346,0.0995973,594.4473884105682,0.1270057,594.767745256424,0.1267664,595.3908679485321,0.331417,595.4237494468689,-103.8047
595.8825099468231,-0.0303408,596.2093403339386,-0.0305261,596.8621590137482,0.661355,597.3268120288849,0.0995969,597.6505582332611,0.1266022,598.0014581680298,0.1263697,598.6538171768188,0.330672,598.687726020813,-104.0547
599.1526329517365,-0.0302789,599.4875946044922,-0.0304531,600.1073782444,0.659687,600.588136434555,0.0995967,600.9089381694794,0.1261963,601.2275340557098,0.125978,601.851461648941,0.329957,601.8853697776794,-104.3125
602.3472325801849,-0.0302181,602.6668543815613,-0.0303852,603.2747547626495,0.658077,603.7394638061523,0.0995967,604.0622887611389,0.1258106,604.3791723251343,0.1255997,605.0027735233307,0.329241,605.037668466568,-104.5625
605.510547876358,-0.0301613,605.8323786258698,-0.0303176,606.4561114311218,0.656484,606.9209380149841,0.0995958,607.2409541606903,0.1254245,607.5639846324921,0.1252235,608.2169055938721,0.328552,608.2507836818695,-104.7188
608.7124326229095,-0.0301034,609.0354249477386,-0.0302523,609.6722676753998,0.654883,610.1360161304474,0.0995978,610.4588468074799,0.125038,610.8106906414032,0.1248417,611.4636514186859,0.327836,611.5012831687927,-105.1406
611.9751720428467,-0.0300426,612.2970821857452,-0.0301846,612.9500484466553,0.653275,613.4133336544037,0.0995973,613.7332599163055,0.1246499,614.0569310188293,0.1244666,614.7096719741821,0.327148,614.7437133789062,-105.3672
615.2033987045288,-0.0299847,615.5281965732574,-0.0301173,616.178834438324,0.651726,616.6435809135437,0.0995974,616.9674134254456,0.1242782,617.3192501068115,0.1241014,617.9715220928192,0.326473,618.004433631897,-105.5781
618.4666655063629,-0.0299306,618.7873892784119,-0.0300552,619.3951444625854,0.650212,619.8582110404968,0.0995969,620.1627495288849,0.1239156,620.4859027862549,0.1237512,621.1357908248901,0.32582,621.1710228919983,-105.8984
621.6491549015045,-0.0298766,621.971996307373,-0.0299931,622.6228778362274,0.64872,623.0881063938141,0.0995973,623.4084284305573,0.1235532,623.7284610271454,0.1233987,624.3364641666412,0.325165,624.3702125549316,-106.0156
624.8483805656433,-0.0298232,625.1709492206573,-0.0299312,625.8230981826782,0.647246,626.2876372337341,0.0995971,626.6044976711273,0.1232018,626.9303092956543,0.123056,627.5830166339874,0.324511,627.617922782898,-106.2813
628.0927228927612,-0.0297702,628.4175488948822,-0.0298719,629.0702333450317,0.645787,629.5324223041534,0.0995973,629.852831363678,0.1228496,630.1766879558563,0.122711,630.8285346031189,0.323896,630.8644459247589,-106.6172
631.3382287025452,-0.029721,631.6639597415924,-0.0298142,632.3164026737213,0.644357,632.7787590026855,0.099598,633.0997271537781,0.1225028,633.4190411567688,0.1223731,634.0427575111389,0.32328,634.0766642093658,-106.8125
634.5554473400116,-0.0296709,634.8783323764801,-0.0297559,635.5309627056122,0.642954,635.9947655200958,0.099597,636.3125703334808,0.1221627,636.6353287696838,0.1220432,637.2732756137848,0.322666,637.3061857223511,-107.0625
637.7850775718689,-0.0296212,638.1050229072571,-0.029699,638.725784778595,0.641585,639.1924991607666,0.0995963,639.5104823112488,0.1218344,639.8194351196289,0.1217203,640.4564971923828,0.322074,640.4904043674469,-107.1875
640.9679763317108,-0.0295723,641.2833740711212,-0.0296436,641.9079263210297,0.640248,642.3934466838837,0.0995974,642.7264626026154,0.1215087,643.0493731498718,0.1214054,643.702303647995,0.321484,643.7372097969055,-107.4375
644.1985399723053,-0.0295245,644.5178844928741,-0.0295876,645.1420259475708,0.638919,645.6057500839233,0.0995975,645.9255957603455,0.1211924,646.2449395656586,0.1210942,646.8649566173553,0.320925,646.9028866291046,-107.6172
647.3763656616211,-0.0294775,647.6964015960693,-0.0295334,648.3197164535522,0.637624,648.78289103508,0.0995974,649.0880024433136,0.1208805,649.3909411430359,0.1207916,650.015218257904,0.320366,650.0560786724091,-107.8438
650.5270173549652,-0.0294309,650.8462972640991,-0.0294803,651.4769284725189,0.636357,651.9705147743225,0.0995977,652.2924308776855,0.1205738,652.6383104324341,0.120488,653.2490608692169,0.319805,653.2849931716919,-108.1094
653.7584209442139,-0.029385,654.0805289745331,-0.0294295,654.6885201931,0.635096,655.1525328159332,0.0995974,655.4745302200317,0.1202714,655.824859380722,0.1201928,656.4322626590729,0.319266,656.4691615104675,-108.3281
656.9429354667664,-0.0293414,657.2637689113617,-0.0293775,657.8863480091095,0.63386,658.3498771190643,0.0995973,658.6740555763245,0.1199729,658.9890794754028,0.1199037,659.5984990596771,0.318737,659.6353650093079,-108.5938
660.1092734336853,-0.0292984,660.4300546646118,-0.0293268,661.0536730289459,0.63265,661.5168695449829,0.0995965,661.84024477005,0.1196814,662.1921060085297,0.1196149,662.8437116146088,0.318198,662.8771669864655,-108.7031
663.3394303321838,-0.0292527,663.6623258590698,-0.0292765,664.2831599712372,0.631433,664.747731924057,0.0995978,665.0697348117828,0.119389,665.4193708896637,0.119332,666.0418887138367,0.31768,666.0751869678497,-108.9141
666.5387966632843,-0.0292127,666.8607318401337,-0.0292276,667.4973933696747,0.630242,667.9611494541168,0.0995972,668.2841384410858,0.1191005,668.6360940933228,0.1190491,669.2885406017303,0.317153,669.3224196434021,-109.1094
669.7966551780701,-0.02917,670.117559671402,-0.0291789,670.7436852455139,0.629038,671.2092008590698,0.0995977,671.5281608104706,0.1188104,671.8450219631195,0.1187701,672.4716560840607,0.316648,672.505562543869,-109.3281
672.9671428203583,-0.0291289,673.2903237342834,-0.0291309,673.9428856372833,0.627881,674.4066219329834,0.099597,674.7292912006378,0.1185302,675.0473191738129,0.1184985,675.6859719753265,0.31614,675.7207856178284,-109.4531
676.1976633071899,-0.0290879,676.519734621048,-0.0290822,677.1732289791107,0.626714,677.6369428634644,0.0995973,677.9567770957947,0.1182518,678.2795798778534,0.1182253,678.9322998523712,0.315637,678.9677028656006,-109.8125
679.442444562912,-0.0290461,679.763845205307,-0.0290331,680.3874671459198,0.625582,680.8512434959412,0.099596,681.1731789112091,0.1179811,681.5188882350922,0.1179598,682.1305410861969,0.31515,682.1681931018829,-110.0078
682.6437387466431,-0.0290053,682.9766817092896,-0.0289881,683.5841219425201,0.624488,684.0515646934509,0.0995974,684.3876628875732,0.1177139,684.7397646903992,0.1176994,685.3759028911591,0.314683,685.4102947711945,-110.0781
685.8885440826416,-0.0289665,686.2116315364838,-0.0289432,686.8639433383942,0.623366,687.3276093006134,0.0995971,687.6504557132721,0.117446,687.9973568916321,0.1174387,688.6229794025421,0.314201,688.6568603515625,-110.2734
689.133533000946,-0.0289288,689.4545090198517,-0.0288987,690.0749402046204,0.622301,690.5401179790497,0.099598,690.8458018302917,0.1171882,691.1676850318909,0.1171899,691.8191514015198,0.313738,691.8546195030212,-110.5313
692.3156039714813,-0.0288912,692.6368806362152,-0.0288561,693.2435698509216,0.621255,693.7073364257812,0.0995971,694.0071997642517,0.1169389,694.3179619312286,0.1169462,694.954573392868,0.313292,694.9894781112671,-110.5859
695.4666109085083,-0.028855,695.7871913909912,-0.0288132,696.4098603725433,0.620236,696.8746309280396,0.0995969,697.1974654197693,0.1166907,697.5484812259674,0.1167007,698.200192451477,0.312841,698.2360677719116,-110.8203
698.7119889259338,-0.0288179,699.0356142520905,-0.0287706,699.6886105537415,0.619188,700.1526756286621,0.0995976,700.4756062030792,0.1164384,700.8235399723053,0.116454,701.4280295372009,0.312399,701.4669260978699,-111.0313
701.9399833679199,-0.0287811,702.2592022418976,-0.0287277,702.8714563846588,0.618178,703.3342640399933,0.0995967,703.6532738208771,0.1161964,703.9609677791595,0.1162207,704.5985507965088,0.311957,704.6319100856781,-111.125
705.0941429138184,-0.0287446,705.4171450138092,-0.0286863,706.0697872638702,0.617179,706.5332903862,0.0995975,706.856360912323,0.1159542,707.1880586147308,0.1159835,707.8111355304718,0.311533,707.8420526981354,-111.3047
708.3075172901154,-0.0287082,708.6313369274139,-0.0286433,709.283362865448,0.616194,709.7477295398712,0.0995965,710.0537588596344,0.1157178,710.3884310722351,0.1157536,711.0262796878815,0.311104,711.0551996231079,-111.4141
711.5218017101288,-0.0286726,711.8425204753876,-0.0286047,712.4494984149933,0.615239,712.9140281677246,0.0995971,713.2202332019806,0.1154881,713.5510654449463,0.1155304,714.1765813827515,0.310697,714.2054724693298,-111.5391
714.672648191452,-0.0286406,714.9891502857208,-0.0285651,715.5999987125397,0.614306,716.063499212265,0.0995967,716.3867123126984,0.1152651,716.7383425235748,0.115312,717.3598210811615,0.310285,717.3887481689453,-111.8125
717.8555588722229,-0.0286076,718.1783676147461,-0.0285284,718.8311700820923,0.613362,719.294823884964,0.0995953,719.6008062362671,0.1150401,719.9367277622223,0.1150941,720.5741291046143,0.309884,720.6034715175629,-111.9375
721.0678606033325,-0.0285759,721.391845703125,-0.0284914,722.0435695648193,0.61245,722.4931490421295,0.0995971,722.8000240325928,0.1148216,723.1292552947998,0.1148815,723.7368762493134,0.309506,723.7673258781433,-112.1563
724.2352478504181,-0.0285438,724.5596084594727,-0.0284549,725.1797368526459,0.611571,725.6435008049011,0.0995971,725.9435622692108,0.1146102,726.2667393684387,0.1146761,726.9068574905396,0.309122,726.936767578125,-112.2109
727.3987936973572,-0.0285136,727.7245662212372,-0.0284198,728.3452301025391,0.610701,728.80925822258,0.0995972,729.1099815368652,0.1143998,729.4199883937836,0.1144716,730.0406727790833,0.30875,730.070591211319,-112.3906
730.5366377830505,-0.028485,730.8566310405731,-0.0283858,731.4804532527924,0.609854,731.9412724971771,0.0995963,732.2478358745575,0.1141977,732.551619052887,0.1142734,733.1586148738861,0.308393,733.1875374317169,-112.5547
733.6554048061371,-0.0284558,733.9621889591217,-0.0283501,734.5828776359558,0.609027,735.0446448326111,0.0995969,735.3527488708496,0.1139969,735.6851909160614,0.1140767,736.2940425872803,0.308036,736.3229358196259,-112.7891
736.7851448059082,-0.0284254,737.0894355773926,-0.0283163,737.7103772163391,0.608209,738.1806616783142,0.0995979,738.4818799495697,0.1137976,738.7861545085907,0.1138847,739.4114899635315,0.307679,739.4424066543579,-112.7734
739.9082229137421,-0.0283977,740.2141671180725,-0.028286,740.8329112529755,0.607391,741.2823145389557,0.0995966,741.5833008289337,0.1136034,741.8933203220367,0.1136959,742.5099353790283,0.307337,742.5408818721771,-112.9531
742.9942624568939,-0.0283714,743.3004698753357,-0.0282526,743.9217445850372,0.606599,744.3852646350861,0.0995968,744.6886048316956,0.1134098,744.9956784248352,0.1135079,745.6166722774506,0.306988,745.6445994377136,-113.0469
746.1132848262787,-0.0283427,746.4327111244202,-0.0282207,747.0362846851349,0.605795,747.4881947040558,0.0995971,747.7950699329376,0.1132207,748.1309187412262,0.1133215,748.7830560207367,0.306636,748.8159668445587,-113.1875
749.2792408466339,-0.0283145,749.599095582962,-0.0281875,750.2068512439728,0.605016,750.6675941944122,0.0995973,750.9773964881897,0.1130299,751.2972197532654,0.1131346,751.9334280490875,0.306309,751.9633934497833,-113.4219
752.4285788536072,-0.0282871,752.7494451999664,-0.0281545,753.357125043869,0.604226,753.8199050426483,0.0995965,754.1277344226837,0.1128397,754.4634146690369,0.1129486,755.1157333850861,0.305959,755.1478233337402,-113.4688
755.6071105003357,-0.0282571,755.9186716079712,-0.0281218,756.5393908023834,0.603436,757.0023024082184,0.0995966,757.3099210262299,0.1126491,757.6448090076447,0.1127631,758.2655575275421,0.305633,758.2977139949799,-113.5547
758.7583787441254,-0.0282299,759.0632779598236,-0.0280906,759.6731045246124,0.602678,760.133739233017,0.0995961,760.4386968612671,0.1124659,760.7403781414032,0.112586,761.3479380607605,0.305311,761.3818507194519,-113.7969
761.8436686992645,-0.0282057,762.1489908695221,-0.0280607,762.7562544345856,0.601939,763.2228202819824,0.0995966,763.5276567935944,0.1122895,763.833607673645,0.1124127,764.4551441669464,0.304984,764.4850685596466,-113.9219
764.9501159191132,-0.0281789,765.266655921936,-0.0280285,765.8773047924042,0.601192,766.3411915302277,0.0995962,766.6489045619965,0.1121095,766.9847071170807,0.112239,767.6373183727264,0.304656,767.6675126552582,-113.9766
768.1297764778137,-0.0281523,768.4398944377899,-0.0279966,769.0596630573273,0.600447,769.5232939720154,0.099597,769.8262085914612,0.1119306,770.1470229625702,0.1120642,770.7546136379242,0.304345,770.784503698349,-114.3594
771.2504715919495,-0.0281253,771.5573134422302,-0.0279692,772.1768116950989,0.599732,772.6426665782928,0.0995968,772.9445369243622,0.1117587,773.2524089813232,0.1118978,773.8732810020447,0.304036,773.9032039642334,-114.3047
774.3680663108826,-0.0281014,774.6886882781982,-0.0279392,775.2969832420349,0.599032,775.7606842517853,0.0995964,776.0677063465118,0.1115915,776.3957533836365,0.1117332,777.0063390731812,0.303744,777.0372045040131,-114.4375
777.5040323734283,-0.0280777,777.8219056129456,-0.0279105,778.4306213855743,0.598345,778.8953309059143,0.0995973,779.2021265029907,0.111426,779.5380110740662,0.1115727,780.1725866794586,0.303455,780.2025051116943,-114.6875
780.6703412532806,-0.0280529,780.9862003326416,-0.0278823,781.595712184906,0.597679,782.0588278770447,0.0995972,782.368451833725,0.111262,782.6975553035736,0.1114118,783.3089423179626,0.303171,783.3378684520721,-114.6719
783.8036935329437,-0.0280293,784.1057558059692,-0.0278554,784.73118019104,0.597007,785.1984941959381,0.0995971,785.514888048172,0.1111012,785.8153250217438,0.1112566,786.1202535629272,0.3029028,786.1608626842499,-114.7266
786.4911923408508,-0.0280094,786.8132236003876,-0.027833,787.466659784317,0.596437,787.9295716285706,0.0995967,788.2333459854126,0.110964,788.5372843742371,0.1111239,788.8572885990143,0.3026588,788.8872082233429,-114.9297
789.1962130069733,-0.0279919,789.5290884971619,-0.0278109,790.1527128219604,0.595875,790.6156904697418,0.0995971,790.9206838607788,0.1108299,791.2244219779968,0.1109936,791.5284841060638,0.3024205,791.5584037303925,-114.9844
791.880322933197,-0.027973,792.1795165538788,-0.0277898,792.7918791770935,0.595335,793.254629611969,0.0995963,793.5784850120544,0.1107013,793.9302411079407,0.1108645,794.2821385860443,0.3021815,794.3349585533142,-115.1328
794.6629495620728,-0.0279528,794.9853529930115,-0.0277676,795.6224646568298,0.594759,796.0861921310425,0.0995964,796.4059932231903,0.1105638,796.7257997989655,0.110732,797.0317702293396,0.3019436,797.0840117931366,-115.2813
797.4108681678772,-0.0279356,797.7362496852875,-0.0277451,798.3719794750214,0.594219,798.8357326984406,0.0995975,799.1435253620148,0.1104317,799.4625890254974,0.1106033,799.7940573692322,0.3017044,799.8402469158173,-115.3125
800.1629588603973,-0.027917,800.4865200519562,-0.0277242,801.1074945926666,0.593681,801.5681490898132,0.0995974,801.8779773712158,0.1103013,802.2117867469788,0.1104768,802.562638759613,0.3014798,802.5924785137177,-115.4297
802.9135780334473,-0.0278981,803.229562997818,-0.0277031,803.8412933349609,0.593149,804.303071975708,0.099597,804.6120455265045,0.1101737,804.9266655445099,0.1103513,805.2287557125092,0.3012533,805.2596728801727,-115.5
805.5683944225311,-0.0278814,805.8756949901581,-0.0276811,806.4965798854828,0.592637,806.9603478908539,0.0995974,807.2596096992493,0.1100499,807.5652358531952,0.1102317,807.8908958435059,0.301027,807.9426853656769,-115.5
808.2556812763214,-0.0278631,808.5755472183228,-0.0276611,809.1832051277161,0.592125,809.6460108757019,0.0995971,809.950257062912,0.1099267,810.2687790393829,0.1101117,810.5714616775513,0.3008186,810.6224100589752,-115.6328
810.9452679157257,-0.0278462,811.2736480236053,-0.027641,811.8840537071228,0.591617,812.3495275974274,0.0995972,812.6713495254517,0.1098053,813.0081915855408,0.1099931,813.3380167484283,0.3005903,813.3677380084991,-115.7031
813.6918699741364,-0.0278277,813.9988422393799,-0.0276203,814.6194567680359,0.591113,815.0835070610046,0.0995972,815.4009320735931,0.1096849,815.7107787132263,0.1098763,816.0455796718597,0.3003832,816.0964570045471,-115.7969
816.4114434719086,-0.027811,816.7312228679657,-0.0275993,817.3540530204773,0.590626,817.8183717727661,0.0995974,818.1246118545532,0.1095663,818.46049284935,0.1097612,818.8124642372131,0.3001709,818.8487956523895,-115.9375
819.1772603988647,-0.0277935,819.4971506595612,-0.0275792,820.1037125587463,0.590141,820.5674068927765,0.0995971,820.8726465702057,0.1094483,821.1777167320251,0.1096462,821.4923050403595,0.2999703,821.5232226848602,-116.1094
821.8433673381805,-0.0277774,822.1485455036163,-0.0275603,822.7592172622681,0.589666,823.2224168777466,0.0995975,823.5305867195129,0.1093361,823.8634595870972,0.1095361,824.1664667129517,0.2997667,824.2152397632599,-116.0859
824.5351617336273,-0.0277616,824.8419644832611,-0.0275422,825.4626688957214,0.589204,825.9254548549652,0.0995971,826.2329165935516,0.1092216,826.5666897296906,0.1094262,826.9172604084015,0.2995621,826.9471988677979,-116.1797
827.2696871757507,-0.0277451,827.5857303142548,-0.0275219,828.194981098175,0.588727,828.6599974632263,0.0995966,828.9666078090668,0.1091083,829.2869465351105,0.1093144,829.6184952259064,0.2993616,829.6494128704071,-116.2188
829.97145819664,-0.0277302,830.2752909660339,-0.0275041,830.8825607299805,0.588262,831.3476138114929,0.0995969,831.6476542949677,0.1089968,831.95831823349,0.109206,832.2947416305542,0.2991626,832.3448011875153,-116.3281
832.6749639511108,-0.0277154,832.9947500228882,-0.0274861,833.5976705551147,0.58781,834.0494792461395,0.0995977,834.3522880077362,0.1088874,834.6563293933868,0.1091004,834.976279258728,0.2989661,835.0090007781982,-116.4063
835.3290820121765,-0.0276985,835.6291754245758,-0.0274694,836.2407238483429,0.587358,836.7017266750336,0.0995967,837.0109875202179,0.1087813,837.3276269435883,0.1089965,837.6287698745728,0.298781,837.6576943397522,-116.5156
837.9673466682434,-0.0276836,838.2746741771698,-0.0274515,838.8958170413971,0.586929,839.3592276573181,0.0995976,839.6586728096008,0.1086775,839.9699535369873,0.1088963,840.2989859580994,0.2985972,840.3311014175415,-116.5313
840.6546339988708,-0.0276698,840.9560084342957,-0.0274355,841.5822141170502,0.586502,842.0453095436096,0.0995965,842.3471992015839,0.1085746,842.6697449684143,0.1087951,842.9767234325409,0.2984093,843.0285694599152,-116.625
843.3596663475037,-0.0276545,843.67533826828,-0.027417,844.300234079361,0.586065,844.7630903720856,0.0995971,845.0707695484161,0.1084715,845.406831741333,0.1086934,845.7523097991943,0.2982216,845.7841737270355,-116.7188
846.1067702770233,-0.0276401,846.4125204086304,-0.0273994,847.0351119041443,0.585649,847.4992575645447,0.0995974,847.8154873847961,0.1083673,848.1259980201721,0.1085944,848.4618031978607,0.2980476,848.5125668048859,-116.7344
848.8425922393799,-0.0276252,849.1426224708557,-0.0273807,849.7533226013184,0.585225,850.2171087265015,0.0995965,850.5240993499756,0.1082668,850.8417935371399,0.1084962,851.1767075061798,0.2978627,851.2056317329407,-116.9219
851.5317490100861,-0.0276094,851.8617286682129,-0.0273629,852.4727070331573,0.584808,852.9361302852631,0.0995974,853.2382969856262,0.1081667,853.5606679916382,0.1083973,853.8601524829865,0.2976866,853.8890750408173,-116.9375
854.1997790336609,-0.027596,854.5154864788055,-0.0273479,855.1432614326477,0.584405,855.6059727668762,0.0995974,855.907883644104,0.1080686,856.2177197933197,0.108302,856.5492894649506,0.2975103,856.5989925861359,-117.0313
856.9175148010254,-0.0275807,857.225163936615,-0.0273307,857.8430092334747,0.583993,858.3092968463898,0.0995975,858.6119768619537,0.1079698,858.9159502983093,0.1082072,859.2372448444366,0.297342,859.2851147651672,-117.125
859.6028847694397,-0.0275666,859.9045674800873,-0.0273151,860.5154831409454,0.583593,860.9791815280914,0.099598,861.2866280078888,0.1078747,861.6187219619751,0.1081129,861.9192237854004,0.297164,861.9508917331696,-117.1797
862.2785089015961,-0.0275513,862.6103286743164,-0.0272965,863.218563079834,0.583195,863.6827917098999,0.0995971,863.9988102912903,0.1077803,864.3038322925568,0.1080206,864.6075060367584,0.2969954,864.6508407592773,-117.2891
864.9773349761963,-0.027537,865.2840738296509,-0.0272808,865.9207525253296,0.582809,866.3847486972809,0.0995973,866.7070279121399,0.1076876,867.0437517166138,0.1079281,867.3738026618958,0.2968249,867.4046878814697,-117.25
867.7285592556,-0.0275224,868.028573513031,-0.0272643,868.6400513648987,0.582421,869.1038243770599,0.099598,869.4076857566833,0.1075935,869.7392234802246,0.1078387,870.0444815158844,0.2966624,870.0763962268829,-117.3281
870.4124894142151,-0.0275096,870.7175488471985,-0.0272486,871.3258874416351,0.582042,871.7903673648834,0.099597,872.0923080444336,0.1075013,872.4171257019043,0.10775,872.7479763031006,0.2965002,872.7968459129333,-117.3438
873.1177864074707,-0.0274961,873.4205996990204,-0.0272331,874.0281984806061,0.581663,874.4930510520935,0.0995958,874.7957561016083,0.1074094,875.1037800312042,0.1076587,875.4357075691223,0.2963324,875.4845757484436,-117.4375
875.8035640716553,-0.0274834,876.1042211055756,-0.0272181,876.7141165733337,0.581285,877.1795637607574,0.0995971,877.4988088607788,0.1073185,877.8185305595398,0.1075709,878.1186056137085,0.2961708,878.1495218276978,-117.5313
878.4738397598267,-0.0274716,878.7796988487244,-0.027204,879.3975410461426,0.580912,879.8652358055115,0.0995966,880.1812536716461,0.1072307,880.5041289329529,0.1074861,880.8243951797485,0.2960217,880.8543996810913,-117.6797
881.1724972724915,-0.0274595,881.4766838550568,-0.0271891,882.0845148563385,0.580562,882.5518445968628,0.0995974,882.8543541431427,0.1071474,883.1762030124664,0.1074058,883.4800524711609,0.2958729,883.5109722614288,-117.6406
883.817841053009,-0.0274482,884.1546084880829,-0.027177,884.7735216617584,0.580231,885.2390804290771,0.099597,885.5429267883301,0.1070678,885.8497574329376,0.1073293,886.1847910881042,0.2957399,886.2286665439606,-117.7734
886.5493733882904,-0.0274383,886.8701746463776,-0.0271651,887.4770781993866,0.579935,887.9416134357452,0.0995963,888.2414844036102,0.1069978,888.5483968257904,0.1072643,888.8550732135773,0.2956212,888.9069111347198,-117.8281
889.2240133285522,-0.0274299,889.559805393219,-0.0271524,890.1964540481567,0.579664,890.6594083309174,0.099597,890.9822452068329,0.1069349,891.333596944809,0.1072036,891.6537818908691,0.2955087,891.6885647773743,-117.8672
892.0184490680695,-0.0274223,892.3381567001343,-0.0271446,892.9449007511139,0.579427,893.4106051921844,0.0995975,893.7166128158569,0.1068807,894.0515673160553,0.1071506,894.3518288135529,0.2954212,894.3837869167328,-117.9609
894.6893458366394,-0.0274164,894.9913983345032,-0.0271365,895.6007733345032,0.579229,896.0647699832916,0.0995968,896.3827927112579,0.1068344,896.7008571624756,0.1071068,897.0115172863007,0.2953357,897.0593414306641,-118.0
897.3910484313965,-0.0274117,897.7147946357727,-0.027129,898.3166708946228,0.579049,898.7831084728241,0.0995972,899.1029162406921,0.1067936,899.4265904426575,0.1070682,899.7784888744354,0.2952642,899.8303182125092,-117.8672
900.1423289775848,-0.0274057,900.466048002243,-0.027123,901.1149396896362,0.578886,901.580516576767,0.0995972,901.8882884979248,0.1067533,902.2250874042511,0.1070294,902.5468394756317,0.2951955,902.5993959903717,-118.0703
902.9257555007935,-0.0274014,903.2452158927917,-0.0271166,903.8675713539124,0.578742,904.333137512207,0.0995982,904.6555941104889,0.1067198,904.9716987609863,0.1069965,905.3084723949432,0.29514,905.3383619785309,-118.0313
905.6603493690491,-0.0273965,905.9611320495605,-0.0271113,906.569756269455,0.578623,907.0362372398376,0.0995974,907.3584809303284,0.1066931,907.6737205982208,0.1069728,907.9777112007141,0.2950924,908.0086255073547,-118.0313
908.3319444656372,-0.0273956,908.654373884201,-0.0271101,909.3055222034454,0.578531,909.7695333957672,0.0995973,910.072359085083,0.1066729,910.3897409439087,0.1069525,910.69979429245,0.2950624,910.7532262802124,-118.0859
911.0803995132446,-0.0273924,911.4033892154694,-0.0271071,912.0570316314697,0.57846,912.5186038017273,0.0995973,912.8255472183228,0.1066581,913.1277592182159,0.1069408,913.4362225532532,0.2950394,913.4890434741974,-118.0313
913.8151400089264,-0.0273915,914.1352860927582,-0.0271041,914.7594907283783,0.578429,915.2223484516144,0.0995972,915.5260109901428,0.1066521,915.8616621494293,0.1069341,916.168683052063,0.2950379,916.2223052978516,-119.5078
916.5466878414154,-0.0273915,916.857234954834,-0.0271054,917.4610404968262,0.578424,917.9257166385651,0.0995977,918.2325639724731,0.1066518,918.5611522197723,0.1069355,918.8672730922699,0.2950352,918.9151413440704,-119.5078
919.2369983196259,-0.0273929,919.5424404144287,-0.0271061,920.1635475158691,0.578437,920.6253325939178,0.0995973,920.9347050189972,0.1066574,921.2519443035126,0.1069426,921.5520186424255,0.2950563,921.5839631557465,-119.5078
921.9076397418976,-0.0273949,922.2136459350586,-0.0271069,922.8510978221893,0.578484,923.3139526844025,0.0995975,923.6376700401306,0.1066686,923.985433101654,0.1069558,924.3061301708221,0.2950774,924.358020067215,-119.5078
924.6705474853516,-0.0273977,924.9781014919281,-0.0271114,925.5848052501678,0.578556,926.0487844944,0.0995971,926.3716320991516,0.1066882,926.7207591533661,0.1069772,927.0247721672058,0.2951163,927.0546925067902,-119.5078
927.3761315345764,-0.0274033,927.6965391635895,-0.0271167,928.3042039871216,0.578662,928.771062374115,0.0995971,929.0908036231995,0.1067157,929.4266362190247,0.107003,929.7425541877747,0.2951675,929.7904245853424,-119.5078
930.1103024482727,-0.0274079,930.4181280136108,-0.0271215,931.05482006073,0.578789,931.5185930728912,0.0995965,931.8364334106445,0.1067475,932.161294221878,0.1070354,932.4943542480469,0.2952297,932.523274898529,-119.5078
932.8449513912201,-0.027414,933.1512522697449,-0.0271279,933.7724540233612,0.578938,934.2399790287018,0.0995973,934.5598402023315,0.1067834,934.911678314209,0.1070709,935.263519525528,0.2952995,935.3176281452179,-119.5078
935.6432266235352,-0.0274185,935.9511172771454,-0.0271329,936.583149433136,0.579105,937.0515229701996,0.0995971,937.3583290576935,0.1068234,937.6752562522888,0.1071098,937.9931969642639,0.2953608,938.02272605896,-119.5078
938.349837064743,-0.0274261,938.681140422821,-0.0271409,939.289525270462,0.579267,939.7533795833588,0.0995973,940.0600864887238,0.1068647,940.3750832080841,0.1071509,940.68088722229,0.2954384,940.7327470779419,-119.5078
941.0484707355499,-0.0274327,941.3686771392822,-0.0271508,941.9882643222809,0.579448,942.4369547367096,0.0995984,942.7446506023407,0.106908,943.0506722927094,0.1071943,943.3663535118103,0.2955254,943.3992595672607,-119.5078
943.7200901508331,-0.0274405,944.0429236888885,-0.0271581,944.6626646518707,0.57967,945.1273205280304,0.0995963,945.4333238601685,0.1069629,945.7490587234497,0.1072494,946.0728785991669,0.295626,946.1252422332764,-119.5078
946.4536771774292,-0.0274487,946.7747004032135,-0.0271679,947.3818259239197,0.579908,947.8459949493408,0.0995968,948.15278673172,0.1070221,948.4832861423492,0.1073078,948.8085079193115,0.2957302,948.8607120513916,-119.5078
949.1892006397247,-0.0274565,949.5091352462769,-0.0271755,950.1167314052582,0.580161,950.5805766582489,0.0995976,950.882575750351,0.1070877,951.1853144168854,0.1073736,951.4950475692749,0.2958499,951.5377972126007,-119.5078
951.8597128391266,-0.0274679,952.1666254997253,-0.0271889,952.7872793674469,0.580449,953.2471663951874,0.0995976,953.5570418834686,0.1071562,953.8906242847443,0.1074413,954.1966633796692,0.2959771,954.2485189437866,-119.5078
954.5589807033539,-0.0274784,954.8794460296631,-0.0271998,955.5049273967743,0.580756,955.9687979221344,0.0995973,956.2757081985474,0.1072317,956.6088004112244,0.1075154,956.9248225688934,0.2961121,956.9567654132843,-119.5078
957.2808084487915,-0.0274913,957.6033499240875,-0.0272147,958.2566771507263,0.58109,958.7198750972748,0.0995973,959.036046743393,0.1073108,959.3468017578125,0.1075938,959.6826786994934,0.296258,959.7349214553833,-119.5078
960.0635282993317,-0.0275017,960.3824110031128,-0.0272292,960.990983247757,0.58144,961.4546415805817,0.099596,961.770269870758,0.1073958,962.0814085006714,0.107676,962.4142115116119,0.2964051,962.4441289901733,-119.5078
962.7681715488434,-0.0275145,963.0983290672302,-0.0272439,963.7075614929199,0.581783,964.1737911701202,0.0995973,964.4930913448334,0.1074791,964.8099114894867,0.1077591,965.1133646965027,0.2965608,965.144279718399,-119.5078
965.4676506519318,-0.0275278,965.7915256023407,-0.0272581,966.4271531105042,0.582152,966.8918750286102,0.0995974,967.1947937011719,0.1075657,967.5017518997192,0.1078448,967.8325238227844,0.2967194,967.86554646492,-119.5078
968.1872735023499,-0.0275419,968.4873206615448,-0.0272746,969.1100418567657,0.58251,969.5746629238129,0.0995965,969.8770389556885,0.1076562,970.1817712783813,0.1079337,970.4856252670288,0.2968807,970.5175352096558,-119.5078
970.8212983608246,-0.0275557,971.1251878738403,-0.0272892,971.732677936554,0.582901,972.2008056640625,0.0995972,972.5183160305023,0.1077522,972.8203363418579,0.1080261,973.1246135234833,0.2970519,973.1572098731995,-119.5078
973.4768879413605,-0.0275727,973.7835140228271,-0.0273071,974.3920347690582,0.583315,974.8557510375977,0.0995972,975.162579536438,0.1078482,975.4946119785309,0.1081231,975.8146591186523,0.297236,975.8455810546875,-119.5078
976.1660742759705,-0.0275876,976.488979101181,-0.0273237,977.1426298618317,0.583751,977.6063945293427,0.0995973,977.9267497062683,0.1079568,978.2650322914124,0.1082298,978.5979137420654,0.2974319,978.647784948349,-119.5078
978.9642224311829,-0.0276041,979.2684116363525,-0.0273447,979.8760936260223,0.584196,980.3398854732513,0.0995981,980.6468930244446,0.1080625,980.9653522968292,0.1083301,981.2967915534973,0.2976166,981.3267111778259,-119.5078
981.6490659713745,-0.0276198,981.9590256214142,-0.0273646,982.579731464386,0.584648,983.04354429245,0.0995979,983.3433890342712,0.1081731,983.6541638374329,0.108438,983.9890654087067,0.2978166,984.0409150123596,-119.5078
984.370819568634,-0.0276368,984.687319278717,-0.0273816,985.2975125312805,0.585115,985.7612137794495,0.0995972,986.08136677742,0.1082856,986.3878753185272,0.1085528,986.7208566665649,0.2980197,986.7717981338501,-119.5078
987.0888235569,-0.0276546,987.3898630142212,-0.0274032,988.0007989406586,0.585592,988.46479845047,0.0995973,988.787810087204,0.1084033,989.1351907253265,0.1086659,989.4553115367889,0.2982252,989.4852316379547,-119.5078
989.8081467151642,-0.0276723,990.1149475574493,-0.0274239,990.7486336231232,0.586094,991.2153460979462,0.0995981,991.5351917743683,0.1085248,991.8550636768341,0.1087857,992.1618957519531,0.2984485,992.2147982120514,-119.5078
992.5423533916473,-0.0276921,992.865558385849,-0.027445,993.5172212123871,0.586625,993.9819130897522,0.099598,994.3048393726349,0.108652,994.6566097736359,0.1089106,995.0044054985046,0.2986859,995.0344607830048,-119.5078
995.3571934700012,-0.0277112,995.663143157959,-0.0274684,996.2836911678314,0.587159,996.7454648017883,0.0995982,997.0551164150238,0.108779,997.3860819339752,0.1090358,997.710839509964,0.2989098,997.759699344635,-119.5078
998.0916669368744,-0.027731,998.4115273952484,-0.0274915,999.035231590271,0.587688,999.4956133365631,0.0995977,999.7981112003326,0.1089047,1000.1046876907349,0.1091577,1000.4097409248352,0.2991389,1000.4606027603149,-119.5078
1000.7774331569672,-0.0277509,1001.0776085853577,-0.0275116,1001.6851711273193,0.588217,1002.1503818035126,0.0995981,1002.4727365970612,0.1090355,1002.7898778915405,0.1092862,1003.1007599830627,0.2993754,1003.1521966457367,-119.5078
1003.4807999134064,-0.027771,1003.8008222579956,-0.0275339,1004.4085500240326,0.588772,1004.872311592102,0.0995972,1005.1791272163391,0.1091697,1005.5071666240692,0.109419,1005.8142716884613,0.2996121,1005.8451862335205,-119.5078
1006.1676530838013,-0.0277906,1006.4853127002716,-0.0275595,1007.0951523780823,0.589337,1007.5549559593201,0.0995971,1007.8657760620117,0.1093009,1008.2016158103943,0.109547,1008.5215313434601,0.2998494,1008.5740973949432,-119.5078
1008.9020802974701,-0.0278107,1009.2197532653809,-0.0275815,1009.8298726081848,0.589885,1010.2941431999207,0.0995979,1010.6164698600769,0.1094392,1010.9659194946289,0.1096827,1011.3041391372681,0.3000979,1011.358001947403,-119.5078
1011.6817908287048,-0.0278308,1012.0037200450897,-0.027606,1012.6113574504852,0.590473,1013.0758769512177,0.0995974,1013.3829593658447,0.1095817,1013.7123017311096,0.1098232,1014.0217607021332,0.3003511,1014.0696182250977,-119.5078
1014.3874442577362,-0.0278525,1014.70623087883,-0.0276315,1015.3159351348877,0.59107,1015.7780239582062,0.0995979,1016.0846762657166,0.1097223,1016.415510892868,0.1099587,1016.7364253997803,0.3006089,1016.7663435935974,-119.5078
1017.0863749980927,-0.0278743,1017.4093029499054,-0.0276563,1018.0168404579163,0.591655,1018.4798195362091,0.0995972,1018.8038301467896,0.1098683,1019.1388778686523,0.1101023,1019.4728317260742,0.3008687,1019.5027461051941,-119.5078
1019.8243296146393,-0.027896,1020.1316146850586,-0.0276826,1020.7661771774292,0.592277,1021.2322804927826,0.099598,1021.5548884868622,0.1100166,1021.9026663303375,0.1102502,1022.2074882984161,0.3011351,1022.2587416172028,-119.5078
1022.5751233100891,-0.0279185,1022.8950839042664,-0.0277081,1023.5021045207977,0.592896,1023.9655561447144,0.0995977,1024.2850561141968,0.1101649,1024.6060528755188,0.1103914,1024.9289832115173,0.3014031,1024.9822583198547,-119.5078
1025.3097960948944,-0.0279419,1025.629632472992,-0.0277329,1026.2373430728912,0.59352,1026.700073480606,0.0995979,1027.0003736019135,0.1103127,1027.3041472434998,0.1105345,1027.6082282066345,0.3016675,1027.6401724815369,-119.5078
1027.9614527225494,-0.0279638,1028.2872862815857,-0.0277587,1028.9389140605927,0.594136,1029.4036853313446,0.0995977,1029.7235453128815,0.1104628,1030.0295069217682,0.1106837,1030.3471961021423,0.3019404,1030.3781111240387,-119.5078
1030.7132155895233,-0.0279867,1031.0348830223083,-0.0277852,1031.6576869487762,0.594754,1032.1215074062347,0.0995979,1032.4254791736603,0.1106138,1032.76438331604,0.1108307,1033.1121871471405,0.3022155,1033.1442341804504,-119.5078
1033.4655003547668,-0.0280099,1033.7878365516663,-0.0278107,1034.4243431091309,0.59541,1034.884057044983,0.099597,1035.1910364627838,0.1107695,1035.5136194229126,0.1109825,1035.84756398201,0.3024852,1035.8784527778625,-119.5078
1036.202129125595,-0.0280345,1036.5352637767792,-0.0278389,1037.1437394618988,0.59603,1037.607450723648,0.0995978,1037.9233419895172,0.1109225,1038.2287647724152,0.1111319,1038.5349984169006,0.3027595,1038.5659337043762,-119.5078
1038.8991210460663,-0.0280559,1039.2225527763367,-0.0278639,1039.8301844596863,0.596679,1040.2909450531006,0.0995974,1040.600769996643,0.111077,1040.936611175537,0.1112846,1041.5875220298767,0.303084,1041.6200799942017,-119.5078
1042.0850341320038,-0.028084,1042.4032549858093,-0.0278967,1043.0117225646973,0.597455,1043.4762935638428,0.0995975,1043.7988345623016,0.1112683,1044.1470096111298,0.1114715,1044.7556929588318,0.303429,1044.7866072654724,-119.5078
1045.2514283657074,-0.0281129,1045.5733711719513,-0.0279291,1046.2258789539337,0.598263,1046.690668106079,0.0995985,1046.990737438202,0.11146,1047.2996032238007,0.1116571,1047.9374499320984,0.303767,1047.9689724445343,-119.5078
1048.4322679042816,-0.0281415,1048.7527647018433,-0.0279632,1049.3608372211456,0.59905,1049.8238401412964,0.0995974,1050.128868341446,0.1116504,1050.4350235462189,0.111843,1051.0566594600677,0.304101,1051.0886762142181,-119.5078
1051.5523569583893,-0.0281707,1051.8740234375,-0.0279966,1052.4958305358887,0.599833,1052.9596066474915,0.0995977,1053.2664489746094,0.1118375,1053.5986678600311,0.1120272,1054.2255463600159,0.304443,1054.2733232975006,-119.5078
1054.7511999607086,-0.0281984,1055.0704281330109,-0.0280308,1055.6781525611877,0.600633,1056.1388540267944,0.0995977,1056.448725938797,0.1120295,1056.780757188797,0.1122161,1057.3882191181183,0.304786,1057.4191362857819,-119.5078
1057.8858258724213,-0.0282287,1058.2006556987762,-0.0280616,1058.8106288909912,0.60141,1059.2911818027496,0.0995977,1059.6089508533478,0.1122174,1059.9119770526886,0.1123994,1060.5234987735748,0.305119,1060.5544157028198,-119.5078
1061.0182507038116,-0.0282562,1061.342078924179,-0.0280982,1061.989731311798,0.602202,1062.4539167881012,0.099597,1062.7804627418518,0.1124082,1063.1294384002686,0.1125876,1063.736839056015,0.305465,1063.7679879665375,-119.5078
1064.22989320755,-0.0282859,1064.5552098751068,-0.0281304,1065.176849603653,0.603004,1065.6407525539398,0.0995976,1065.9416127204895,0.1126019,1066.2624127864838,0.112772,1066.8877093791962,0.305819,1066.918063402176,-119.5078
1067.3828568458557,-0.0283148,1067.705777645111,-0.0281647,1068.3273367881775,0.603807,1068.791092634201,0.0995975,1069.0930490493774,0.1127968,1069.4134011268616,0.1129629,1070.038601398468,0.306168,1070.069518327713,-119.5078
1070.533356666565,-0.0283436,1070.8533945083618,-0.0281984,1071.4609694480896,0.604619,1071.925987958908,0.0995972,1072.2325205802917,0.1129899,1072.5683550834656,0.1131533,1073.2179536819458,0.306521,1073.2488782405853,-119.5078
1073.7167899608612,-0.028374,1074.0355668067932,-0.0282319,1074.6431131362915,0.605432,1075.1045897006989,0.0995977,1075.4118793010712,0.1131864,1075.7133901119232,0.1133441,1076.319497346878,0.306864,1076.3531737327576,-119.5078
1076.8188757896423,-0.0284027,1077.1389808654785,-0.0282653,1077.7459840774536,0.606228,1078.2096192836761,0.0995974,1078.5132126808167,0.1133786,1078.833462715149,0.1135333,1079.4408526420593,0.307214,1079.4717669487,-119.5078
1079.9499235153198,-0.0284335,1080.2598598003387,-0.0282985,1080.8968682289124,0.60704,1081.3607909679413,0.0995976,1081.6785860061646,0.1135752,1081.9863204956055,0.1137258,1082.6080920696259,0.307572,1082.6389775276184,-119.5078
1083.1038422584534,-0.028464,1083.4088606834412,-0.0283365,1084.032386302948,0.607874,1084.4922420978546,0.0995972,1084.8158798217773,0.1137729,1085.1363642215729,0.113918,1085.790466785431,0.307931,1085.8213822841644,-119.5078
1086.285492181778,-0.0284955,1086.6044216156006,-0.0283713,1087.2143468856812,0.608688,1087.6774897575378,0.0995969,1088.0002472400665,0.1139707,1088.351752281189,0.1141148,1088.9721739292145,0.308296,1089.0030899047852,-119.5078
1089.4675166606903,-0.028526,1089.7916131019592,-0.0284068,1090.4279770851135,0.60955,1090.8907642364502,0.0995977,1091.1977446079254,0.1141803,1091.5343675613403,0.1143152,1092.1864306926727,0.308664,1092.2173478603363,-119.5078
1092.681641817093,-0.0285572,1093.0004544258118,-0.0284413,1093.6094427108765,0.610393,1094.07346200943,0.0995982,1094.3772196769714,0.1143815,1094.6808767318726,0.114514,1095.2888100147247,0.309023,1095.3197259902954,-119.5078
1095.7848627567291,-0.0285868,1096.1040937900543,-0.0284768,1096.7126138210297,0.611218,1097.176434993744,0.099598,1097.4832744598389,0.1145828,1097.815416097641,0.1147086,1098.422752380371,0.309385,1098.4546341896057,-119.5078
1098.9344053268433,-0.0286168,1099.255286693573,-0.0285132,1099.8629772663116,0.612052,1100.3267509937286,0.0995973,1100.6260542869568,0.1147828,1100.937494277954,0.1149047,1101.5721492767334,0.309748,1101.603064775467,-119.5078
1102.0668745040894,-0.0286487,1102.3886504173279,-0.0285469,1102.996998310089,0.612884,1103.460135936737,0.099598,1103.767012834549,0.1149829,1104.0828275680542,0.1151001,1104.7055351734161,0.310105,1104.7364518642426,-119.5078
1105.2032310962677,-0.0286787,1105.52703166008,-0.0285816,1106.1791813373566,0.613722,1106.6424872875214,0.0995982,1106.9495391845703,0.1151865,1107.2861478328705,0.1152996,1107.940943479538,0.310476,1107.9797866344452,-119.5078
1108.4497227668762,-0.02871,1108.7655377388,-0.0286194,1109.377469778061,0.614578,1109.8412110805511,0.0995982,1110.147884130478,0.1153918,1110.4838933944702,0.1155011,1111.1339137554169,0.31084,1111.1658358573914,-119.5078
1111.630108833313,-0.0287405,1111.9522807598114,-0.0286534,1112.5764191150665,0.61543,1113.0391495227814,0.0995988,1113.359994649887,0.1155987,1113.678636789322,0.115702,1114.2864129543304,0.311208,1114.3190534114838,-119.5078
1114.795028924942,-0.0287702,1115.1053206920624,-0.0286878,1115.7427246570587,0.61627,1116.2064781188965,0.0995975,1116.525496006012,0.1158015,1116.843133687973,0.1159039,1117.4538328647614,0.311578,1117.4857919216156,-119.5078
1117.9487817287445,-0.0288025,1118.2551853656769,-0.0287246,1118.873274564743,0.617115,1119.3398621082306,0.0995982,1119.6637284755707,0.1160055,1120.0115196704865,0.1161025,1120.619402885437,0.311943,1120.6513166427612,-119.5078
1121.1111166477203,-0.0288331,1121.4153034687042,-0.0287616,1122.026755809784,0.617954,1122.491291999817,0.0995979,1122.8063278198242,0.1162081,1123.1120450496674,0.1162982,1123.7389442920685,0.312298,1123.769863128662,-119.5078
1124.233520269394,-0.0288622,1124.5564422607422,-0.0287947,1125.2093498706818,0.618796,1125.6728966236115,0.0995977,1125.9798407554626,0.1164109,1126.315907716751,0.1164975,1126.9659750461578,0.312673,1126.999415397644,-119.5078
1127.464721441269,-0.0288929,1127.7876393795013,-0.0288296,1128.4392004013062,0.619664,1128.9039781093597,0.0995973,1129.203021287918,0.1166193,1129.5136392116547,0.1166988,1130.1513123512268,0.313044,1130.183226108551,-119.5078
1130.6460223197937,-0.0289233,1130.9687805175781,-0.0288659,1131.591344833374,0.620501,1132.0542013645172,0.0995981,1132.3610141277313,0.1168215,1132.6788985729218,0.1168958,1133.301454782486,0.313413,1133.333369731903,-119.5078
1133.813274383545,-0.0289533,1134.1353223323822,-0.0289023,1134.7559223175049,0.621348,1135.217321395874,0.0995975,1135.5273697376251,0.117026,1135.8560309410095,0.117097,1136.4679262638092,0.313779,1136.4998104572296,-119.5078
1136.959804534912,-0.028985,1137.2704956531525,-0.0289368,1137.9064700603485,0.622195,1138.369969367981,0.0995971,1138.6928629875183,0.1172299,1139.0077345371246,0.1172963,1139.6334745883942,0.31415,1139.6660923957825,-119.5078
1140.1293547153473,-0.0290163,1140.4359509944916,-0.0289739,1141.0576386451721,0.623034,1141.5209066867828,0.0995974,1141.8408946990967,0.1174321,1142.1478390693665,0.1174916,1142.7845239639282,0.314511,1142.8164093494415,-119.5078
1143.280274629593,-0.0290459,1143.602196931839,-0.0290073,1144.22008061409,0.623864,1144.6866159439087,0.0995977,1144.9957859516144,0.1176323,1145.314339876175,0.1176889,1145.950876235962,0.314871,1145.9828004837036,-119.5078
1146.446709394455,-0.0290767,1146.7694725990295,-0.0290416,1147.3894128799438,0.624688,1147.8540284633636,0.0995977,1148.1738526821136,0.1178315,1148.4967222213745,0.1178832,1149.1493892669678,0.315236,1149.183758020401,-119.5078
1149.6437792778015,-0.029107,1149.9519896507263,-0.0290777,1150.572653055191,0.625533,1151.034687280655,0.0995976,1151.3397641181946,0.1180337,1151.660153388977,0.1180822,1152.2680163383484,0.315592,1152.2999210357666,-119.5078
1152.7791576385498,-0.0291369,1153.0978252887726,-0.029112,1153.7070844173431,0.626358,1154.1708252429962,0.0995984,1154.474726676941,0.1182324,1154.7812678813934,0.1182741,1155.4013566970825,0.315953,1155.4342679977417,-119.5078
1155.9132871627808,-0.0291671,1156.2305026054382,-0.0291465,1156.8406324386597,0.627185,1157.30113697052,0.0995975,1157.60990858078,0.1184318,1157.9276096820831,0.1184705,1158.5366308689117,0.316305,1158.569120645523,-119.5078
1159.0472605228424,-0.0291992,1159.3638455867767,-0.0291818,1159.9757747650146,0.628021,1160.4385361671448,0.0995993,1160.7629415988922,0.118635,1161.1148869991302,0.1186705,1161.7655475139618,0.31669,1161.8004577159882,-110.5078
1162.2596838474274,-0.0292265,1162.5854289531708,-0.0292154,1163.2376980781555,0.628866,1163.7003910541534,0.0995981,1164.0237612724304,0.1188381,1164.374009847641,0.1188694,1164.9966306686401,0.317046,1165.034558057785,-110.2578
1165.4930567741394,-0.0292564,1165.8128356933594,-0.0292488,1166.4200413227081,0.629681,1166.8822665214539,0.0995989,1167.2059834003448,0.1190322,1167.5239472389221,0.1190557,1168.1298401355743,0.317384,1168.1607558727264,-110.1172
1168.6426804065704,-0.0292838,1168.9647564888,-0.0292816,1169.58971118927,0.63045,1170.0656974315643,0.0995989,1170.386229276657,0.1192167,1170.704498052597,0.1192355,1171.3094568252563,0.317711,1171.340374469757,-110.0469
1171.8092069625854,-0.0293096,1172.128924369812,-0.0293139,1172.7331116199493,0.631171,1173.1993143558502,0.0995986,1173.5218982696533,0.1193893,1173.8378145694733,0.1194003,1174.4484386444092,0.318013,1174.4803576469421,-109.9531
1174.9442241191864,-0.0293346,1175.2674250602722,-0.0293427,1175.9186265468597,0.631868,1176.3826084136963,0.0995985,1176.7054114341736,0.1195559,1177.0571219921112,0.1195618,1177.7108314037323,0.318314,1177.7417528629303,-109.7578
1178.2056374549866,-0.0293588,1178.5134630203247,-0.0293712,1179.1492581367493,0.632523,1179.610924243927,0.0995975,1179.936024427414,0.1197123,1180.2823359966278,0.1197139,1180.9092650413513,0.318587,1180.940185546875,-109.6484
1181.4007966518402,-0.0293794,1181.719938993454,-0.0293949,1182.327870607376,0.633121,1182.7961966991425,0.0995974,1183.0962841510773,0.1198529,1183.4160945415497,0.1198453,1184.0275101661682,0.318827,1184.057427406311,-109.5938
1184.5212812423706,-0.0293988,1184.8430790901184,-0.029419,1185.4509072303772,0.633668,1185.9136316776276,0.0995986,1186.2205140590668,0.1199815,1186.5534665584564,0.1199728,1187.1612441539764,0.319056,1187.192132472992,-109.3594
1187.656940460205,-0.0294185,1187.9799361228943,-0.0294401,1188.6326370239258,0.634166,1189.0989162921906,0.0995982,1189.4130527973175,0.1201026,1189.7327761650085,0.1200875,1190.3601658344269,0.319265,1190.3901133537292,-109.4688
1190.855933189392,-0.0294363,1191.1787626743317,-0.0294598,1191.8313887119293,0.63464,1192.295137166977,0.0995968,1192.6150233745575,0.1202137,1192.9342968463898,0.1201959,1193.5425901412964,0.319461,1193.5734901428223,-109.2734
1194.0383059978485,-0.0294513,1194.3611516952515,-0.0294789,1195.0100662708282,0.635061,1195.4585506916046,0.0995979,1195.7615292072296,0.1203107,1196.0660662651062,0.1202891,1196.6746125221252,0.319629,1196.7065267562866,-109.2188
1197.171679019928,-0.0294645,1197.4794764518738,-0.0294945,1198.114984035492,0.635437,1198.5790660381317,0.0995975,1198.898313999176,0.1203991,1199.215928554535,0.1203739,1199.8234150409698,0.319787,1199.8543612957,-109.1641
1200.3230028152466,-0.0294765,1200.6458418369293,-0.0295084,1201.2977204322815,0.635775,1201.7577855587006,0.0995981,1202.0684287548065,0.1204805,1202.4044544696808,0.1204517,1203.0569355487823,0.319926,1203.087853193283,-109.0078
1203.5528962612152,-0.0294864,1203.8691127300262,-0.0295204,1204.4807703495026,0.636075,1204.9446742534637,0.0995974,1205.2515847682953,0.1205515,1205.5828166007996,0.1205202,1206.1920351982117,0.320048,1206.223919391632,-109.0078
1206.6877672672272,-0.0294964,1207.0106718540192,-0.0295324,1207.6632747650146,0.636339,1208.1270093917847,0.0995979,1208.4338603019714,0.1206155,1208.7690348625183,0.1205796,1209.422355413437,0.320158,1209.4542677402496,-108.9141
1209.9182736873627,-0.0295056,1210.2408547401428,-0.0295435,1210.8934857845306,0.636569,1211.3552358150482,0.0995968,1211.6627781391144,0.1206674,1211.9931421279907,0.1206316,1212.6026856899261,0.320246,1212.635597229004,-108.875
1213.0997350215912,-0.0295123,1213.4217610359192,-0.0295517,1214.056577205658,0.636756,1214.52255153656,0.099597,1214.8450753688812,0.1207133,1215.194900751114,0.1206752,1215.8024516105652,0.320327,1215.8353595733643,-108.875
1216.2977967262268,-0.029519,1216.6137759685516,-0.0295589,1217.2255210876465,0.636922,1217.6884095668793,0.0995985,1217.991298675537,0.1207514,1218.3109827041626,0.1207113,1218.9369506835938,0.320394,1218.9692964553833,-108.8594
1219.4479036331177,-0.0295232,1219.769027709961,-0.0295663,1220.3767356872559,0.637059,1220.8405103683472,0.099597,1221.1434247493744,0.1207814,1221.4641501903534,0.1207392,1222.0718388557434,0.320444,1222.1057512760162,-108.7031
1222.567687034607,-0.0295265,1222.8903918266296,-0.029569,1223.5271203517914,0.637161,1223.9898540973663,0.099597,1224.2977287769318,0.1208052,1224.6305356025696,0.1207613,1225.2541756629944,0.320477,1225.285930633545,-108.6797
1225.7656133174896,-0.029528,1226.0855758190155,-0.0295728,1226.6920952796936,0.637223,1227.1552538871765,0.099598,1227.4641089439392,0.1208204,1227.7800025939941,0.1207745,1228.4035704135895,0.320507,1228.4369826316833,-108.6641
1228.8987469673157,-0.0295311,1229.2071506977081,-0.0295775,1229.8428750038147,0.637274,1230.3067150115967,0.0995982,1230.6114859580994,0.120831,1230.9174494743347,0.1207832,1231.5400097370148,0.32052,1231.5709261894226,-108.6484
1232.0348603725433,-0.0295338,1232.3543820381165,-0.0295776,1232.9604437351227,0.63728,1233.4254381656647,0.0995966,1233.7478697299957,0.1208297,1234.0968914031982,0.1207824,1234.7039532661438,0.320514,1234.736228466034,-108.7031
1235.2009479999542,-0.0295324,1235.507949590683,-0.0295755,1236.1443734169006,0.63727,1236.6083598136902,0.0995972,1236.927185535431,0.1208266,1237.2350883483887,0.1207777,1237.8707349300385,0.320512,1237.9026312828064,-108.5781
1238.3644959926605,-0.0295321,1238.6894936561584,-0.0295752,1239.3425874710083,0.637233,1239.8066890239716,0.0995967,1240.1126277446747,0.1208176,1240.4453501701355,0.1207679,1241.0502932071686,0.320488,1241.087161064148,-108.6797
1241.5606348514557,-0.0295307,1241.8809144496918,-0.0295725,1242.4922196865082,0.637178,1242.9559388160706,0.0995976,1243.264176607132,0.1208012,1243.5955882072449,0.1207506,1244.2042360305786,0.320462,1244.2364315986633,-108.5547
1244.6984207630157,-0.0295272,1245.0220811367035,-0.029571,1245.6433591842651,0.637102,1246.1069123744965,0.0995979,1246.4140582084656,0.1207807,1246.729952096939,0.1207321,1247.3339014053345,0.320426,1247.3668155670166,-108.6797
1247.8325397968292,-0.0295252,1248.1398696899414,-0.0295689,1248.7609403133392,0.636996,1249.2249715328217,0.0995981,1249.5459773540497,0.1207585,1249.8669817447662,0.120708,1250.5178997516632,0.320383,1250.5498161315918,-108.5938
1251.0157136917114,-0.0295206,1251.3388993740082,-0.0295631,1251.9917838573456,0.636889,1252.45578622818,0.0995979,1252.778703212738,0.1207305,1253.126515865326,0.1206798,1253.7352421283722,0.320333,1253.76815366745,-108.6797
1254.246925354004,-0.0295151,1254.5631487369537,-0.0295576,1255.1745100021362,0.636759,1255.6382653713226,0.0995978,1255.9617567062378,0.1206987,1256.308809518814,0.1206479,1256.9182682037354,0.320273,1256.951182603836,-108.625
1257.4292747974396,-0.0295096,1257.7477011680603,-0.0295504,1258.3727357387543,0.636615,1258.836142539978,0.0995978,1259.1562814712524,0.1206622,1259.4762098789215,0.120614,1260.0998010635376,0.320204,1260.133709192276,-108.6094
