Date:,Thu Sep 12 16:10:09 2024
Time:,1726171809.5677829
t1,v1,t2,v2,t3,v3,t4,v4,t5,v5,t6,v6,t7,v7,t9,T
0.4400012493133545,-0.0660669,0.7350044250488281,-0.061331,1.3491272926330566,1.657791,1.8114094734191895,0.0996134,2.4045357704162598,0.433374,2.7185280323028564,0.438397,3.023228168487549,0.750674,3.0544636249542236,84.2266
3.535074234008789,-0.0664257,3.8465871810913086,-0.0616674,4.459109783172607,1.667483,4.927429676055908,0.0996128,5.52741265296936,0.435876,5.825626850128174,0.440971,6.138020992279053,0.755564,6.169174909591675,84.1094
6.693601846694946,-0.0671144,7.005713939666748,-0.0622944,7.615227460861206,1.678018,8.08017086982727,0.0996137,8.687490224838257,0.438573,9.00127100944519,0.443721,9.309733629226685,0.760354,9.372207641601562,83.8906
9.843269109725952,-0.0675371,10.155429363250732,-0.0626941,10.764693021774292,1.688467,11.233012676239014,0.0996143,11.841943264007568,0.441306,12.151053428649902,0.446461,12.448111295700073,0.764987,12.479223251342773,83.7188
12.975600957870483,-0.0679305,13.272381782531738,-0.0630751,13.89152193069458,1.699119,14.360742092132568,0.0996132,14.970763921737671,0.444069,15.275205850601196,0.449256,15.577582597732544,0.769859,15.608693599700928,83.5469
16.092366218566895,-0.0683403,16.389275789260864,-0.0634657,16.99790906906128,1.709871,17.463753700256348,0.0996135,18.072922468185425,0.446848,18.376391649246216,0.45203,18.68320894241333,0.774672,18.716591835021973,83.2813
19.185487031936646,-0.0687408,19.513575315475464,-0.0638498,20.124528646469116,1.720526,20.577280521392822,0.0996141,21.19105553627014,0.449572,21.483078479766846,0.454775,21.795478105545044,0.779406,21.82045340538025,83.0859
22.304983377456665,-0.0691346,22.63242483139038,-0.0642279,23.23697829246521,1.730954,23.694719076156616,0.0996142,24.304840087890625,0.452225,24.602737426757812,0.457433,24.915136098861694,0.784023,24.94628930091858,82.7969
25.431455850601196,-0.0695164,25.740148067474365,-0.0645942,26.350667238235474,1.741128,26.804295539855957,0.0996145,27.414219856262207,0.45483,27.738789558410645,0.460065,28.05118489265442,0.788629,28.08215069770813,82.6016
28.56462836265564,-0.0698974,28.881473302841187,-0.0649617,29.49226212501526,1.751364,29.959986925125122,0.0996144,30.56402015686035,0.457473,30.860154151916504,0.46272,31.1712965965271,0.793247,31.202565908432007,82.3281
31.686325073242188,-0.0702778,31.995864868164062,-0.0653331,32.60224008560181,1.761761,33.07247185707092,0.0996145,33.676743030548096,0.460151,33.988898515701294,0.465412,34.285765647888184,0.797999,34.316925287246704,82.0156
34.80071043968201,-0.0706709,35.11017727851868,-0.065709,35.730546951293945,1.772306,36.199148654937744,0.0996148,36.81968641281128,0.46286,37.13232135772705,0.468148,37.44454264640808,0.802915,37.491273164749146,81.7969
37.97358727455139,-0.0710705,38.289066314697266,-0.0660943,38.900371074676514,1.783196,39.35962700843811,0.0996149,39.9793164730072,0.465632,40.27614498138428,0.470943,40.588284969329834,0.807839,40.61943817138672,81.3984
41.103854179382324,-0.0714715,41.41432213783264,-0.0664808,42.02438712120056,1.794159,42.493816614151,0.0996143,43.11447882652283,0.468428,43.42671775817871,0.473743,43.73884439468384,0.812914,43.78561854362488,81.0859
44.252862215042114,-0.0718775,44.56548500061035,-0.0668731,45.18734955787659,1.805212,45.647308349609375,0.0996157,46.26540756225586,0.471199,46.578280448913574,0.476535,46.89090061187744,0.817949,46.92182755470276,80.8281
47.40526843070984,-0.0722819,47.703054666519165,-0.0672597,48.314327239990234,1.816073,48.78229999542236,0.0996142,49.38140082359314,0.473917,49.69404411315918,0.479237,49.99092197418213,0.822733,50.02203607559204,80.4844
50.505274295806885,-0.0726621,50.82978558540344,-0.0676319,51.44952750205994,1.826537,51.91818141937256,0.099614,52.52732801437378,0.476537,52.85788345336914,0.481872,53.17044186592102,0.827457,53.217628717422485,80.1484
53.70266652107239,-0.073037,54.015217542648315,-0.0680001,54.64483571052551,1.836898,55.113402366638184,0.0996145,55.74121284484863,0.479127,56.053730487823486,0.484461,56.37926387786865,0.832081,56.406795024871826,79.7969
56.89091110229492,-0.0733994,57.20344376564026,-0.068356,57.810832023620605,1.846904,58.295031785964966,0.0996157,58.914188861846924,0.481627,59.24192976951599,0.486954,59.532580614089966,0.836557,59.579131841659546,79.5313
60.075655460357666,-0.0737496,60.38370871543884,-0.0687004,61.001988649368286,1.856658,61.455240964889526,0.0996153,62.0803337097168,0.484044,62.39279270172119,0.489362,62.69132137298584,0.840902,62.72223663330078,79.2109
63.20464873313904,-0.0740826,63.52443480491638,-0.0690317,64.13355159759521,1.866113,64.59653973579407,0.0996152,65.2210705280304,0.486399,65.5250289440155,0.491719,65.81638503074646,0.845213,65.86315655708313,78.9609
66.33201098442078,-0.0744155,66.65376234054565,-0.0693604,67.26312160491943,1.875461,67.73616313934326,0.0996149,68.34492635726929,0.488711,68.63463807106018,0.494011,68.94717407226562,0.849384,68.97844815254211,78.5391
69.45595383644104,-0.074734,69.78162050247192,-0.0696751,70.38511061668396,1.884486,70.85468173027039,0.0996144,71.46525263786316,0.490932,71.76279878616333,0.496227,72.05967092514038,0.853465,72.09082174301147,78.2578
72.58124780654907,-0.0750412,72.89138317108154,-0.0699806,73.51092052459717,1.893249,73.96331214904785,0.0996152,74.57041263580322,0.493073,74.88255286216736,0.498366,75.17949438095093,0.857426,75.21063733100891,77.8906
75.69453358650208,-0.075339,75.9906873703003,-0.0702767,76.61013174057007,1.901789,77.07872486114502,0.0996146,77.67236733436584,0.49518,77.98270559310913,0.500471,78.27947068214417,0.861363,78.31059765815735,77.5938
78.8048849105835,-0.0756303,79.10176992416382,-0.0705693,79.71083164215088,1.910333,80.17917323112488,0.0996141,80.78599739074707,0.497277,81.08311343193054,0.502568,81.37918901443481,0.865279,81.42608284950256,77.3281
81.9048662185669,-0.075918,82.20174217224121,-0.0708605,82.81144666671753,1.918789,83.27510786056519,0.0996137,83.87726616859436,0.499328,84.18941879272461,0.50461,84.48697185516357,0.869139,84.5181200504303,76.8984
84.98443365097046,-0.0762005,85.29148817062378,-0.0711417,85.89776587486267,1.927028,86.36674213409424,0.099614,86.97655010223389,0.501324,87.27343153953552,0.506595,87.58125042915344,0.87293,87.61253499984741,76.5313
88.0967664718628,-0.0764748,88.40918278694153,-0.0714195,89.02331495285034,1.935226,89.48223495483398,0.0996148,90.08262586593628,0.5033,90.40235447883606,0.508562,90.71546006202698,0.876714,90.74670004844666,76.1719
91.22862839698792,-0.0767432,91.54123115539551,-0.0716936,92.15059208869934,1.943245,92.62099266052246,0.0996144,93.22192621231079,0.505204,93.52889275550842,0.510459,93.82554745674133,0.880345,93.85678911209106,75.8516
94.34131288528442,-0.0770007,94.66818618774414,-0.0719524,95.29300022125244,1.950953,95.74193739891052,0.0996147,96.36238646507263,0.50704,96.65688371658325,0.512284,96.96671390533447,0.883907,96.99782347679138,75.5313
97.45081877708435,-0.0772448,97.74719715118408,-0.0722022,98.35168290138245,1.95837,98.82022452354431,0.0996152,99.44759607315063,0.508806,99.75005435943604,0.514032,100.04642915725708,0.88735,100.0775511264801,75.1172
100.56249284744263,-0.0774826,100.8750467300415,-0.0724462,101.49416732788086,1.965722,101.96275067329407,0.0996149,102.55773425102234,0.510513,102.87049674987793,0.515734,103.16736841201782,0.890726,103.19852209091187,74.7422
103.67847895622253,-0.0777097,104.00625944137573,-0.0726793,104.60379910469055,1.972752,105.07251954078674,0.0996154,105.68164253234863,0.512156,105.99389386177063,0.517363,106.30665111541748,0.894005,106.33779692649841,74.5156
106.82202959060669,-0.0779284,107.13450527191162,-0.0729043,107.74524974822998,1.979651,108.21435594558716,0.0996154,108.8207528591156,0.513761,109.11762142181396,0.518948,109.43237948417664,0.897232,109.45773196220398,74.1016
109.9419903755188,-0.0781413,110.25470161437988,-0.073125,110.87234044075012,1.986447,111.34922504425049,0.0996159,111.95337748527527,0.515339,112.25015807151794,0.520522,112.56161999702454,0.900451,112.59288096427917,73.7578
113.06687211990356,-0.0783472,113.38025450706482,-0.0733418,114.00636959075928,1.993201,114.46096992492676,0.0996156,115.07206130027771,0.516892,115.37133860588074,0.522058,115.67916655540466,0.903656,115.71028780937195,73.4141
116.19452166557312,-0.0785517,116.50871992111206,-0.0735554,117.12532472610474,1.999843,117.57901954650879,0.0996147,118.18942952156067,0.518406,118.49546885490417,0.523555,118.78655076026917,0.906818,118.81766033172607,73.0781
119.31654405593872,-0.078748,119.61841583251953,-0.0737616,120.24342370033264,2.006391,120.69653797149658,0.0996144,121.30587148666382,0.519878,121.60274410247803,0.525011,121.91514325141907,0.90993,121.94629454612732,72.7422
122.43053936958313,-0.078935,122.74403047561646,-0.0739614,123.37303972244263,2.01275,123.83087229728699,0.0996132,124.46640133857727,0.521287,124.76327848434448,0.526407,125.06005311012268,0.912928,125.10679984092712,72.3438
125.58293557167053,-0.0791125,125.88938426971436,-0.0741518,126.49919533729553,2.018783,126.96861433982849,0.0996149,127.57370901107788,0.522603,127.87055611610413,0.527701,128.18672633171082,0.915764,128.21244645118713,72.0313
128.68789267539978,-0.0792758,129.0164771080017,-0.0743268,129.63024258613586,2.024522,130.0842890739441,0.0996152,130.68919444084167,0.523855,131.00134563446045,0.528927,131.3037073612213,0.918513,131.34191179275513,71.6328
131.8107829093933,-0.0794304,132.12289929389954,-0.0744938,132.73349380493164,2.030043,133.18346166610718,0.0996153,133.80359530448914,0.525048,134.10044980049133,0.530094,134.39682054519653,0.921166,134.44372057914734,71.3203
134.91633105278015,-0.0795775,135.22882056236267,-0.0746564,135.8508608341217,2.035413,136.30409789085388,0.0996154,136.91233682632446,0.526196,137.22448086738586,0.531226,137.52488565444946,0.923773,137.55581045150757,70.9063
138.0383427143097,-0.0797164,138.35861158370972,-0.0748082,138.96570777893066,2.040599,139.43059611320496,0.099616,140.03978514671326,0.527283,140.3524832725525,0.532296,140.65434002876282,0.926289,140.6985800266266,70.5781
141.16748785972595,-0.0798466,141.49270963668823,-0.0749562,142.1184287071228,2.045565,142.58268094062805,0.0996146,143.1820456981659,0.528321,143.48890709877014,0.533304,143.79632115364075,0.928711,143.82752799987793,70.2422
144.2962818145752,-0.0799683,144.6093144416809,-0.0750914,145.21934580802917,2.050318,145.67728281021118,0.0996161,146.2865788936615,0.529291,146.58272075653076,0.534252,146.89517211914062,0.931022,146.9263298511505,69.9141
147.41053771972656,-0.0800789,147.72443199157715,-0.0752203,148.33378148078918,2.054859,148.80188417434692,0.0996149,149.41145730018616,0.530203,149.71095275878906,0.535149,150.00846004486084,0.933269,150.0393795967102,69.5625
150.5265531539917,-0.0801835,150.83041429519653,-0.0753425,151.43796825408936,2.059164,151.893807888031,0.0996159,152.48764443397522,0.531057,152.79414916038513,0.535969,153.1072871685028,0.935383,153.13849663734436,69.2422
153.60756373405457,-0.0802769,153.92086052894592,-0.0754527,154.51689291000366,2.063222,154.98577094078064,0.0996156,155.59534978866577,0.531852,155.89676451683044,0.536747,156.20887351036072,0.937413,156.2401261329651,68.8203
156.72492909431458,-0.0803633,157.0357050895691,-0.0755586,157.64027857780457,2.067184,158.10922980308533,0.0996145,158.72235012054443,0.532614,159.01333117485046,0.537485,159.32739567756653,0.939429,159.3586311340332,68.5859
159.83066201210022,-0.080443,160.15842819213867,-0.0756586,160.76815533638,2.071001,161.2213912010193,0.0996153,161.84038305282593,0.533331,162.15303945541382,0.538184,162.46523475646973,0.941373,162.5120141506195,68.0781
162.98231744766235,-0.0805182,163.27894258499146,-0.0757523,163.89380407333374,2.074636,164.36256098747253,0.0996155,164.97288632392883,0.534,165.27208399772644,0.538821,165.56844902038574,0.943204,165.6149709224701,67.9531
166.08900094032288,-0.0805878,166.38556504249573,-0.075838,166.99427199363708,2.078056,167.4633502960205,0.0996154,168.0702645778656,0.534617,168.3781132698059,0.539412,168.67502903938293,0.944975,168.7061586380005,67.5078
169.18529152870178,-0.0806447,169.5133936405182,-0.0759163,170.1225872039795,2.081372,170.57623291015625,0.0996156,171.18458700180054,0.535206,171.49762105941772,0.539975,171.79539251327515,0.946707,171.82654285430908,67.1406
172.29595160484314,-0.0807006,172.59610080718994,-0.0759928,173.20753860473633,2.084521,173.67669486999512,0.0996154,174.2735185623169,0.535748,174.5731236934662,0.540493,174.88574194908142,0.948368,174.9168577194214,66.8203
175.389262676239,-0.0807467,175.70216703414917,-0.0760621,176.30730843544006,2.087563,176.77511548995972,0.0996153,177.38480353355408,0.53625,177.68346095085144,0.540969,177.98139929771423,0.949975,178.02813959121704,66.4766
178.49767231941223,-0.0807862,178.800443649292,-0.0761255,179.41194367408752,2.090449,179.86997413635254,0.0996147,180.4834623336792,0.536709,180.79029655456543,0.541407,181.09169673919678,0.951511,181.122811794281,66.2344
181.60202598571777,-0.0808206,181.91442155838013,-0.0761817,182.52341437339783,2.093195,182.9920973777771,0.0996157,183.59773898124695,0.53714,183.91704058647156,0.541804,184.22737956047058,0.953003,184.25862383842468,65.8438
184.74359393119812,-0.0808519,185.05256414413452,-0.0762352,185.66734981536865,2.095805,186.1361165046692,0.0996156,186.73048377037048,0.537523,187.04379773139954,0.542154,187.33702898025513,0.954403,187.36814951896667,65.5938
187.8629937171936,-0.0808743,188.16011762619019,-0.0762804,188.76360774040222,2.098221,189.2235095500946,0.0996155,189.8447127342224,0.537858,190.1416220664978,0.542466,190.45164680480957,0.955731,190.48288536071777,65.1719
190.95231008529663,-0.0808896,191.26442956924438,-0.0763183,191.8745141029358,2.100495,192.34199833869934,0.0996152,192.9526331424713,0.538165,193.2647466659546,0.542747,193.55849528312683,0.957018,193.5997986793518,64.8359
194.07350873947144,-0.0808985,194.38074612617493,-0.0763543,194.9887433052063,2.102676,195.44412183761597,0.0996149,196.04860472679138,0.538438,196.34547519683838,0.542988,196.6419644355774,0.958231,196.6887378692627,64.5859
197.15760946273804,-0.0809045,197.4848918914795,-0.0763846,198.08911752700806,2.104692,198.5575795173645,0.0996151,199.1672284603119,0.538676,199.4596028327942,0.543194,199.7717843055725,0.959387,199.8029363155365,64.2734
200.28507804870605,-0.0809059,200.60582947731018,-0.0764107,201.21597743034363,2.106587,201.66955018043518,0.0996153,202.27667713165283,0.538879,202.57853960990906,0.543371,202.89090752601624,0.960491,202.92214822769165,63.9297
203.40138339996338,-0.0809018,203.71879625320435,-0.0764309,204.33576035499573,2.108345,204.79229426383972,0.0996156,205.39341282844543,0.539051,205.70583248138428,0.54351,206.00274229049683,0.961543,206.033860206604,63.5859
206.51750588417053,-0.080897,206.83005023002625,-0.0764511,207.45217943191528,2.109995,207.92303228378296,0.0996152,208.53259992599487,0.53919,208.8603115081787,0.543627,209.17272448539734,0.962553,209.20385074615479,63.25
209.67680644989014,-0.0808842,209.9903793334961,-0.0764632,210.59970545768738,2.111541,211.0600118637085,0.0996148,211.66432309150696,0.539306,211.9920597076416,0.543716,212.29748797416687,0.963492,212.31724572181702,62.8516
212.81213855743408,-0.0808669,213.11089944839478,-0.0764716,213.7204782962799,2.112958,214.174973487854,0.0996154,214.7959907054901,0.539388,215.0931694507599,0.543763,215.39017796516418,0.964386,215.43675112724304,62.7188
215.91212153434753,-0.080848,216.21538734436035,-0.0764794,216.81305646896362,2.114268,217.28141522407532,0.0996154,217.89175510406494,0.539443,218.188556432724,0.543796,218.51089930534363,0.965232,218.54205441474915,62.3828
219.02991390228271,-0.0808212,219.34383010864258,-0.0764801,219.95667839050293,2.115496,220.42152905464172,0.0996146,221.0310878753662,0.539474,221.3252308368683,0.543795,221.6375424861908,0.966028,221.66879677772522,62.0781
222.14958310127258,-0.0807912,222.46211194992065,-0.0764782,223.07100462913513,2.116608,223.53215646743774,0.099616,224.14174437522888,0.539482,224.4378068447113,0.543774,224.75375843048096,0.966778,224.78503251075745,61.7891
225.26928162574768,-0.0807552,225.57812666893005,-0.0764703,226.19809412956238,2.117619,226.65509271621704,0.0996158,227.26430988311768,0.539464,227.57073259353638,0.543725,227.8610110282898,0.967508,227.90755653381348,61.4141
228.37276244163513,-0.0807195,228.70091581344604,-0.0764595,229.31121397018433,2.118572,229.7681965827942,0.0996137,230.3773910999298,0.539426,230.687894821167,0.543649,230.98146510124207,0.968195,231.01270937919617,61.0859
231.49546885490417,-0.0806808,231.82320547103882,-0.0764478,232.4333257675171,2.119425,232.89702558517456,0.099615,233.50261330604553,0.539357,233.80154085159302,0.543554,234.09861493110657,0.968846,234.14538502693176,60.7813
234.61822986602783,-0.0806351,234.9425184726715,-0.0764329,235.54800057411194,2.120189,236.01665878295898,0.0996148,236.61288857460022,0.539266,236.92496490478516,0.543435,237.21922087669373,0.969458,237.25036072731018,60.5391
237.7348964214325,-0.0805864,238.0477683544159,-0.0764123,238.6692831516266,2.120877,239.1378948688507,0.0996149,239.73572611808777,0.53916,240.04401969909668,0.54329,240.3399064540863,0.970028,240.371652841568,60.2422
240.8622567653656,-0.0805309,241.16947269439697,-0.0763883,241.7831325531006,2.121473,242.2514944076538,0.0996141,242.8563938140869,0.539028,243.15318250656128,0.543126,243.4667670726776,0.970552,243.49804091453552,59.9297
243.98227715492249,-0.0804722,244.26978826522827,-0.0763618,244.89420342445374,2.121979,245.34752488136292,0.0996158,245.95354509353638,0.538876,246.26632142066956,0.542942,246.56344747543335,0.971036,246.59459519386292,59.6016
247.0799605846405,-0.0804159,247.39212107658386,-0.0763363,248.01143407821655,2.122402,248.47249507904053,0.0996154,249.07851839065552,0.538706,249.3816418647766,0.542729,249.67998576164246,0.971487,249.71113514900208,59.3672
250.19891023635864,-0.0803569,250.4956934452057,-0.076307,251.10561180114746,2.122753,251.57210206985474,0.0996146,252.18012523651123,0.538514,252.47671270370483,0.542513,252.79251289367676,0.971905,252.8180694580078,59.0469
253.307932138443,-0.0802921,253.61471724510193,-0.0762732,254.22862482070923,2.123037,254.69088864326477,0.0996149,255.30184030532837,0.538305,255.60068774223328,0.542275,255.90983319282532,0.972289,255.94107222557068,58.8203
256.4150149822235,-0.0802273,256.7377245426178,-0.0762382,257.34710001945496,2.123243,257.8152778148651,0.0996148,258.4408347606659,0.538082,258.7376549243927,0.542018,259.0344352722168,0.972648,259.06619596481323,58.5703
259.5617699623108,-0.080158,259.874272108078,-0.0761977,260.4886200428009,2.123387,260.9422106742859,0.0996149,261.54874086380005,0.537834,261.84535098075867,0.541734,262.15836930274963,0.972964,262.1895205974579,58.2266
262.67921566963196,-0.0800888,262.9911117553711,-0.0761564,263.5959892272949,2.123456,264.0676338672638,0.0996145,264.6685869693756,0.53758,264.96510910987854,0.541452,265.27821683883667,0.973247,265.30937361717224,57.9688
265.79108333587646,-0.0800146,266.1033194065094,-0.0761195,266.7132487297058,2.123454,267.177983045578,0.099616,267.7880709171295,0.537313,268.083783864975,0.541153,268.4015803337097,0.9735,268.4249017238617,57.6563
268.90367102622986,-0.0799422,269.23143219947815,-0.0760739,269.8351821899414,2.123402,270.3039479255676,0.0996157,270.91405868530273,0.537034,271.2059404850006,0.540838,271.5149493217468,0.973722,271.54621934890747,57.375
272.0316593647003,-0.0798678,272.34432649612427,-0.0760311,272.95372104644775,2.123298,273.42320728302,0.0996156,274.029837846756,0.536737,274.32792687416077,0.540508,274.62749338150024,0.973924,274.6742596626282,57.0938
275.14320731163025,-0.0797907,275.4657995700836,-0.0759841,276.0685889720917,2.123115,276.5322163105011,0.0996151,277.1424856185913,0.536433,277.4391088485718,0.540177,277.75259232521057,0.974096,277.7837383747101,56.8281
278.2682020664215,-0.0797138,278.5783908367157,-0.0759377,279.2083487510681,2.122895,279.6805191040039,0.0996155,280.27532982826233,0.536111,280.58764386177063,0.539821,280.8845262527466,0.974235,280.9156880378723,56.5859
281.3954577445984,-0.0796294,281.7135453224182,-0.0758829,282.33399844169617,2.122615,282.78751134872437,0.0996151,283.41345715522766,0.535768,283.7176504135132,0.539438,284.0142297744751,0.97436,284.0609996318817,56.2031
284.5353810787201,-0.079543,284.8476173877716,-0.075828,285.4555070400238,2.122279,285.9322838783264,0.0996159,286.5363895893097,0.535418,286.8332607746124,0.539062,287.14557099342346,0.974446,287.1768081188202,56.0625
287.6457631587982,-0.0794559,287.97407817840576,-0.0757764,288.5848867893219,2.121889,289.03812623023987,0.0996152,289.65855383872986,0.535059,289.95542454719543,0.538672,290.2521996498108,0.974525,290.2989821434021,55.7188
290.77805829048157,-0.0793677,291.09075927734375,-0.0757197,291.7136752605438,2.121474,292.1832890510559,0.0996149,292.7883241176605,0.534692,293.08492064476013,0.538262,293.40058302879333,0.974578,293.44748878479004,55.5156
293.9181637763977,-0.0792772,294.2435383796692,-0.0756589,294.85492515563965,2.121005,295.3092894554138,0.099615,295.9157280921936,0.534318,296.22784876823425,0.537861,296.5240297317505,0.974604,296.56724858283997,55.2344
297.03618454933167,-0.0791855,297.361389875412,-0.0755999,297.97120571136475,2.120497,298.4404332637787,0.0996156,299.04297828674316,0.533933,299.3398869037628,0.537448,299.64124488830566,0.974602,299.6877615451813,55.0313
300.15643072128296,-0.0790961,300.48272347450256,-0.0755426,301.10474252700806,2.119945,301.5723166465759,0.0996147,302.21308064460754,0.533536,302.52642130851746,0.537019,302.83379197120667,0.974586,302.8650076389313,54.7578
303.3480417728424,-0.0790063,303.660138130188,-0.0754832,304.26724672317505,2.119349,304.7365608215332,0.0996158,305.3457567691803,0.533138,305.6497724056244,0.536591,305.94667649269104,0.974566,305.9777991771698,54.5
306.46001291275024,-0.0789148,306.77225613594055,-0.075422,307.3827691078186,2.118729,307.8464984893799,0.099615,308.45437145233154,0.532734,308.75572323799133,0.536147,309.06484866142273,0.9745,309.09609031677246,54.1719
309.57054471969604,-0.0788227,309.88315439224243,-0.0753601,310.48749709129333,2.118064,310.9555335044861,0.0996151,311.5645275115967,0.532318,311.86114740371704,0.535699,312.17342805862427,0.974442,312.2046685218811,53.9453
312.69032740592957,-0.0787331,313.00285363197327,-0.075299,313.60660433769226,2.117373,314.06989884376526,0.0996148,314.6867616176605,0.531898,314.98872447013855,0.535261,315.28260707855225,0.974347,315.32934832572937,53.6797
315.8018798828125,-0.0786361,316.11441683769226,-0.0752322,316.73460245132446,2.116659,317.1878733634949,0.0996148,317.80245757102966,0.531485,318.09380626678467,0.534814,318.4045338630676,0.974236,318.4512891769409,53.4688
318.92019605636597,-0.0785423,319.23263025283813,-0.0751682,319.8728199005127,2.1159,320.3543825149536,0.0996156,320.9713509082794,0.531056,321.2781352996826,0.534343,321.5759389400482,0.974103,321.60709047317505,53.1875
322.0912973880768,-0.0784465,322.4050214290619,-0.0751049,323.01101636886597,2.115103,323.4744653701782,0.0996155,324.10475611686707,0.530619,324.4174208641052,0.533881,324.7467589378357,0.973971,324.77800035476685,53.0156
325.2469527721405,-0.0783495,325.56902742385864,-0.0750403,326.19413661956787,2.114258,326.6631245613098,0.0996156,327.2856225967407,0.530169,327.5829861164093,0.5334,327.89528942108154,0.973804,327.9265251159668,52.7188
328.39655566215515,-0.0782509,328.7138056755066,-0.0749729,329.33854031562805,2.113416,329.7942976951599,0.0996164,330.40553760528564,0.529726,330.7100682258606,0.532924,331.0117063522339,0.973637,331.04285645484924,52.5313
331.51719307899475,-0.0781539,331.8415548801422,-0.0749057,332.450808763504,2.112548,332.91961193084717,0.0996148,333.5283064842224,0.529273,333.82177233695984,0.532431,334.13404726982117,0.973459,334.1653172969818,52.2578
334.6355171203613,-0.0780557,334.9599940776825,-0.0748388,335.5696017742157,2.111643,336.0354850292206,0.0996151,336.63940262794495,0.52882,336.9489915370941,0.531953,337.24590730667114,0.973255,337.2770206928253,51.9688
337.7689847946167,-0.0779507,338.0968177318573,-0.074768,338.7061970233917,2.110729,339.1904420852661,0.0996151,339.79053378105164,0.528358,340.0871522426605,0.531462,340.40021204948425,0.973036,340.43133068084717,51.7578
340.9159972667694,-0.0778513,341.22852063179016,-0.0746994,341.834125995636,2.109772,342.30273604393005,0.099615,342.90848755836487,0.527898,343.2051012516022,0.53097,343.51239466667175,0.972809,343.55925965309143,51.5859
344.03183364868164,-0.0777536,344.3443624973297,-0.0746314,344.96422290802,2.108812,345.42725586891174,0.0996154,346.0583770275116,0.527429,346.35567235946655,0.530472,346.66329073905945,0.972572,346.6944136619568,51.2969
347.1757597923279,-0.0776535,347.50004839897156,-0.0745617,348.110303401947,2.107817,348.57933926582336,0.0996155,349.18882298469543,0.526962,349.5190465450287,0.529962,349.8141930103302,0.972325,349.8453161716461,51.1328
350.32983803749084,-0.0775516,350.64241576194763,-0.0744867,351.2825131416321,2.106792,351.7358663082123,0.0996155,352.36150670051575,0.526482,352.6746258735657,0.529452,352.9923298358917,0.972051,353.0390627384186,50.8828
353.51566338539124,-0.077448,353.82783675193787,-0.0744165,354.4540069103241,2.105749,354.9248094558716,0.0996157,355.5329761505127,0.525998,355.83417081832886,0.528949,356.1311779022217,0.97177,356.17775535583496,50.6328
356.6422748565674,-0.0773502,356.9701421260834,-0.0743461,357.57770681381226,2.104713,358.046019077301,0.0996151,358.6476218700409,0.525534,358.944242477417,0.528457,359.25664353370667,0.971507,359.2877924442291,50.4453
359.76019978523254,-0.0772476,360.08839869499207,-0.0742771,360.69412422180176,2.103666,361.16391468048096,0.0996154,361.76917576789856,0.525058,362.0607476234436,0.527954,362.37376141548157,0.971228,362.40466594696045,50.2031
362.88823771476746,-0.0771482,363.20076727867126,-0.074207,363.8075566291809,2.102605,364.27860736846924,0.0996148,364.8889467716217,0.524589,365.1988492012024,0.527441,365.5045645236969,0.970915,365.5356795787811,50.0156
366.0199887752533,-0.0770511,366.3388111591339,-0.0741351,366.95314598083496,2.101522,367.4061598777771,0.0996163,368.0236518383026,0.524112,368.3440902233124,0.526945,368.65310072898865,0.970615,368.69447779655457,49.8438
369.1661376953125,-0.0769477,369.4908003807068,-0.0740651,370.09892439842224,2.100422,370.5667335987091,0.0996153,371.164080619812,0.52363,371.47198128700256,0.526433,371.7679715156555,0.970297,371.8147015571594,49.5156
372.2963845729828,-0.0768465,372.60715532302856,-0.0739911,373.23226952552795,2.09932,373.6936101913452,0.0996165,374.31841230392456,0.52315,374.6352684497833,0.525914,374.94612884521484,0.969962,374.97650146484375,49.2969
375.4565751552582,-0.0767408,375.7727780342102,-0.0739184,376.4057137966156,2.098166,376.8663320541382,0.0996164,377.47552585601807,0.522659,377.76749777793884,0.525393,378.0790100097656,0.969631,378.11013984680176,49.1172
378.59412384033203,-0.0766412,378.9068682193756,-0.0738476,379.5178050994873,2.09703,379.9834358692169,0.0996156,380.5999844074249,0.52217,380.89004397392273,0.524882,381.2023169994354,0.969275,381.23355865478516,48.8984
381.71679949760437,-0.0765384,382.0139276981354,-0.0737733,382.62397289276123,2.095857,383.08075761795044,0.0996158,383.69046783447266,0.521671,384.00301241874695,0.52436,384.3198492527008,0.968916,384.35108852386475,48.6875
384.824090719223,-0.0764381,385.15182280540466,-0.0737019,385.7474174499512,2.094671,386.2163200378418,0.099616,386.82251048088074,0.521176,387.13461232185364,0.523829,387.43152475357056,0.968559,387.46263813972473,48.4141
387.9446647167206,-0.0763339,388.2411108016968,-0.0736288,388.8653507232666,2.093468,389.31859159469604,0.0996157,389.9488492012024,0.520684,390.2603440284729,0.523294,390.57265305519104,0.968183,390.60386300086975,48.3125
391.088995218277,-0.0762343,391.4060924053192,-0.073554,392.0091996192932,2.092243,392.4775233268738,0.0996161,393.102578163147,0.520179,393.39845395088196,0.522773,393.70776772499084,0.967811,393.7390048503876,48.0547
394.22321248054504,-0.0761301,394.5366361141205,-0.0734818,395.16006112098694,2.091039,395.6257128715515,0.0996168,396.2273676395416,0.519686,396.54833984375,0.52225,396.8451120853424,0.967427,396.8918595314026,47.8438
397.37249970436096,-0.0760306,397.68459248542786,-0.0734059,398.30586290359497,2.089825,398.7951774597168,0.0996158,399.4101598262787,0.519194,399.7341287136078,0.52173,400.0293941497803,0.96704,400.0761251449585,47.6641
400.54583406448364,-0.0759266,400.86733317375183,-0.073334,401.4933829307556,2.088594,401.95668029785156,0.0996173,402.56582498550415,0.518698,402.86272978782654,0.521214,403.1908550262451,0.96665,403.2218837738037,47.4297
403.7079463005066,-0.07583,404.02044010162354,-0.0732602,404.63528871536255,2.087387,405.08617544174194,0.0996157,405.69932866096497,0.518219,406.01182794570923,0.520708,406.324170589447,0.966271,406.38661527633667,47.2109
406.87592220306396,-0.0757303,407.188419342041,-0.0731903,407.7978501319885,2.086188,408.2609028816223,0.0996161,408.8799216747284,0.517737,409.19216537475586,0.520195,409.5053107738495,0.96587,409.5364272594452,47.0313
410.0216450691223,-0.0756327,410.334130525589,-0.0731181,410.95011734962463,2.084973,411.4030065536499,0.099616,412.01255345344543,0.517255,412.32467770576477,0.519679,412.62249541282654,0.965481,412.66605377197266,46.8594
413.13892555236816,-0.0755356,413.44618463516235,-0.0730482,414.0815541744232,2.083753,414.53767681121826,0.0996158,415.17241740226746,0.516769,415.4850869178772,0.519173,415.79791593551636,0.965061,415.8444793224335,46.6563
416.3160500526428,-0.0754323,416.6442005634308,-0.0729765,417.2533972263336,2.082498,417.7065336704254,0.0996162,418.33132886886597,0.516274,418.6500039100647,0.518651,418.9602539539337,0.964644,418.9913785457611,46.4141
419.47606325149536,-0.0753307,419.7946934700012,-0.0729031,420.39622235298157,2.081216,420.8655173778534,0.0996161,421.4705593585968,0.51578,421.79306054115295,0.518128,422.08995628356934,0.964219,422.1211154460907,46.3438
422.6057438850403,-0.0752296,422.9177031517029,-0.0728293,423.52736020088196,2.07996,423.9934039115906,0.0996165,424.6036329269409,0.51529,424.90055441856384,0.517598,425.2132284641266,0.963793,425.2443804740906,46.0547
425.73069310188293,-0.0751338,426.04342794418335,-0.0727574,426.66638112068176,2.078708,427.1346528530121,0.0996152,427.75830602645874,0.514798,428.0710496902466,0.517093,428.3992795944214,0.963379,428.42534017562866,45.9141
428.8985457420349,-0.075034,429.22299432754517,-0.0726849,429.8351106643677,2.077442,430.29984855651855,0.0996167,430.92612528800964,0.514315,431.238662481308,0.516582,431.5500748157501,0.96295,431.5813136100769,45.7891
432.06373167037964,-0.0749372,432.360643863678,-0.0726179,432.9671769142151,2.076201,433.4355001449585,0.0996159,434.0629541873932,0.513848,434.3748972415924,0.516083,434.6765100955963,0.962532,434.7232708930969,45.5391
435.19196224212646,-0.0748407,435.4992153644562,-0.0725456,436.123149394989,2.074948,436.5769031047821,0.099616,437.21184635162354,0.51336,437.5245840549469,0.515573,437.8209185600281,0.962089,437.8677496910095,45.375
438.34462785720825,-0.0747447,438.6502914428711,-0.0724791,439.25231194496155,2.073687,439.7227704524994,0.0996163,440.3475058078766,0.512882,440.6392526626587,0.515071,440.9515337944031,0.961659,440.98277258872986,45.1719
441.4570994377136,-0.0746474,441.78483414649963,-0.0724061,442.39404034614563,2.072414,442.86704301834106,0.0996164,443.4926724433899,0.512394,443.79180216789246,0.514543,444.10162687301636,0.961218,444.1325559616089,45.0313
444.60499143600464,-0.0745515,444.93043661117554,-0.072334,445.5543735027313,2.071138,446.0158259868622,0.0996163,446.6306879520416,0.511927,446.9275629520416,0.514059,447.2243432998657,0.960779,447.27108097076416,44.7813
447.7441647052765,-0.0744533,448.05637288093567,-0.0722649,448.68922305107117,2.0699,449.1525158882141,0.0996164,449.7549092769623,0.511455,450.06751775741577,0.513559,450.36964440345764,0.960345,450.4108974933624,44.6406
450.87437295913696,-0.0743598,451.2022399902344,-0.0721922,451.81259417533875,2.068647,452.2811949253082,0.0996167,452.90118980407715,0.510983,453.2136607170105,0.513072,453.5265636444092,0.959907,453.57312631607056,44.4922
454.05655336380005,-0.0742621,454.38454246520996,-0.0721233,455.01023030281067,2.067362,455.472412109375,0.0996161,456.0778024196625,0.51051,456.37383913993835,0.512573,456.6860399246216,0.959463,456.71498441696167,44.2969
457.197060585022,-0.0741712,457.52247953414917,-0.0720544,458.1459770202637,2.066125,458.635605096817,0.0996159,459.2654585838318,0.510042,459.57696294784546,0.512077,459.90505623817444,0.959013,459.9362668991089,44.1563
460.40562415122986,-0.0740795,460.7350420951843,-0.0719884,461.35654401779175,2.064864,461.8249726295471,0.0996166,462.4497904777527,0.509586,462.7609648704529,0.511587,463.1201636791229,0.958572,463.15140414237976,43.9219
463.6227447986603,-0.0739842,463.9516031742096,-0.0719188,464.57770228385925,2.063619,465.0300724506378,0.0996152,465.6490731239319,0.509119,465.9415280818939,0.511107,466.25362968444824,0.95814,466.28486728668213,43.8359
466.76508927345276,-0.0739008,467.07762122154236,-0.071855,467.69248723983765,2.062399,468.1454918384552,0.0996162,468.77020168304443,0.508676,469.0827445983887,0.510654,469.4114496707916,0.957702,469.4583070278168,43.6484
469.9440448284149,-0.0738073,470.256276845932,-0.0717885,470.88949513435364,2.061155,471.35808515548706,0.0996167,471.96762108802795,0.508221,472.28014492988586,0.510167,472.5766875743866,0.95725,472.62319898605347,43.3594
473.09232449531555,-0.0737203,473.41479873657227,-0.0717243,474.04164695739746,2.059924,474.51135063171387,0.0996161,475.13383626937866,0.507771,475.44637179374695,0.509682,475.77197265625,0.956801,475.80325746536255,43.3047
476.2856640815735,-0.0736291,476.592711687088,-0.0716599,477.2172703742981,2.058677,477.6857445240021,0.0996152,478.29482197761536,0.507324,478.61844420433044,0.509204,478.9260437488556,0.956359,478.9727849960327,43.0938
479.45213627815247,-0.0735395,479.75817036628723,-0.0715921,480.3836181163788,2.057455,480.8632915019989,0.0996161,481.47338223457336,0.506876,481.7855989933014,0.508759,482.0830490589142,0.955925,482.1141953468323,42.8594
482.5922124385834,-0.0734517,482.91755986213684,-0.0715262,483.5423321723938,2.056263,484.00837659835815,0.099616,484.6144232749939,0.506449,484.9279923439026,0.508296,485.2559390068054,0.955487,485.2871961593628,42.8359
485.7711479663849,-0.0733671,486.08368372917175,-0.0714648,486.69270491600037,2.05507,487.1580059528351,0.0996158,487.7684895992279,0.506016,488.087194442749,0.507846,488.40251660346985,0.955048,488.4337294101715,42.6328
488.9099762439728,-0.0732806,489.2351722717285,-0.0713963,489.8624312877655,2.053849,490.3157305717468,0.0996163,490.9475975036621,0.505581,491.2602074146271,0.507387,491.58745980262756,0.954597,491.6187002658844,42.3984
492.10293436050415,-0.0731974,492.4156537055969,-0.0713362,493.03917813301086,2.052622,493.5052719116211,0.0996169,494.1136472225189,0.505134,494.4105246067047,0.506929,494.7272515296936,0.954144,494.7740173339844,42.3281
495.2478792667389,-0.0731119,495.5649456977844,-0.0712726,496.17203545570374,2.051428,496.6411075592041,0.0996041,497.25123476982117,0.504709,497.5481126308441,0.506474,497.8479526042938,0.953717,497.87910437583923,42.1328
498.36331486701965,-0.0730203,498.6758539676666,-0.0712055,499.2978925704956,2.05024,499.75146770477295,0.0996164,500.3615300655365,0.504281,500.66231536865234,0.506016,500.9672648906708,0.953274,500.99848103523254,41.9453
501.4831464290619,-0.0729365,501.79538559913635,-0.0711435,502.4168484210968,2.049044,502.87740874290466,0.0996168,503.4862084388733,0.503847,503.7889416217804,0.50556,504.08572220802307,0.95283,504.1168739795685,41.875
504.5970709323883,-0.0728519,504.9249622821808,-0.0710808,505.53497552871704,2.047811,505.9890179634094,0.0996171,506.6175277233124,0.503412,506.91414523124695,0.505098,507.2265453338623,0.952372,507.2576975822449,41.6328
507.7418429851532,-0.0727659,508.0541076660156,-0.0710158,508.6643376350403,2.046556,509.1280777454376,0.0996169,509.7369124889374,0.502968,510.0335052013397,0.504639,510.34606552124023,0.951905,510.3763778209686,41.6094
510.8603162765503,-0.0726765,511.15991282463074,-0.0709526,511.766952753067,2.04535,512.2363750934601,0.0996166,512.8430516719818,0.502543,513.1399631500244,0.504194,513.446925163269,0.951455,513.4778201580048,41.4297
513.9608130455017,-0.0725956,514.257383108139,-0.0708907,514.8672051429749,2.044142,515.3361210823059,0.0996175,515.9454057216644,0.502117,516.2423129081726,0.503745,516.5544245243073,0.951007,516.5856711864471,41.2266
517.0671291351318,-0.072512,517.3796560764313,-0.07083,517.9878182411194,2.042931,518.446380853653,0.0996165,519.0615792274475,0.501698,519.3637256622314,0.503302,519.6659059524536,0.950572,519.6970224380493,41.0781
520.1820209026337,-0.072432,520.4942548274994,-0.07077,521.1203227043152,2.041748,521.5854730606079,0.0996166,522.1946706771851,0.501279,522.4912943840027,0.50287,522.8028409481049,0.950119,522.8339645862579,40.9766
523.3157074451447,-0.0723507,523.6321349143982,-0.0707102,524.2367553710938,2.040582,524.7100992202759,0.0996171,525.3183052539825,0.500867,525.6144297122955,0.502441,525.925553560257,0.949689,525.956788778305,40.8203
526.441641330719,-0.0722703,526.7522628307343,-0.0706486,527.3629686832428,2.0394,527.8280675411224,0.0996162,528.4377415180206,0.500458,528.7346050739288,0.501994,529.0303101539612,0.949243,529.077038526535,40.6484
529.5464282035828,-0.0721876,529.874264717102,-0.0705881,530.4778203964233,2.038244,530.9608082771301,0.0996165,531.5700037479401,0.500045,531.8669233322144,0.501582,532.1773312091827,0.948801,532.2085728645325,40.5234
532.6957674026489,-0.0721091,533.0114877223969,-0.0705293,533.6121129989624,2.037084,534.0836689472198,0.0996166,534.6839344501495,0.499647,534.9807093143463,0.50116,535.2931108474731,0.948366,535.3242473602295,40.3828
535.8088502883911,-0.0720298,536.1224339008331,-0.0704724,536.7394568920135,2.03593,537.1927101612091,0.0996164,537.8009519577026,0.499249,538.1105229854584,0.500736,538.4072804450989,0.947924,538.4540581703186,40.2656
538.9186708927155,-0.0719485,539.2410886287689,-0.0704126,539.8604800701141,2.034752,540.3132603168488,0.0996172,540.9223825931549,0.498837,541.2346513271332,0.50029,541.5478703975677,0.947466,541.5789895057678,40.1406
542.0608484745026,-0.0718702,542.369514465332,-0.0703531,543.0056457519531,2.033563,543.4587359428406,0.0996163,544.081874370575,0.498422,544.3760199546814,0.499871,544.6727955341339,0.947017,544.7195405960083,39.9609
545.1972572803497,-0.0717883,545.5128090381622,-0.0702918,546.1207718849182,2.032351,546.5895669460297,0.0996166,547.2144005298615,0.498005,547.5549845695496,0.499421,547.8608162403107,0.946537,547.8917033672333,39.8828
548.3810544013977,-0.0717049,548.6886384487152,-0.0702293,549.3068113327026,2.031127,549.7647132873535,0.0996159,550.3895931243896,0.497586,550.7026500701904,0.498982,551.0162572860718,0.946075,551.0471925735474,39.6875
551.5294075012207,-0.071621,551.8260319232941,-0.0701711,552.4341189861298,2.029929,552.8963112831116,0.0996164,553.5051052570343,0.497169,553.8187003135681,0.498545,554.1158282756805,0.945616,554.146938085556,39.5703
554.6387503147125,-0.0715434,554.9511315822601,-0.0701098,555.5544965267181,2.028743,556.0230965614319,0.0996171,556.6335332393646,0.496767,556.9462759494781,0.498136,557.2434480190277,0.945165,557.2901797294617,39.3516
557.7409203052521,-0.0714672,558.0683150291443,-0.0700516,558.6767406463623,2.02758,559.1457786560059,0.0996168,559.7403695583344,0.496374,560.0687530040741,0.497718,560.3657119274139,0.94472,560.3966522216797,39.4063
560.8835582733154,-0.0713856,561.1803665161133,-0.0699958,561.8022801876068,2.026436,562.2538108825684,0.0996175,562.861964225769,0.495982,563.1677165031433,0.497311,563.4748630523682,0.944283,563.5057511329651,39.1719
563.9850208759308,-0.0713096,564.2962250709534,-0.0699386,564.90984582901,2.025299,565.3756678104401,0.0996179,565.9935855865479,0.495595,566.2896392345428,0.496909,566.5868556499481,0.943841,566.6179656982422,39.0313
567.1024913787842,-0.0712386,567.3991117477417,-0.0698848,568.0077056884766,2.02418,568.4769630432129,0.0996173,569.0930988788605,0.495223,569.389102935791,0.496505,569.695531129837,0.943427,569.726640701294,38.9297
570.2257647514343,-0.0711674,570.5485045909882,-0.0698303,571.1726846694946,2.02308,571.6264629364014,0.0996178,572.2526481151581,0.494846,572.5611162185669,0.496125,572.8597726821899,0.942993,572.8908905982971,38.7891
573.3726058006287,-0.0710949,573.6692323684692,-0.0697758,574.2937445640564,2.022009,574.7478175163269,0.0996169,575.3552711009979,0.494486,575.6576595306396,0.495745,575.9688413143158,0.942591,576.0000772476196,38.625
576.4808928966522,-0.0710238,576.793384552002,-0.0697224,577.3994152545929,2.020947,577.8719284534454,0.0996173,578.482658624649,0.494125,578.7817003726959,0.495358,579.0784845352173,0.942165,579.1096329689026,38.5469
579.5985598564148,-0.0709573,579.9110963344574,-0.0696692,580.5188317298889,2.019886,580.9877598285675,0.0996172,581.6003067493439,0.493767,581.8971796035767,0.494983,582.1939570903778,0.941766,582.2407298088074,38.3672
582.709813117981,-0.0708869,583.0266788005829,-0.0696201,583.6461977958679,2.018845,584.1099252700806,0.0996174,584.7173662185669,0.493406,585.0190451145172,0.494617,585.3156251907349,0.94135,585.3571224212646,38.3672
585.8361592292786,-0.0708196,586.1470713615417,-0.0695672,586.7586627006531,2.017772,587.2282695770264,0.0996175,587.8289539813995,0.49305,588.1404464244843,0.49424,588.4374558925629,0.94093,588.4685842990875,38.2188
588.9531497955322,-0.0707488,589.2498841285706,-0.0695164,589.8596382141113,2.016723,590.3292179107666,0.0996172,590.9308984279633,0.492694,591.2413377761841,0.493866,591.5378739833832,0.940517,591.5846152305603,38.1094
592.0535204410553,-0.0706773,592.3655588626862,-0.0694644,592.9738004207611,2.015679,593.4530529975891,0.0996173,594.0520601272583,0.492338,594.3540103435516,0.49349,594.6536157131195,0.940107,594.7003469467163,37.9531
595.1834824085236,-0.0706052,595.5148921012878,-0.0694073,596.1352725028992,2.014592,596.6043334007263,0.0996176,597.2291376590729,0.49198,597.5416853427887,0.493117,597.8377571105957,0.939677,597.8688988685608,37.7813
598.3520023822784,-0.0705342,598.6755666732788,-0.0693542,599.295597076416,2.013527,599.7691855430603,0.099618,600.389562368393,0.491621,600.7018024921417,0.492743,601.0103781223297,0.939265,601.0497448444366,37.6797
601.5207977294922,-0.0704652,601.833037853241,-0.0693028,602.4431171417236,2.012479,602.9172604084015,0.0996177,603.5267431735992,0.491269,603.8206269741058,0.492375,604.1302108764648,0.938856,604.1613256931305,37.5313
604.6392414569855,-0.0703984,604.96235871315,-0.0692524,605.567883014679,2.011429,606.0352892875671,0.0996177,606.6493990421295,0.490919,606.9463124275208,0.491998,607.2414610385895,0.938447,607.2879931926727,37.4609
607.7542536258698,-0.0703331,608.0663802623749,-0.0692022,608.676114320755,2.010409,609.1387302875519,0.0996179,609.761955499649,0.490577,610.0744984149933,0.491635,610.383542060852,0.938035,610.4146952629089,37.2734
610.8991689682007,-0.0702723,611.2122898101807,-0.0691536,611.8472604751587,2.00937,612.3161654472351,0.099618,612.925012588501,0.490231,613.2348916530609,0.491285,613.532867193222,0.937621,613.571634054184,37.2266
614.0408101081848,-0.0702072,614.3683390617371,-0.069103,614.9770410060883,2.008344,615.4402384757996,0.0996181,616.0415878295898,0.489889,616.3508446216583,0.490922,616.6480891704559,0.937219,616.6792058944702,37.1094
617.1647384166718,-0.0701389,617.4769468307495,-0.0690542,618.0914080142975,2.007337,618.5638358592987,0.0996177,619.1840348243713,0.489557,619.5110757350922,0.490587,619.8232262134552,0.936822,619.8544955253601,36.9453
620.3822267055511,-0.0700743,620.6906788349152,-0.0690041,621.3154788017273,2.006312,621.7677221298218,0.0996174,622.3926088809967,0.489219,622.7154676914215,0.490228,623.012378692627,0.936418,623.0591497421265,36.875
623.5335257053375,-0.0700126,623.8513638973236,-0.0689575,624.4653267860413,2.005308,624.9590258598328,0.0996176,625.5684070587158,0.488884,625.8806335926056,0.489879,626.1782603263855,0.936019,626.2250025272369,36.7578
626.6898775100708,-0.0699454,627.0179364681244,-0.068911,627.6427667140961,2.004307,628.1111767292023,0.0996173,628.7053489685059,0.488555,629.0152652263641,0.489514,629.3130447864532,0.935622,629.359806060791,36.6641
629.8281421661377,-0.069885,630.130068063736,-0.0688649,630.7494847774506,2.003333,631.1983726024628,0.0996177,631.8094263076782,0.488231,632.1215531826019,0.48919,632.4184141159058,0.935247,632.4495229721069,36.5938
632.9339680671692,-0.0698249,633.2461934089661,-0.0688179,633.8702464103699,2.002372,634.330078125,0.0996177,634.9361777305603,0.487913,635.2338562011719,0.488868,635.5308487415314,0.934853,635.5777542591095,36.4766
636.0612263679504,-0.0697612,636.372899055481,-0.068774,636.998279094696,2.001418,637.4656836986542,0.0996184,638.1035656929016,0.487595,638.4312863349915,0.488533,638.7333657741547,0.934473,638.7798852920532,36.375
639.2562708854675,-0.069701,639.5612840652466,-0.0687234,640.1859748363495,2.000447,640.6404962539673,0.0996186,641.2516119480133,0.487276,641.5531237125397,0.488208,641.8487606048584,0.934095,641.8954961299896,36.1641
642.3644046783447,-0.0696379,642.6924803256989,-0.0686771,643.3175809383392,1.999503,643.7761573791504,0.0996177,644.3940517902374,0.486973,644.6961543560028,0.487859,645.0074758529663,0.933723,645.0385890007019,36.1484
645.5283601284027,-0.0695797,645.8399956226349,-0.0686286,646.4550111293793,1.998582,646.9082915782928,0.0996182,647.5181570053101,0.486664,647.8192985057831,0.48756,648.1315701007843,0.933346,648.1628108024597,36.0781
648.6317665576935,-0.0695219,648.9596314430237,-0.0685857,649.5669667720795,1.997637,650.0352818965912,0.0996185,650.6415781974792,0.486357,650.9384899139404,0.487246,651.2507688999176,0.932982,651.2820088863373,35.9531
651.765374660492,-0.0694654,652.0779089927673,-0.0685443,652.6930932998657,1.996744,653.1609542369843,0.099618,653.780580997467,0.486065,654.0774939060211,0.486931,654.377739906311,0.932618,654.4088547229767,35.8438
654.9161326885223,-0.0694089,655.2286522388458,-0.0684962,655.835412979126,1.995848,656.2989017963409,0.099618,656.9081938266754,0.485769,657.2048196792603,0.486631,657.5172080993652,0.93226,657.5531921386719,35.7031
658.0322082042694,-0.0693542,658.3449399471283,-0.0684567,658.9753839969635,1.994936,659.4373753070831,0.099618,660.0380458831787,0.48547,660.3653545379639,0.48631,660.6668407917023,0.93189,660.6979806423187,35.6328
661.181586265564,-0.0692945,661.4960241317749,-0.0684123,662.1208250522614,1.994019,662.594783782959,0.0996184,663.2135841846466,0.485164,663.5107452869415,0.485995,663.8077571392059,0.931517,663.8543021678925,35.5625
664.3241474628448,-0.0692357,664.6365904808044,-0.0683697,665.2458009719849,1.993095,665.6984386444092,0.0996182,666.3285675048828,0.484863,666.6354329586029,0.485675,666.9305157661438,0.931137,666.9772567749023,35.4688
667.4592037200928,-0.0691735,667.7604169845581,-0.068322,668.3651249408722,1.992162,668.8310136795044,0.0996169,669.4639534950256,0.484563,669.7813334465027,0.485355,670.0935277938843,0.930763,670.140299320221,35.2734
670.6103432178497,-0.0691174,670.9381022453308,-0.0682772,671.5378315448761,1.991254,672.0063984394073,0.0996175,672.6096568107605,0.48427,672.9217700958252,0.485055,673.2168447971344,0.930401,673.2636070251465,35.2969
673.7396233081818,-0.06906,674.0521132946014,-0.068235,674.6658351421356,1.990373,675.1275670528412,0.0996177,675.7404246330261,0.483983,676.0360610485077,0.484755,676.3454015254974,0.930051,676.392495393753,35.1641
676.8620998859406,-0.0690124,677.1873857975006,-0.0681975,677.7936456203461,1.989516,678.2569439411163,0.0996172,678.8657562732697,0.483697,679.1626708507538,0.484468,679.4756121635437,0.929709,679.50656914711,35.0156
679.9906318187714,-0.0689635,680.3031213283539,-0.0681581,680.91437292099,1.988659,681.3844404220581,0.0996179,682.0092558860779,0.483421,682.3262159824371,0.484174,682.6188721656799,0.929352,682.6657042503357,34.9297
683.1358575820923,-0.0689066,683.4580321311951,-0.0681156,684.0726823806763,1.987788,684.5314311981201,0.0996187,685.1567232608795,0.483133,685.4634530544281,0.483874,685.7917432785034,0.929006,685.8228733539581,34.8672
686.2972481250763,-0.0688539,686.6199245452881,-0.0680748,687.2292869091034,1.986915,687.6973552703857,0.0996182,688.3062615394592,0.482854,688.6248767375946,0.483588,688.9212079048157,0.928661,688.9677300453186,34.7734
689.446709394455,-0.0688006,689.7738659381866,-0.0680338,690.3902313709259,1.98608,690.864089012146,0.0996186,691.4741244316101,0.482585,691.7868719100952,0.483303,692.0834484100342,0.928323,692.1301791667938,34.6484
692.6087546348572,-0.0687479,692.9260685443878,-0.0679944,693.535261631012,1.985251,694.0038087368011,0.0996175,694.6029794216156,0.482314,694.8996040821075,0.48301,695.2102842330933,0.927978,695.2414035797119,34.6016
695.7228951454163,-0.0686973,696.035338640213,-0.0679584,696.6472041606903,1.984435,697.1124770641327,0.0996183,697.7415363788605,0.48205,698.0539977550507,0.482745,698.3612790107727,0.927656,698.3868885040283,34.4688
698.8761343955994,-0.0686453,699.1883773803711,-0.0679212,699.7965705394745,1.983613,700.2621827125549,0.0996175,700.8847870826721,0.481786,701.2125225067139,0.48246,701.5154898166656,0.92732,701.5464055538177,34.4609
702.0306444168091,-0.0685999,702.3431751728058,-0.0678808,702.949075460434,1.982815,703.4181122779846,0.099618,704.0304977893829,0.481528,704.32741355896,0.482205,704.6235032081604,0.927003,704.6702480316162,34.2734
705.1440799236298,-0.0685519,705.4460961818695,-0.0678423,706.057142496109,1.98205,706.5260546207428,0.099618,707.1666007041931,0.48128,707.4640672206879,0.481949,707.7717235088348,0.926683,707.7946197986603,34.2734
708.279155254364,-0.0685029,708.5755000114441,-0.0678089,709.1873354911804,1.981287,709.6543653011322,0.099618,710.2640833854675,0.481039,710.5619039535522,0.48169,710.8724720478058,0.926387,710.9036829471588,34.2031
711.387933254242,-0.0684586,711.7004582881927,-0.067774,712.3098254203796,1.980527,712.772910118103,0.0996182,713.3831434249878,0.480794,713.6829006671906,0.481418,713.9798197746277,0.926076,714.0109295845032,34.0859
714.4967978000641,-0.0684118,714.8291807174683,-0.0677392,715.4824061393738,1.979765,715.9361052513123,0.099619,716.5463678836823,0.480546,716.8429656028748,0.481173,717.1553604602814,0.92576,717.186482667923,34.0
717.6554193496704,-0.0683628,717.95254778862,-0.0677023,718.5678608417511,1.97902,719.0343909263611,0.099619,719.6288080215454,0.480309,719.9357635974884,0.480924,720.233508348465,0.925462,720.2646179199219,33.9688
720.7538073062897,-0.0683198,721.077107667923,-0.0676699,721.6799659729004,1.978272,722.1482501029968,0.0996194,722.7833468914032,0.480059,723.0904939174652,0.480668,723.3861012458801,0.92515,723.4172201156616,33.8828
723.8981847763062,-0.0682727,724.2097198963165,-0.0676328,724.8167006969452,1.97752,725.2851750850677,0.0996193,725.8905448913574,0.479819,726.2030830383301,0.480417,726.5154690742493,0.924836,726.5310935974121,33.7656
727.030942440033,-0.0682262,727.3278560638428,-0.0675963,727.9431359767914,1.976773,728.4075267314911,0.0996189,729.0233988761902,0.479581,729.3467543125153,0.480171,729.6441869735718,0.924528,729.6909823417664,33.6094
730.1755139827728,-0.0681844,730.4694929122925,-0.0675625,731.0943183898926,1.976018,731.5553119182587,0.099619,732.1645331382751,0.479334,732.4614307880402,0.479894,732.7577266693115,0.924226,732.8010175228119,33.6563
733.2852511405945,-0.0681339,733.5812857151031,-0.0675279,734.1905202865601,1.975259,734.6560580730438,0.0996186,735.2646527290344,0.479095,735.5573015213013,0.479644,735.8718409538269,0.923916,735.8936469554901,33.5313
736.3867769241333,-0.0680889,736.6858718395233,-0.0674929,737.295072555542,1.974512,737.7347140312195,0.0996191,738.3429880142212,0.478856,738.6400809288025,0.479404,738.9501626491547,0.923607,738.981273651123,33.4375
739.4697046279907,-0.0680424,739.770277261734,-0.0674558,740.3763270378113,1.973765,740.8420758247375,0.0996198,741.4532189369202,0.478614,741.7500836849213,0.479147,742.0468771457672,0.923298,742.0779983997345,33.4375
742.5659580230713,-0.0679976,742.8638935089111,-0.0674215,743.4740660190582,1.973027,743.9453301429749,0.0996192,744.559433221817,0.47837,744.8563504219055,0.478893,745.1531410217285,0.922992,745.1842513084412,33.2813
745.6649208068848,-0.0679497,745.9734516143799,-0.0673837,746.5898516178131,1.972266,747.0275132656097,0.0996181,747.6369752883911,0.478137,747.9336891174316,0.478656,748.2424700260162,0.922686,748.2735831737518,33.2266
748.7670023441315,-0.0679066,749.0795397758484,-0.067352,749.6909549236298,1.971541,750.1432132720947,0.0996195,750.7580869197845,0.477907,751.0619511604309,0.478407,751.3587362766266,0.922395,751.4044711589813,33.1641
751.8718674182892,-0.0678644,752.1839852333069,-0.0673174,752.7904582023621,1.970833,753.2590832710266,0.0996194,753.8683383464813,0.477677,754.1654624938965,0.478183,754.4625172615051,0.922108,754.4936618804932,32.9766
754.9879570007324,-0.0678251,755.3004608154297,-0.0672862,755.9130094051361,1.970122,756.3757109642029,0.0996179,756.9853196144104,0.477449,757.2821936607361,0.477954,757.5784649848938,0.921804,757.6099898815155,32.9609
758.0963182449341,-0.0677777,758.3951816558838,-0.0672557,759.0096321105957,1.969411,759.4677383899689,0.0996191,760.082236289978,0.477228,760.3788521289825,0.477715,760.691205739975,0.921515,760.7223827838898,32.9531
761.2040395736694,-0.0677368,761.4997708797455,-0.0672219,762.1194877624512,1.968727,762.572904586792,0.0996184,763.1821098327637,0.477007,763.4885876178741,0.477482,763.7940037250519,0.921232,763.8258316516876,32.8438
764.3069636821747,-0.067694,764.6099510192871,-0.0671899,765.2156715393066,1.968038,765.677976846695,0.0996185,766.2876908779144,0.476783,766.5847301483154,0.477255,766.8991935253143,0.920941,766.9148144721985,32.75
767.3993339538574,-0.0676515,767.7123544216156,-0.0671566,768.3172581195831,1.967344,768.7849924564362,0.0996192,769.425803899765,0.476566,769.7212476730347,0.477013,770.0335469245911,0.920666,770.0491712093353,32.7422
770.5043947696686,-0.0676086,770.8065631389618,-0.0671245,771.4155027866364,1.966673,771.8841216564178,0.0996196,772.4931955337524,0.476358,772.7869834899902,0.476801,773.0992012023926,0.920389,773.1303215026855,32.6563
773.6206138134003,-0.0675708,773.9345035552979,-0.0670942,774.5333919525146,1.965998,775.0076231956482,0.0996195,775.6174712181091,0.476134,775.9115226268768,0.476561,776.2094476222992,0.920117,776.2537910938263,32.6797
776.7351431846619,-0.0675283,777.0476713180542,-0.0670627,777.6573889255524,1.965317,778.125718832016,0.0996193,778.7255132198334,0.475921,779.0375936031342,0.476347,779.3417403697968,0.919824,779.365996837616,32.5078
779.8433628082275,-0.0674911,780.1552536487579,-0.0670317,780.7596523761749,1.964655,781.2295181751251,0.0996187,781.8272929191589,0.47571,782.1393933296204,0.476128,782.4363074302673,0.919556,782.4674212932587,32.4219
782.9493288993835,-0.0674523,783.2459576129913,-0.0670026,783.8702454566956,1.963979,784.3304941654205,0.0996191,784.937655210495,0.475494,785.2345950603485,0.475908,785.5328197479248,0.91927,785.5780053138733,32.2656
786.0618486404419,-0.0674135,786.3537254333496,-0.0669739,786.963534116745,1.963306,787.4299139976501,0.0996172,788.0391201972961,0.475284,788.3360567092896,0.475686,788.6386108398438,0.918988,788.6704571247101,32.2656
789.1523830890656,-0.0673681,789.4659948348999,-0.0669384,790.0732858181,1.962654,790.5259990692139,0.0996189,791.1364307403564,0.475069,791.449022769928,0.475461,791.7460839748383,0.918719,791.7769687175751,32.3281
792.2614994049072,-0.0673275,792.5790717601776,-0.0669037,793.1881718635559,1.961985,793.66184425354,0.0996201,794.29980635643,0.474852,794.613278388977,0.475236,794.9053428173065,0.918433,794.951226234436,32.1953
795.4254293441772,-0.0672878,795.7221224308014,-0.0668747,796.3405351638794,1.961312,796.8077328205109,0.0996194,797.416942358017,0.474653,797.7152035236359,0.475023,798.0081753730774,0.91817,798.0392816066742,32.0547
798.5235195159912,-0.0672523,798.8485083580017,-0.066848,799.458160161972,1.960672,799.924156665802,0.0996185,800.5694434642792,0.474447,800.8805990219116,0.474808,801.1773788928986,0.917904,801.2241549491882,32.0547
801.702529668808,-0.0672164,802.0150303840637,-0.066818,802.6246702671051,1.960022,803.0906848907471,0.0996187,803.7027065753937,0.474241,804.0003247261047,0.474606,804.2978348731995,0.917635,804.3289875984192,31.9922
804.8149616718292,-0.0671761,805.1115818023682,-0.0667911,805.7201073169708,1.959408,806.1913585662842,0.0996188,806.7903633117676,0.474047,807.1026170253754,0.474395,807.3993966579437,0.917377,807.4305157661438,31.9141
807.9254205226898,-0.0671386,808.2252998352051,-0.0667616,808.822468996048,1.958796,809.2754228115082,0.0996193,809.8826398849487,0.473854,810.1838858127594,0.474189,810.4859671592712,0.917131,810.5170760154724,31.8047
810.9849767684937,-0.0671062,811.2854068279266,-0.0667354,811.8949053287506,1.958184,812.3481597900391,0.0996197,812.9568128585815,0.47366,813.2534382343292,0.473997,813.5653936862946,0.916869,813.5840735435486,31.8516
814.0839331150055,-0.0670697,814.395539522171,-0.066706,815.0087594985962,1.957581,815.4620244503021,0.0996196,816.0778391361237,0.473468,816.3783423900604,0.473792,816.6733088493347,0.916623,816.7044222354889,31.7266
817.2016966342926,-0.0670302,817.5135388374329,-0.0666745,818.1213788986206,1.956976,818.5917603969574,0.0996194,819.1872837543488,0.473278,819.5019581317902,0.4736,819.7997460365295,0.916377,819.8308868408203,31.6406
820.3156497478485,-0.0669966,820.6134567260742,-0.0666455,821.2240161895752,1.956387,821.6909892559052,0.0996183,822.2954988479614,0.473092,822.5911829471588,0.473406,822.9030649662018,0.916119,822.9341938495636,31.6172
823.418422460556,-0.0669609,823.7149724960327,-0.0666196,824.3313088417053,1.955783,824.7915437221527,0.0996204,825.3932974338531,0.472898,825.7054131031036,0.473211,826.0016655921936,0.915871,826.0327839851379,31.5391
826.5168101787567,-0.0669253,826.8220655918121,-0.0665921,827.431426525116,1.955176,827.8941190242767,0.0996195,828.4934978485107,0.47271,828.8057076931,0.473012,829.100775718689,0.915625,829.131897687912,31.4531
829.6165306568146,-0.0668898,829.9330697059631,-0.0665655,830.5425643920898,1.954571,831.0180027484894,0.0996197,831.6371293067932,0.472522,831.9337539672852,0.472801,832.2460322380066,0.91536,832.2772731781006,31.4531
832.7510569095612,-0.0668516,833.0764203071594,-0.0665377,833.6882865428925,1.953985,834.1578276157379,0.0996203,834.7860651016235,0.472336,835.093591928482,0.472616,835.3905007839203,0.915116,835.4216225147247,31.3906
835.9063966274261,-0.0668218,836.2031710147858,-0.0665121,836.8233571052551,1.9534,837.2864508628845,0.0996196,837.8946309089661,0.472151,838.1927917003632,0.472428,838.4993803501129,0.914878,838.5303614139557,31.2578
839.0033197402954,-0.0667878,839.3339495658875,-0.0664849,839.9421052932739,1.952809,840.4052963256836,0.0996194,841.0148096084595,0.471967,841.3163821697235,0.472232,841.6077296733856,0.914637,841.6508257389069,31.1953
842.135050535202,-0.0667539,842.4319615364075,-0.0664601,843.034167766571,1.952243,843.5026514530182,0.0996193,844.1118330955505,0.471794,844.406247138977,0.472051,844.7188484668732,0.914402,844.7497756481171,31.1719
845.2346425056458,-0.0667188,845.5485038757324,-0.0664355,846.1786425113678,1.951698,846.6318366527557,0.09962,847.253835439682,0.471617,847.5497391223907,0.471853,847.8578379154205,0.914165,847.8750431537628,31.0391
848.3694372177124,-0.0666866,848.6732895374298,-0.0664078,849.2832689285278,1.95114,849.7538948059082,0.0996195,850.3630909919739,0.471445,850.6600689888,0.471685,850.9709184169769,0.913937,851.0018076896667,31.0859
851.4836752414703,-0.0666565,851.7938723564148,-0.0663897,852.4136018753052,1.950592,852.8820383548737,0.0996199,853.4918005466461,0.471266,853.80420088768,0.471507,854.0983748435974,0.913701,854.1294884681702,31.0469
854.6150634288788,-0.0666209,854.9422345161438,-0.0663602,855.5463600158691,1.95003,856.0097010135651,0.09962,856.6191449165344,0.471095,856.9127950668335,0.471316,857.2251918315887,0.913473,857.2563164234161,30.9453
857.7418341636658,-0.066586,858.0610752105713,-0.066333,858.6695973873138,1.949492,859.1228799819946,0.0996202,859.7323660850525,0.470923,860.0426194667816,0.47114,860.339359998703,0.91325,860.3704788684845,30.8516
860.8594074249268,-0.0665585,861.1508369445801,-0.0663092,861.7690351009369,1.948948,862.2345480918884,0.0996201,862.8431978225708,0.470761,863.1381547451019,0.470981,863.4509313106537,0.913022,863.4821755886078,30.8516
863.9539902210236,-0.0665284,864.2823708057404,-0.0662871,864.8817331790924,1.948434,865.3503561019897,0.099619,865.9525499343872,0.470601,866.2657051086426,0.470814,866.568302154541,0.912809,866.5995109081268,30.9219
867.0853106975555,-0.066492,867.397819519043,-0.0662572,868.0026371479034,1.947931,868.4712965488434,0.0996205,869.0839736461639,0.470435,869.3786828517914,0.470644,869.6861610412598,0.912586,869.7173066139221,30.75
870.1908688545227,-0.0664599,870.5033123493195,-0.066236,871.1006512641907,1.947413,871.5727787017822,0.0996189,872.182169675827,0.470274,872.47904753685,0.470467,872.7878384590149,0.912367,872.8191170692444,30.6563
873.2670600414276,-0.0664311,873.5638449192047,-0.0662124,874.186238527298,1.946896,874.6399207115173,0.0996202,875.2493627071381,0.470114,875.5488166809082,0.4703,875.8597660064697,0.912156,875.890917301178,30.5859
876.362765789032,-0.0663994,876.6750042438507,-0.066187,877.2812080383301,1.946393,877.7499420642853,0.0996195,878.361163854599,0.469958,878.6593606472015,0.47014,878.9571294784546,0.911951,878.9882509708405,30.5156
879.4734926223755,-0.0663723,879.7871990203857,-0.0661636,880.4119987487793,1.945885,880.8810005187988,0.0996201,881.4895496368408,0.469795,881.786159992218,0.469965,882.094720363617,0.911736,882.1258325576782,30.4844
882.6154351234436,-0.066344,882.927966594696,-0.066141,883.5374052524567,1.945375,884.0031552314758,0.0996195,884.614851474762,0.469637,884.915111541748,0.469801,885.2107856273651,0.911524,885.2416687011719,30.4219
885.7121031284332,-0.0663132,886.0239176750183,-0.0661216,886.6333839893341,1.944883,887.1021151542664,0.0996195,887.7134773731232,0.469483,888.0150172710419,0.469642,888.3119175434113,0.911298,888.3421070575714,30.4219
888.8258831501007,-0.0662826,889.1381294727325,-0.0660941,889.7530229091644,1.94439,890.2205352783203,0.0996199,890.8273475170135,0.469331,891.1345255374908,0.469485,891.431667804718,0.911103,891.4627857208252,30.3984
891.9473140239716,-0.066253,892.2439384460449,-0.066075,892.8673567771912,1.943904,893.3338134288788,0.0996194,893.9719133377075,0.469181,894.2593576908112,0.469332,894.5737142562866,0.910902,894.6049542427063,30.3984
895.089194059372,-0.0662257,895.3987491130829,-0.0660501,896.0244295597076,1.943428,896.4929723739624,0.0996202,897.0975835323334,0.469027,897.3942081928253,0.469178,897.7031316757202,0.910703,897.7342536449432,30.2656
898.2187783718109,-0.0661981,898.5189793109894,-0.0660302,899.1275570392609,1.942966,899.5927708148956,0.0996193,900.1973142623901,0.468885,900.4994101524353,0.469027,900.8106760978699,0.91051,900.841915845871,30.1953
901.3261504173279,-0.066171,901.6226313114166,-0.0660113,902.2302496433258,1.942501,902.70077085495,0.0996209,903.3006920814514,0.468739,903.5964210033417,0.468872,903.9090507030487,0.910325,903.9399409294128,30.2188
904.4177901744843,-0.066146,904.7455172538757,-0.0659899,905.3523142337799,1.942038,905.817135810852,0.0996206,906.4215724468231,0.468595,906.718195438385,0.468717,907.0306053161621,0.910112,907.0617427825928,30.1875
907.5462446212769,-0.0661152,907.8591797351837,-0.0659685,908.4710674285889,1.941568,908.9252495765686,0.0996202,909.5317809581757,0.468444,909.8441812992096,0.468562,910.1409754753113,0.909919,910.172089099884,30.1172
910.6671178340912,-0.0660867,910.9796555042267,-0.065946,911.5894627571106,1.941087,912.0529923439026,0.0996205,912.6624908447266,0.468297,912.9594340324402,0.468404,913.256219625473,0.909714,913.2873344421387,29.9688
913.7863500118256,-0.0660611,914.0958647727966,-0.0659223,914.7058753967285,1.940612,915.1790037155151,0.0996201,915.7991895675659,0.468145,916.0961101055145,0.468254,916.4024200439453,0.909519,916.4336650371552,29.9688
916.9179050922394,-0.0660307,917.2310528755188,-0.0659027,917.8390440940857,1.940137,918.3127369880676,0.0996208,918.9090027809143,0.467996,919.2211380004883,0.468103,919.5178842544556,0.909306,919.5490093231201,29.9844
920.0309007167816,-0.0660051,920.3280708789825,-0.0658792,920.9506418704987,1.939664,921.4145722389221,0.0996203,922.0083508491516,0.467854,922.3206541538239,0.467951,922.6177332401276,0.909119,922.6488842964172,29.8906
923.1269209384918,-0.0659784,923.440132856369,-0.0658607,924.0503199100494,1.939222,924.5085039138794,0.0996202,925.1180067062378,0.46772,925.4146292209625,0.46781,925.7193219661713,0.908938,925.7504618167877,29.875
926.2415192127228,-0.0659546,926.5310332775116,-0.0658415,927.1510558128357,1.938803,927.6095516681671,0.0996211,928.2150702476501,0.467588,928.5263071060181,0.467674,928.8331098556519,0.908751,928.8487312793732,29.7813
929.3447535037994,-0.0659316,929.637876033783,-0.0658246,930.2571377754211,1.938354,930.7203345298767,0.0996202,931.3175196647644,0.46745,931.6288650035858,0.467534,931.9257762432098,0.908562,931.9569246768951,29.7891
932.4418592453003,-0.065907,932.7657699584961,-0.065803,933.3705883026123,1.937929,933.839257478714,0.0996203,934.4461410045624,0.467315,934.7403876781464,0.467373,935.0526957511902,0.908375,935.0874907970428,29.7188
935.5636279582977,-0.0658829,935.8761579990387,-0.0657865,936.4959383010864,1.937491,936.949384689331,0.0996202,937.5589196681976,0.467179,937.8557834625244,0.467254,938.1687922477722,0.908198,938.1999185085297,29.6953
938.6851258277893,-0.0658594,938.9976534843445,-0.065766,939.6100075244904,1.937074,940.063286781311,0.0996203,940.684853553772,0.467053,940.9819869995117,0.467115,941.2972209453583,0.908025,941.3179750442505,29.625
941.7987244129181,-0.0658336,942.121089220047,-0.0657484,942.7302730083466,1.936653,943.1835539340973,0.0996216,943.7973024845123,0.466921,944.0941729545593,0.466983,944.4054453372955,0.907845,944.442215681076,29.5703
944.9211666584015,-0.0658095,945.2176563739777,-0.0657301,945.8222231864929,1.936238,946.3009881973267,0.0996212,946.8959691524506,0.466793,947.2062878608704,0.466851,947.5031967163086,0.907679,947.534318447113,29.5234
948.027346611023,-0.0657875,948.3297531604767,-0.065712,948.9510049819946,1.935832,949.4194369316101,0.0996207,950.0133099555969,0.466668,950.3229465484619,0.466708,950.619448184967,0.907511,950.6505608558655,29.5469
951.1454482078552,-0.0657646,951.4584398269653,-0.0656934,952.0675842761993,1.935433,952.5357804298401,0.099621,953.1421353816986,0.466534,953.4410700798035,0.466582,953.7400796413422,0.907335,953.7711894512177,29.3984
954.2594292163849,-0.0657414,954.5580778121948,-0.0656768,955.1635525226593,1.935024,955.6387560367584,0.0996215,956.264714717865,0.466406,956.5888578891754,0.466448,956.9004623889923,0.907165,956.9160861968994,29.4375
957.3947858810425,-0.0657172,957.6919093132019,-0.0656596,958.3012986183167,1.934608,958.7690801620483,0.0996207,959.378012418747,0.466281,959.6837413311005,0.466315,959.9851939678192,0.906984,960.0163149833679,29.4844
960.4958140850067,-0.0656933,960.8126254081726,-0.0656409,961.4274263381958,1.934201,961.908529996872,0.0996207,962.5147409439087,0.466152,962.8168623447418,0.466161,963.1137714385986,0.906806,963.1449189186096,29.3203
963.631828546524,-0.0656694,963.9277749061584,-0.0656209,964.5393409729004,1.933784,965.0076639652252,0.0996218,965.6144323348999,0.466028,965.9112265110016,0.466036,966.2167313098907,0.90662,966.2478423118591,29.2969
966.7319326400757,-0.0656428,967.0444078445435,-0.0656044,967.653883934021,1.933365,968.1213855743408,0.0996214,968.7359216213226,0.465895,969.0358152389526,0.465917,969.3397450447083,0.906455,969.3708941936493,29.2578
969.8571517467499,-0.0656224,970.1755352020264,-0.0655882,970.7765173912048,1.932973,971.2474007606506,0.0996211,971.8558814525604,0.465774,972.168370962143,0.465787,972.4753897190094,0.906296,972.5065405368805,29.1875
972.9873297214508,-0.0656019,973.2995746135712,-0.0655679,973.9082570075989,1.932586,974.3731133937836,0.0996208,974.987771987915,0.465651,975.3102693557739,0.46565,975.6276965141296,0.906128,975.6589136123657,29.2422
976.1426455974579,-0.0655784,976.4570095539093,-0.0655505,977.0662055015564,1.932189,977.5315506458282,0.099621,978.1363725662231,0.465531,978.4591710567474,0.465532,978.7560465335846,0.905956,978.7871887683868,29.1406
979.2717380523682,-0.0655538,979.5678033828735,-0.0655293,980.1771569252014,1.931784,980.6511414051056,0.0996214,981.2556428909302,0.46541,981.5516819953918,0.465403,981.8639786243439,0.905785,981.8952443599701,29.0781
982.3794944286346,-0.0655331,982.6813349723816,-0.0655144,983.280106306076,1.931403,983.7511715888977,0.0996202,984.377687215805,0.465289,984.6788823604584,0.465264,984.9757091999054,0.905629,985.0068302154541,29.0781
985.4916460514069,-0.0655092,985.7885637283325,-0.0654948,986.3975162506104,1.931005,986.8705515861511,0.0996213,987.4831154346466,0.465164,987.7798690795898,0.465157,988.0767517089844,0.905469,988.1233198642731,28.9844
988.5928635597229,-0.0654872,988.8897092342377,-0.0654763,989.5120723247528,1.930621,989.9708983898163,0.0996211,990.5799698829651,0.465044,990.8770260810852,0.465025,991.1891391277313,0.905298,991.2203712463379,29.0469
991.7049450874329,-0.0654653,992.0174343585968,-0.0654603,992.6276116371155,1.930235,993.0964021682739,0.0996206,993.7013630867004,0.464926,993.9982521533966,0.464913,994.3052847385406,0.905142,994.3410861492157,28.8984
994.8234777450562,-0.0654449,995.1359708309174,-0.0654434,995.7397964000702,1.929874,996.2084159851074,0.099621,996.8155286312103,0.464812,997.127608537674,0.464789,997.4398851394653,0.904988,997.4712331295013,28.9219
997.9592280387878,-0.0654254,998.2636342048645,-0.0654291,998.8901336193085,1.929509,999.3757734298706,0.0996215,999.986414194107,0.464696,1000.2834384441376,0.464673,1000.5907592773438,0.904834,1000.6218688488007,28.875
1001.1061089038849,-0.0654026,1001.4144327640533,-0.0654096,1002.023948431015,1.929135,1002.4933960437775,0.0996213,1003.1068887710571,0.464589,1003.4037976264954,0.464554,1003.7053942680359,0.904687,1003.7365114688873,28.8281
1004.221045255661,-0.0653774,1004.5235848426819,-0.0653925,1005.1330268383026,1.928793,1005.6017785072327,0.0996211,1006.2267127037048,0.464478,1006.5239570140839,0.464442,1006.8207080364227,0.904519,1006.8518280982971,28.8203
1007.3351504802704,-0.0653595,1007.6328182220459,-0.0653745,1008.2562527656555,1.928422,1008.7098033428192,0.0996208,1009.3122889995575,0.46437,1009.630854845047,0.464312,1009.9338364601135,0.904379,1009.9650774002075,28.8047
1010.432265996933,-0.0653359,1010.7411930561066,-0.0653586,1011.3508408069611,1.928057,1011.8194720745087,0.099621,1012.4283628463745,0.464252,1012.7238254547119,0.464192,1013.0361051559448,0.904215,1013.0673434734344,28.6719
1013.5443177223206,-0.0653171,1013.8580439090729,-0.0653439,1014.4680337905884,1.927702,1014.9412846565247,0.0996211,1015.5386352539062,0.464137,1015.8510484695435,0.464086,1016.1479589939117,0.904066,1016.1790773868561,28.75
1016.6710860729218,-0.0652956,1016.983628988266,-0.0653277,1017.5897281169891,1.927343,1018.0580537319183,0.0996213,1018.6576871871948,0.464027,1018.9698104858398,0.463972,1019.2667193412781,0.903912,1019.2978401184082,28.7109
1019.7802164554596,-0.0652742,1020.092601776123,-0.0653137,1020.7061588764191,1.926982,1021.1738805770874,0.0996208,1021.7749700546265,0.463921,1022.087221622467,0.463863,1022.3804228305817,0.903755,1022.4271624088287,28.6406
1022.9089205265045,-0.0652535,1023.2214035987854,-0.0652956,1023.8360326290131,1.926625,1024.28666806221,0.0996205,1024.896553993225,0.463811,1025.2086837291718,0.46375,1025.5050671100616,0.903612,1025.5363080501556,28.6406
1026.018667459488,-0.0652364,1026.3142476081848,-0.0652791,1026.9336228370667,1.926293,1027.4022371768951,0.0996209,1027.9967422485352,0.463715,1028.3002355098724,0.46365,1028.6071321964264,0.903468,1028.6383755207062,28.5781
1029.114771604538,-0.0652178,1029.428983926773,-0.065265,1030.0379724502563,1.925971,1030.522817850113,0.0996219,1031.1320145130157,0.46361,1031.446044921875,0.463543,1031.7472484111786,0.903334,1031.7781312465668,28.5078
1032.2623720169067,-0.0651973,1032.5712082386017,-0.065251,1033.1783685684204,1.925641,1033.6513085365295,0.0996223,1034.2602815628052,0.463512,1034.5631973743439,0.463436,1034.8598172664642,0.903204,1034.891062259674,28.5234
1035.37002491951,-0.0651768,1035.6898951530457,-0.0652354,1036.2985587120056,1.92533,1036.7665927410126,0.0996222,1037.3835723400116,0.463412,1037.6740462779999,0.463334,1037.9865880012512,0.903061,1038.0178287029266,28.5313
1038.492344379425,-0.0651618,1038.8044574260712,-0.0652227,1039.4297311306,1.924997,1039.8830182552338,0.099622,1040.5044095516205,0.463311,1040.813420534134,0.463222,1041.110211610794,0.902923,1041.1569464206696,28.3984
1041.6270229816437,-0.0651439,1041.9392755031586,-0.0652079,1042.564248085022,1.924681,1043.0175395011902,0.0996216,1043.6353051662445,0.463211,1043.9324469566345,0.463129,1044.229903459549,0.902789,1044.2767684459686,28.3984
1044.7485659122467,-0.0651275,1045.0613868236542,-0.0651941,1045.6719598770142,1.924358,1046.1405982971191,0.099623,1046.7475893497467,0.463114,1047.0442008972168,0.463023,1047.3566138744354,0.902655,1047.387761592865,28.4219
1047.8698592185974,-0.0651113,1048.1823372840881,-0.0651834,1048.8121497631073,1.924047,1049.280910730362,0.0996222,1049.8784582614899,0.463021,1050.1898953914642,0.462916,1050.4815587997437,0.902514,1050.5127122402191,28.3047
1050.996463060379,-0.0650923,1051.324243068695,-0.0651685,1051.9347178936005,1.92373,1052.3879210948944,0.0996226,1052.9957218170166,0.462918,1053.309790611267,0.462814,1053.6120901107788,0.902378,1053.6433296203613,28.3203
1113.674639225006,-0.0648309,1113.9763646125793,-0.0602968,1114.5872750282288,1.617459,1054.1119616031647,0.0996223,1054.7883143424988,0.462867,1055.0509791374207,0.462769,1055.3322777748108,0.902305,1055.3322777748108,28.3203
