Date:,Thu Sep 12 15:29:12 2024
Time:,1726169352.899911
t1,v1,t2,v2,t3,v3,t4,v4,t5,v5,t6,v6,t7,v7,t9,T
0.2758181095123291,-0.0817453,0.7794294357299805,-0.0773831,1.3888053894042969,2.117495,1.8698432445526123,0.0996064,2.4816524982452393,0.539401,2.772688150405884,0.543729,3.100691080093384,0.967809,3.1316182613372803,61.1875
3.6159424781799316,-0.0817123,3.925776481628418,-0.0773804,4.539292573928833,2.11841,5.009047269821167,0.0996061,5.628596067428589,0.539352,5.925336599349976,0.543659,6.238091230392456,0.968468,6.269330739974976,60.9297
6.75189733505249,-0.0816742,7.064366817474365,-0.0773697,7.679632902145386,2.119214,8.132602214813232,0.0996062,8.759434223175049,0.539285,9.056032180786133,0.543549,9.368623495101929,0.969094,9.399529457092285,60.6953
9.88870120048523,-0.0816363,10.201195001602173,-0.0773578,10.833192110061646,2.119942,11.284761428833008,0.0996056,11.89376950263977,0.53919,12.203054904937744,0.543437,12.499637603759766,0.969671,12.530529022216797,60.3203
13.020151615142822,-0.0815942,13.322503328323364,-0.0773461,13.924649238586426,2.120574,14.393242120742798,0.0996059,14.997712850570679,0.53908,15.294477224349976,0.543292,15.606809377670288,0.970221,15.63805365562439,60.0234
16.12263798713684,-0.0815476,16.43541431427002,-0.0773258,17.057970762252808,2.12113,17.529699087142944,0.0996051,18.13886785507202,0.538945,18.43253445625305,0.54313,18.744575023651123,0.970725,18.775811910629272,59.7734
19.2600257396698,-0.081499,19.578566551208496,-0.0773026,20.1891028881073,2.121619,20.644779443740845,0.0996059,21.256248474121094,0.538796,21.55545163154602,0.54294,21.852198839187622,0.971193,21.898780584335327,59.5234
22.366795778274536,-0.0814485,22.676716566085815,-0.0772807,23.285890817642212,2.122017,23.74520182609558,0.0996063,24.36302089691162,0.538626,24.66012454032898,0.54275,24.956913709640503,0.971627,25.003443717956543,59.2813
25.472734451293945,-0.0813971,25.780867099761963,-0.0772564,26.39190149307251,2.122342,26.84471869468689,0.0996059,27.451860904693604,0.538442,27.753443479537964,0.542536,28.066428661346436,0.97203,28.09734058380127,58.9453
28.567559003829956,-0.0813369,28.895362854003906,-0.0772264,29.50936532020569,2.122618,29.97455072402954,0.0996062,30.583316802978516,0.538242,30.880170583724976,0.542308,31.18371319770813,0.972399,31.230273008346558,58.5859
31.694180250167847,-0.0812796,32.00662279129028,-0.077195,32.618982791900635,2.122809,33.08756756782532,0.099606,33.69205331802368,0.538033,33.988791942596436,0.542065,34.301151514053345,0.972741,34.347736120224,58.3047
34.80680847167969,-0.0812175,35.12035298347473,-0.0771635,35.73219609260559,2.12294,36.18697905540466,0.099606,36.8099799156189,0.5378,37.12001657485962,0.541803,37.42656397819519,0.973054,37.4579644203186,58.0547
37.939902544021606,-0.0811553,38.252604484558105,-0.0771299,38.853739500045776,2.123016,39.32231020927429,0.0996051,39.92565703392029,0.53755,40.237756967544556,0.541511,40.53553628921509,0.973325,40.587629079818726,57.8125
41.06017017364502,-0.0810913,41.37421154975891,-0.0770937,42.00543451309204,2.123041,42.49136972427368,0.0996053,43.11304187774658,0.5373,43.42546057701111,0.54123,43.75315308570862,0.973575,43.7840838432312,57.5547
44.26826357841492,-0.0810239,44.58384823799133,-0.0770556,45.21765065193176,2.122988,45.67079305648804,0.099605,46.29583120346069,0.537024,46.62035036087036,0.540922,46.91745209693909,0.973806,46.96915340423584,57.2578
47.44830560684204,-0.0809514,47.766249895095825,-0.0770139,48.39101433753967,2.122878,48.85933804512024,0.0996063,49.47401785850525,0.536728,49.802088499069214,0.540602,50.114267349243164,0.974001,50.16081404685974,56.9766
50.64817953109741,-0.0808767,50.95971488952637,-0.0769694,51.58805441856384,2.122708,52.05863285064697,0.0996068,52.67733073234558,0.536415,52.98968291282654,0.54026,53.31764101982117,0.974185,53.36442017555237,56.6875
53.838929891586304,-0.0807981,54.16676306724548,-0.0769221,54.79151797294617,2.122482,55.26009130477905,0.0996049,55.881797075271606,0.536086,56.194247007369995,0.539892,56.51010847091675,0.974329,56.57227921485901,56.3672
57.05139899253845,-0.0807187,57.36336421966553,-0.0768713,57.988571882247925,2.122204,58.45677351951599,0.0996053,59.07934379577637,0.535743,59.3764009475708,0.539517,59.702619791030884,0.97446,59.72132873535156,56.2109
60.205835580825806,-0.0806359,60.53350758552551,-0.0768241,61.158724308013916,2.121882,61.61029052734375,0.0996059,62.22010374069214,0.535396,62.52822422981262,0.539141,62.835325479507446,0.974557,62.86657166481018,55.9453
63.35111737251282,-0.0805517,63.66357612609863,-0.0767722,64.2887659072876,2.121499,64.75048398971558,0.0996052,65.34935426712036,0.535037,65.66754508018494,0.538755,65.96435308456421,0.974623,66.01118016242981,55.6641
66.49124026298523,-0.0804694,66.83457970619202,-0.0767163,67.445077419281,2.121067,67.91214776039124,0.0996063,68.53867602348328,0.534666,68.84625196456909,0.538341,69.14602994918823,0.974674,69.19255208969116,55.3984
69.66415143013,-0.0803811,69.97687101364136,-0.0766624,70.60225749015808,2.120585,71.07369256019592,0.0996063,71.69499349594116,0.534282,71.9861888885498,0.537926,72.29984283447266,0.974697,72.33078074455261,55.1563
72.81530356407166,-0.0802956,73.12775349617004,-0.0766073,73.76188492774963,2.120082,74.21510195732117,0.0996053,74.827223777771,0.5339,75.12381935119629,0.537518,75.43771457672119,0.974709,75.46892523765564,54.8828
75.95317482948303,-0.0802088,76.25820994377136,-0.0765529,76.8833966255188,2.119522,77.35792326927185,0.099606,77.95411491394043,0.53351,78.26571440696716,0.537093,78.56268501281738,0.974692,78.60924983024597,54.6875
79.07807445526123,-0.080125,79.37468767166138,-0.0764958,79.98539447784424,2.118952,80.45475435256958,0.0996063,81.06571555137634,0.533123,81.36482381820679,0.536668,81.6631600856781,0.974649,81.70971322059631,54.4531
82.18580460548401,-0.0800348,82.49788117408752,-0.0764389,83.12222671508789,2.118349,83.59403371810913,0.0996061,84.19840598106384,0.532733,84.49740934371948,0.536256,84.80967116355896,0.974592,84.84090924263,54.0703
85.32511639595032,-0.0799473,85.63846707344055,-0.076381,86.2448878288269,2.117704,86.70924258232117,0.0996058,87.3184266090393,0.532329,87.61524701118469,0.535829,87.92731595039368,0.974524,87.95855522155762,53.8516
88.44339680671692,-0.079859,88.74451327323914,-0.0763222,89.34643054008484,2.11702,89.81046938896179,0.0996053,90.41991591453552,0.531931,90.71673583984375,0.535391,91.02423906326294,0.974442,91.05534076690674,53.6328
91.50803899765015,-0.0797702,91.81821155548096,-0.0762635,92.44345259666443,2.116325,92.91314768791199,0.0996058,93.51953387260437,0.531516,93.83074474334717,0.534946,94.12550401687622,0.974334,94.15649843215942,53.3984
94.64173340797424,-0.0796798,94.93824863433838,-0.0762014,95.54980826377869,2.115588,96.02014660835266,0.0996062,96.63155603408813,0.531098,96.92840123176575,0.534501,97.22537207603455,0.974224,97.27194380760193,53.1172
97.75307869911194,-0.0795894,98.06165909767151,-0.076139,98.6683099269867,2.114834,99.13209319114685,0.0996072,99.74097394943237,0.530677,100.03776597976685,0.534045,100.3658835887909,0.974091,100.40638661384583,52.9063
100.86989974975586,-0.0795019,101.18206810951233,-0.0760788,101.78844356536865,2.114061,102.25890016555786,0.0996064,102.86615419387817,0.530262,103.16300511360168,0.53361,103.46559357643127,0.973941,103.49653744697571,52.625
104.00820422172546,-0.079411,104.33590817451477,-0.0760194,104.94423222541809,2.113255,105.40856957435608,0.0996063,106.0023546218872,0.529841,106.31412434577942,0.533156,106.6110954284668,0.973787,106.65766453742981,52.4609
107.12360072135925,-0.0793211,107.43738913536072,-0.0759573,108.04593229293823,2.112447,108.51483988761902,0.099607,109.12171196937561,0.529412,109.42324805259705,0.532701,109.71518635749817,0.973616,109.74616622924805,52.2344
110.2312171459198,-0.0792311,110.54423308372498,-0.0758962,111.17044615745544,2.1116,111.62648844718933,0.0996059,112.25127387046814,0.528981,112.54356265068054,0.532246,112.85335683822632,0.973438,112.88434195518494,51.9531
113.35394406318665,-0.0791406,113.66726756095886,-0.0758325,114.29332661628723,2.110735,114.75743269920349,0.0996058,115.36671018600464,0.528555,115.66298007965088,0.531783,115.9736659526825,0.973235,116.02022981643677,51.7813
116.4813163280487,-0.0790459,116.8090569972992,-0.0757685,117.42342352867126,2.109859,117.87587189674377,0.0996069,118.4851233959198,0.528115,118.78055953979492,0.531315,119.09325385093689,0.973037,119.13981866836548,51.5313
119.60803127288818,-0.0789531,119.93095684051514,-0.0757075,120.55596971511841,2.108951,121.00918960571289,0.0996063,121.63355493545532,0.527672,121.94595575332642,0.530845,122.24302649497986,0.972818,122.28958439826965,51.3438
122.77827095985413,-0.0788629,123.08610486984253,-0.0756435,123.69552636146545,2.108019,124.16409540176392,0.0996053,124.77802324295044,0.52723,125.07247591018677,0.530372,125.38105916976929,0.972595,125.41230297088623,51.0625
125.89057159423828,-0.0787714,126.20403528213501,-0.0755775,126.83338761329651,2.107091,127.30172109603882,0.0996066,127.89657306671143,0.526786,128.2091863155365,0.529892,128.5166666507721,0.97236,128.5479109287262,50.8906
129.02712440490723,-0.0786793,129.3395767211914,-0.0755126,129.97128129005432,2.106134,130.43467235565186,0.0996076,131.0368127822876,0.526342,131.34516525268555,0.529423,131.64732718467712,0.972109,131.6784689426422,50.6406
132.15747690200806,-0.0785856,132.474773645401,-0.0754484,133.09867572784424,2.105142,133.5623505115509,0.0996068,134.18712401390076,0.525881,134.5133559703827,0.52893,134.80681705474854,0.971849,134.8533742427826,50.4844
135.33186507225037,-0.0784896,135.6443350315094,-0.075383,136.26916694641113,2.104137,136.73748540878296,0.099606,137.34844970703125,0.525427,137.6439871788025,0.528455,137.94217371940613,0.971577,137.98874473571777,50.2031
138.47764921188354,-0.0783951,138.78986954689026,-0.0753158,139.42029738426208,2.10312,139.89050364494324,0.0996058,140.5084683895111,0.524969,140.82187509536743,0.527966,141.1350326538086,0.971292,141.16750931739807,50.0156
141.63699650764465,-0.0782981,141.96503162384033,-0.0752501,142.5708360671997,2.102093,143.0368299484253,0.0996062,143.64470219612122,0.524516,143.93694591522217,0.527483,144.24913215637207,0.971023,144.28030467033386,49.8203
144.7671513557434,-0.0782061,145.06400084495544,-0.0751835,145.678795337677,2.101066,146.1306140422821,0.0996061,146.7409908771515,0.524061,147.04804253578186,0.527005,147.349915266037,0.970722,147.3964719772339,49.5625
147.8667209148407,-0.0781112,148.16361546516418,-0.0751166,148.77330613136292,2.100017,149.23987436294556,0.0996065,149.8655605316162,0.523601,150.1719069480896,0.526509,150.46858739852905,0.970417,150.4997091293335,49.3984
150.96859216690063,-0.0780225,151.26440501213074,-0.0750487,151.87374019622803,2.098963,152.34655952453613,0.0996065,152.95477867126465,0.523144,153.25191473960876,0.526027,153.549010515213,0.970112,153.59555792808533,49.1641
154.07625246047974,-0.0779259,154.388747215271,-0.074983,154.99477767944336,2.097879,155.46047353744507,0.099606,156.07111597061157,0.522674,156.37035751342773,0.525535,156.6695053577423,0.969797,156.7160680294037,48.9609
157.18463158607483,-0.0778292,157.51305103302002,-0.0749122,158.13451099395752,2.096769,158.60402154922485,0.0996055,159.1981737613678,0.522208,159.49887108802795,0.52504,159.81143736839294,0.969458,159.84241199493408,48.7266
160.32425379753113,-0.0777348,160.64412569999695,-0.0748455,161.25575804710388,2.095668,161.7108931541443,0.099606,162.32493042945862,0.521744,162.66118478775024,0.524536,162.9590094089508,0.969118,162.98991918563843,48.5781
163.47466707229614,-0.0776405,163.78692412376404,-0.0747812,164.41659879684448,2.094564,164.88789749145508,0.0996063,165.49458765983582,0.521282,165.79164457321167,0.524059,166.08822417259216,0.968784,166.11936283111572,48.3516
166.59869575500488,-0.0775459,166.92630338668823,-0.0747125,167.5531506538391,2.093455,168.0223581790924,0.099607,168.62761735916138,0.520819,168.92470145225525,0.523565,169.2214457988739,0.968448,169.26801204681396,48.1641
169.73701071739197,-0.0774509,170.0643172264099,-0.0746447,170.6726062297821,2.092331,171.1270706653595,0.0996056,171.73772358894348,0.520352,172.04979729652405,0.523076,172.34686589241028,0.968098,172.37780714035034,47.9688
172.86555552482605,-0.077358,173.16831016540527,-0.074579,173.7678611278534,2.091216,174.23147821426392,0.0996052,174.84604215621948,0.519901,175.1409206390381,0.522593,175.45310044288635,0.96775,175.4888870716095,47.7891
175.9654417037964,-0.0772686,176.2756485939026,-0.0745117,176.88583111763,2.090085,177.3602557182312,0.099605,177.9689872264862,0.519441,178.26584553718567,0.522121,178.56700706481934,0.967397,178.59795141220093,47.5781
179.08108520507812,-0.0771745,179.39351224899292,-0.0744474,180.00383067131042,2.088962,180.46643614768982,0.099606,181.0755808353424,0.518986,181.3879725933075,0.521634,181.68497467041016,0.967041,181.71597623825073,47.375
182.19756627082825,-0.077079,182.5135087966919,-0.0743809,183.1492896080017,2.087835,183.60291075706482,0.099606,184.21207356452942,0.518525,184.51927590370178,0.521134,184.81574940681458,0.966671,184.8779420852661,47.2109
185.34691643714905,-0.0769866,185.6449432373047,-0.0743128,186.26695084571838,2.086684,186.72201466560364,0.0996065,187.33113503456116,0.518069,187.6280415058136,0.520668,187.94056916236877,0.966292,187.97157263755798,47.0078
188.45042300224304,-0.0768947,188.77817749977112,-0.0742486,189.39832377433777,2.085542,189.86190605163574,0.0996062,190.47124934196472,0.517613,190.76681351661682,0.520181,191.0771758556366,0.965932,191.10813856124878,46.8203
191.5935242176056,-0.0768007,191.91143321990967,-0.0741794,192.5232174396515,2.084389,192.97674131393433,0.0996054,193.58600640296936,0.517152,193.8826117515564,0.519689,194.19517397880554,0.965552,194.22609877586365,46.6563
194.70668244361877,-0.0767112,195.0179624557495,-0.0741143,195.63703036308289,2.083226,196.10291051864624,0.0996058,196.71210384368896,0.516693,197.00895404815674,0.51921,197.30371403694153,0.965165,197.35046577453613,46.4688
197.83080554008484,-0.0766199,198.12210726737976,-0.0740478,198.73698568344116,2.082066,199.20525574684143,0.0996063,199.81497478485107,0.51624,200.1072154045105,0.518736,200.41936898231506,0.964792,200.45060396194458,46.25
200.93600749969482,-0.0765303,201.24844217300415,-0.0739819,201.85457229614258,2.080921,202.31232810020447,0.0996069,202.9374680519104,0.515793,203.24828386306763,0.518262,203.5418996810913,0.964409,203.58843231201172,46.1016
204.05731797218323,-0.0764368,204.37989401817322,-0.0739191,204.98720622062683,2.079759,205.45586848258972,0.0996059,206.06439232826233,0.515341,206.36696410179138,0.51778,206.68937492370605,0.964009,206.72061252593994,45.9375
207.19751024246216,-0.0763486,207.51492381095886,-0.0738502,208.1401617527008,2.078581,208.60076570510864,0.0996055,209.23972606658936,0.51488,209.53730988502502,0.517307,209.84980654716492,0.963619,209.88070631027222,45.7109
210.3602259159088,-0.0762579,210.67245197296143,-0.0737844,211.28189849853516,2.077399,211.75050902366638,0.099606,212.3576419353485,0.514427,212.65550708770752,0.516822,212.96811985969543,0.963218,212.99902534484863,45.5469
213.4869463443756,-0.0761641,213.80507063865662,-0.0737185,214.4119529724121,2.076215,214.870099067688,0.099606,215.4745738506317,0.513971,215.78748846054077,0.516335,216.08499264717102,0.962811,216.1397967338562,45.3984
216.61698746681213,-0.0760771,216.92940378189087,-0.0736524,217.56567692756653,2.075029,218.01890087127686,0.0996064,218.63741850852966,0.513525,218.93427085876465,0.515875,219.2412941455841,0.962403,219.2725327014923,45.2734
219.7448742389679,-0.0759872,220.05744433403015,-0.0735875,220.6673605442047,2.07385,221.1209135055542,0.0996069,221.7282211780548,0.513078,222.03881788253784,0.515404,222.3457612991333,0.962006,222.37700128555298,45.125
222.84648633003235,-0.0758995,223.17432618141174,-0.0735241,223.77544403076172,2.072683,224.24181056022644,0.0996063,224.84587025642395,0.512639,225.15807271003723,0.514921,225.44982147216797,0.961597,225.496333360672,44.9531
225.96521854400635,-0.0758105,226.28888607025146,-0.0734578,226.89823532104492,2.071511,227.36554074287415,0.0996057,227.9718520641327,0.512199,228.2785565853119,0.514474,228.57545065879822,0.961203,228.6065993309021,44.7422
229.09107208251953,-0.0757254,229.41359949111938,-0.0733962,230.03305888175964,2.070371,230.49793100357056,0.0996062,231.12969946861267,0.511761,231.4290223121643,0.514018,231.72858786582947,0.960798,231.75948977470398,44.6094
232.2437036037445,-0.0756393,232.53718996047974,-0.0733317,233.1568102836609,2.069221,233.61222004890442,0.0996067,234.22021675109863,0.511333,234.52713680267334,0.513561,234.8408555984497,0.960399,234.88739442825317,44.375
235.36647629737854,-0.0755537,235.68369126319885,-0.0732713,236.27771258354187,2.068078,236.74825930595398,0.0996062,237.35774540901184,0.510907,237.65919852256775,0.513109,237.96632933616638,0.960001,237.99722838401794,44.2031
238.48080015182495,-0.0754706,238.79408812522888,-0.0732085,239.4174406528473,2.066921,239.88301587104797,0.0996064,240.4973542690277,0.51047,240.7942123413086,0.512657,241.10663151741028,0.959583,241.15349531173706,44.1328
241.63172101974487,-0.0753818,241.9441134929657,-0.0731438,242.55724334716797,2.065731,243.01105260849,0.0996065,243.62538361549377,0.510033,243.9219799041748,0.512181,244.23449301719666,0.959169,244.2655279636383,43.9063
244.7480971813202,-0.0752968,245.06032371520996,-0.0730814,245.6701545715332,2.064555,246.13590908050537,0.0996055,246.75167274475098,0.509597,247.04856038093567,0.511735,247.34537363052368,0.958749,247.4045205116272,43.7422
247.87688374519348,-0.0752093,248.1923758983612,-0.0730211,248.83349013328552,2.063382,249.28784489631653,0.0996067,249.90899920463562,0.509166,250.23671317100525,0.511264,250.53868412971497,0.958327,250.56992316246033,43.5938
251.0541398525238,-0.0751248,251.36820673942566,-0.0729579,251.9932940006256,2.06221,252.45041608810425,0.0996062,253.07557940483093,0.508731,253.38678646087646,0.510825,253.68381905555725,0.957904,253.73041939735413,43.4375
254.19930768013,-0.0750354,254.50985145568848,-0.0728937,255.1304862499237,2.061031,255.58872294425964,0.099606,256.1979684829712,0.508302,256.49397683143616,0.510363,256.80616569519043,0.957489,256.837308883667,43.2188
257.32008695602417,-0.0749522,257.6164746284485,-0.0728298,258.2308211326599,2.059872,258.694242477417,0.0996057,259.3000683784485,0.507883,259.60217547416687,0.509917,259.9092924594879,0.957077,259.9402301311493,43.125
260.4172594547272,-0.0748733,260.73114228248596,-0.072769,261.34388756752014,2.05871,261.8114857673645,0.0996061,262.4156081676483,0.507459,262.7125132083893,0.509486,263.0230221748352,0.956654,263.06978034973145,43.0
263.5345585346222,-0.0747894,263.8622739315033,-0.0727114,264.4686269760132,2.057572,264.9314377307892,0.099606,265.54551577568054,0.507039,265.8577344417572,0.509054,266.1547203063965,0.956235,266.2012495994568,42.8594
266.66957926750183,-0.0747046,266.9972925186157,-0.072648,267.60203194618225,2.056422,268.0700647830963,0.0996057,268.67877435684204,0.506624,268.9756636619568,0.508614,269.2848608493805,0.955829,269.3130419254303,42.6563
269.7930381298065,-0.0746232,270.105251789093,-0.0725895,270.73670530319214,2.055284,271.2051911354065,0.099606,271.8298840522766,0.506217,272.1267457008362,0.508179,272.42237091064453,0.955409,272.4780640602112,42.4609
272.9572901725769,-0.0745427,273.26820135116577,-0.0725304,273.9033133983612,2.054134,274.3716435432434,0.099606,274.9943337440491,0.505801,275.2914755344391,0.507741,275.5879364013672,0.954986,275.63450956344604,42.3438
276.11898136138916,-0.074461,276.44218277931213,-0.0724704,277.0515320301056,2.052987,277.520396232605,0.0996057,278.1299321651459,0.505392,278.43665313720703,0.507316,278.76490330696106,0.954572,278.7958936691284,42.2969
279.2648386955261,-0.0743815,279.5890829563141,-0.0724108,280.1984100341797,2.051842,280.6698839664459,0.0996061,281.279433965683,0.504979,281.5761504173279,0.506867,281.90301060676575,0.954154,281.9342460632324,42.0859
282.4143285751343,-0.0743007,282.7308945655823,-0.0723519,283.33607006073,2.050702,283.8046748638153,0.099606,284.4129636287689,0.504572,284.70666694641113,0.506452,285.0189688205719,0.953728,285.05020475387573,41.9219
285.5291223526001,-0.0742198,285.84133553504944,-0.0722931,286.4507987499237,2.04956,286.9193947315216,0.0996059,287.52952241897583,0.504163,287.8263909816742,0.506025,288.13917779922485,0.953303,288.16690158843994,41.7266
288.6416726112366,-0.0741407,288.9678256511688,-0.072231,289.5979588031769,2.048427,290.06118869781494,0.0996061,290.67904782295227,0.503762,290.98316621780396,0.505604,291.2825312614441,0.95289,291.32908487319946,41.6328
291.79977440834045,-0.074065,292.1122033596039,-0.0721721,292.72059988975525,2.04728,293.1957759857178,0.0996066,293.8146345615387,0.503358,294.11149430274963,0.505178,294.4253182411194,0.952474,294.4550995826721,41.4609
294.9393117427826,-0.073985,295.25179052352905,-0.0721146,295.8806495666504,2.046173,296.3392686843872,0.0996068,296.95831274986267,0.502959,297.25718998908997,0.50476,297.57103538513184,0.95205,297.6019711494446,41.4297
298.0811069011688,-0.0739067,298.398056268692,-0.0720595,299.0093502998352,2.045067,299.47900009155273,0.0996063,300.077392578125,0.502568,300.3843173980713,0.504351,300.6814081668854,0.951642,300.7279541492462,41.2188
301.1968445777893,-0.0738297,301.52365922927856,-0.072004,302.13283252716064,2.04395,302.58901619911194,0.0996058,303.20405626296997,0.502182,303.4966857433319,0.503945,303.8088870048523,0.951225,303.8400328159332,41.0703
304.3091471195221,-0.0737523,304.6343243122101,-0.0719446,305.23852276802063,2.042842,305.71498370170593,0.0996065,306.3191452026367,0.501789,306.61739349365234,0.503519,306.94509077072144,0.950804,306.9763283729553,41.0
307.4470944404602,-0.0736802,307.7594153881073,-0.0718906,308.363094329834,2.041729,308.8241846561432,0.0996057,309.440452337265,0.501397,309.7322654724121,0.50311,310.0445854663849,0.950394,310.07560443878174,40.8203
310.5497272014618,-0.0736034,310.8745484352112,-0.0718321,311.48715114593506,2.040635,311.9558415412903,0.0996071,312.5520896911621,0.50101,312.8526203632355,0.502724,313.1650025844574,0.949983,313.19596338272095,40.7188
313.6697018146515,-0.0735284,313.99745631217957,-0.0717772,314.6069016456604,2.039523,315.07345938682556,0.099607,315.6780619621277,0.500629,315.9750967025757,0.502315,316.2862424850464,0.949576,316.3072340488434,40.5469
316.7917103767395,-0.0734527,317.10394263267517,-0.0717218,317.72087502479553,2.038437,318.1893389225006,0.0996066,318.81543612480164,0.500243,319.1283416748047,0.501884,319.4245388507843,0.949145,319.47142934799194,40.5313
319.9681947231293,-0.0733798,320.27577209472656,-0.0716652,320.88599967956543,2.037315,321.3548917770386,0.099607,321.95102405548096,0.499855,322.25265860557556,0.501504,322.56543922424316,0.948724,322.6120095252991,40.2891
323.0963656902313,-0.0733011,323.41896867752075,-0.0716097,324.0411026477814,2.036201,324.49609446525574,0.099607,325.1275053024292,0.499465,325.4392120838165,0.501088,325.76629161834717,0.948307,325.8128659725189,40.2109
326.297372341156,-0.0732259,326.6146683692932,-0.0715533,327.22721338272095,2.035091,327.69016909599304,0.0996067,328.28921818733215,0.499085,328.5961682796478,0.500688,328.89311003685,0.947896,328.93971490859985,40.0078
329.4066390991211,-0.0731558,329.7335875034332,-0.0714981,330.3383300304413,2.034025,330.8018219470978,0.0996066,331.4190192222595,0.498708,331.7160987854004,0.500294,332.02846121788025,0.947484,332.07501888275146,39.8984
332.5600197315216,-0.0730818,332.8724057674408,-0.0714451,333.5133635997772,2.032944,333.96733951568604,0.0996067,334.5929970741272,0.498342,334.91271114349365,0.499894,335.2200758457184,0.947068,335.2513122558594,39.8281
335.72829008102417,-0.0730091,336.0404703617096,-0.0713932,336.66889333724976,2.031864,337.13748598098755,0.099607,337.76630330085754,0.49797,338.0787830352783,0.499524,338.37509322166443,0.946667,338.4263174533844,39.6484
338.9080274105072,-0.0729373,339.2357804775238,-0.0713393,339.8607122898102,2.030808,340.313937664032,0.0996067,340.94831943511963,0.497607,341.25006222724915,0.49914,341.5541069507599,0.946269,341.57455492019653,39.3984
342.0590057373047,-0.0728678,342.37216877937317,-0.0712863,343.0072238445282,2.029772,343.46084237098694,0.099607,344.08563208580017,0.497242,344.39808773994446,0.498758,344.70560336112976,0.945873,344.7524995803833,39.4141
345.2491729259491,-0.0728009,345.561892747879,-0.0712345,346.1922149658203,2.028709,346.64484882354736,0.0996074,347.2605335712433,0.496884,347.56673979759216,0.498382,347.86542797088623,0.945453,347.9119830131531,39.2891
348.38124227523804,-0.0727279,348.6948997974396,-0.0711815,349.3195173740387,2.027671,349.7844183444977,0.0996075,350.4042568206787,0.496529,350.73315048217773,0.498011,351.0397651195526,0.945055,351.08662366867065,39.0781
351.5601465702057,-0.0726594,351.87297797203064,-0.0711309,352.4830803871155,2.026628,352.94821214675903,0.0996068,353.5697515010834,0.496169,353.8947398662567,0.497633,354.1907193660736,0.944659,354.2374517917633,39.0703
354.7080717086792,-0.0725875,355.0328712463379,-0.0710774,355.63196778297424,2.025608,356.10052251815796,0.0996063,356.7294445037842,0.495822,357.0263421535492,0.497272,357.3402705192566,0.944264,357.3715078830719,38.9531
357.8581521511078,-0.0725238,358.185839176178,-0.0710254,358.8126311302185,2.024576,359.2659134864807,0.0996064,359.88375997543335,0.495464,360.19616532325745,0.496904,360.49314308166504,0.943857,360.53977036476135,38.7344
361.0095067024231,-0.0724513,361.33309745788574,-0.0709765,361.94230914115906,2.023536,362.4009246826172,0.0996064,363.02480602264404,0.495116,363.3337652683258,0.496522,363.6320023536682,0.943469,363.67857098579407,38.5938
364.16163897514343,-0.072387,364.477591753006,-0.0709248,365.11050820350647,2.022506,365.5734808444977,0.0996077,366.195782661438,0.494763,366.4988317489624,0.496164,366.82787561416626,0.943055,366.8900706768036,38.5
367.35896396636963,-0.0723201,367.6732954978943,-0.0708743,368.3129196166992,2.021466,368.76328134536743,0.0996064,369.38799476623535,0.494415,369.7045328617096,0.495793,370.03284788131714,0.942659,370.06381702423096,38.4531
370.54497742652893,-0.0722517,370.85719299316406,-0.0708238,371.4878149032593,2.020438,371.9545519351959,0.0996064,372.580703496933,0.494064,372.88976311683655,0.495431,373.2020628452301,0.94226,373.23329877853394,38.2656
373.71754264831543,-0.072187,374.03021001815796,-0.0707751,374.6446371078491,2.019434,375.1000757217407,0.0996065,375.71205163002014,0.493724,376.0091359615326,0.49506,376.32044672966003,0.941885,376.35171270370483,38.1953
376.8515601158142,-0.0721177,377.1640212535858,-0.0707239,377.7878978252411,2.018438,378.2564797401428,0.0996063,378.86594414711,0.493381,379.1942331790924,0.494716,379.5180947780609,0.941489,379.5493633747101,38.0703
380.02201890945435,-0.0720514,380.3443765640259,-0.0706723,380.9500195980072,2.017436,381.4239008426666,0.0996068,382.0432689189911,0.49304,382.34016966819763,0.494361,382.6526277065277,0.941089,382.6838138103485,37.9766
383.1641013622284,-0.071988,383.47676491737366,-0.0706261,384.11629819869995,2.016425,384.59986305236816,0.0996055,385.2239429950714,0.492698,385.5304334163666,0.493999,385.8274326324463,0.940696,385.8739469051361,37.875
386.353506565094,-0.0719213,386.6604664325714,-0.0705766,387.28666949272156,2.015413,387.7457835674286,0.0996066,388.35527515411377,0.492364,388.66563606262207,0.493654,388.9577269554138,0.94031,389.0044758319855,37.7422
389.48357248306274,-0.0718567,389.801415681839,-0.0705288,390.4269778728485,2.014424,390.88142800331116,0.0996071,391.5166816711426,0.492039,391.8162627220154,0.493306,392.1133306026459,0.939926,392.1598663330078,37.6328
392.64398431777954,-0.0717959,392.9559540748596,-0.0704831,393.5962417125702,2.013453,394.0504615306854,0.099607,394.6815195083618,0.491712,395.00182032585144,0.492957,395.3145320415497,0.939548,395.3454351425171,37.4375
395.82026410102844,-0.0717342,396.1503610610962,-0.0704359,396.77561497688293,2.012485,397.2442033290863,0.0996071,397.8529233932495,0.491391,398.1812446117401,0.492625,398.4938266277313,0.939158,398.54039335250854,37.375
399.0096378326416,-0.0716689,399.32205390930176,-0.0703892,399.9484975337982,2.011524,400.4222512245178,0.0996069,401.0358974933624,0.491063,401.3579840660095,0.492289,401.67041397094727,0.938796,401.70165181159973,37.4141
402.1829602718353,-0.0716085,402.4969198703766,-0.0703404,403.1247537136078,2.010563,403.5938718318939,0.0996071,404.2295775413513,0.490741,404.52730655670166,0.49196,404.8233230113983,0.938404,404.88549423217773,37.2734
405.3540155887604,-0.0715444,405.68206906318665,-0.0702951,406.29749059677124,2.009605,406.7661278247833,0.0996063,407.3816316127777,0.490433,407.6835744380951,0.49161,407.98136258125305,0.938038,408.0278902053833,37.125
408.51279377937317,-0.0714895,408.82569336891174,-0.0702485,409.44621658325195,2.008701,409.9046862125397,0.0996073,410.519788980484,0.490121,410.82487773895264,0.491309,411.1541750431061,0.937674,411.18542098999023,37.0234
411.67205023765564,-0.0714286,411.9998724460602,-0.0702069,412.61967611312866,2.007764,413.088014125824,0.099607,413.7123348712921,0.489811,414.02264881134033,0.490982,414.3503692150116,0.937304,414.38160610198975,36.8828
414.8670446872711,-0.0713695,415.1773271560669,-0.0701611,415.80419731140137,2.006809,416.2728111743927,0.0996076,416.8854374885559,0.489493,417.2155601978302,0.490649,417.5268805027008,0.936923,417.57344698905945,36.7344
418.0440876483917,-0.0713053,418.3678743839264,-0.0701135,418.99267530441284,2.005867,419.4458951950073,0.0996073,420.0723044872284,0.489179,420.38349771499634,0.490315,420.6959400177002,0.936553,420.7268736362457,36.7031
421.21272802352905,-0.0712488,421.51964378356934,-0.0700688,422.1599645614624,2.004945,422.61195278167725,0.0996069,423.2363338470459,0.488871,423.5640833377838,0.489994,423.87738490104675,0.936181,423.923947095871,36.5781
424.40983724594116,-0.0711913,424.7294921875,-0.0700237,425.3463087081909,2.004007,425.81914949417114,0.0996073,426.4385414123535,0.488562,426.7353148460388,0.48966,427.0485224723816,0.935811,427.079763174057,36.4688
427.5778458118439,-0.0711333,427.89574456214905,-0.0699804,428.5205338001251,2.003104,429.017826795578,0.0996081,429.6434073448181,0.488253,429.95693469047546,0.48934,430.28166031837463,0.935451,430.31289768218994,36.3203
430.78824615478516,-0.0710708,431.1159522533417,-0.0699354,431.76129055023193,2.002163,432.2299339771271,0.0996076,432.854346036911,0.487949,433.16700983047485,0.489036,433.494446516037,0.935096,433.5413017272949,36.2422
434.01883268356323,-0.0710171,434.33094000816345,-0.0698888,434.95931816101074,2.00127,435.42351245880127,0.0996072,436.04333686828613,0.487651,436.37171721458435,0.488719,436.6840901374817,0.934721,436.74630093574524,36.2344
437.2151575088501,-0.0709561,437.53756499290466,-0.069847,438.144091129303,2.000377,438.61234974861145,0.0996073,439.2407896518707,0.487355,439.54447054862976,0.488416,439.8691189289093,0.934378,439.91566252708435,36.0781
440.39447569847107,-0.0709029,440.7169888019562,-0.0698054,441.3253903388977,1.999474,441.7967879772186,0.0996081,442.4130401611328,0.487059,442.74105954170227,0.488111,443.06938910484314,0.934025,443.1159403324127,36.0313
443.5991373062134,-0.0708496,443.92358469963074,-0.069761,444.5490896701813,1.99859,445.0033321380615,0.0996074,445.6347005367279,0.486764,445.9473645687103,0.487805,446.2602016925812,0.93367,446.3168840408325,35.9063
446.7986478805542,-0.0707953,447.1082615852356,-0.069721,447.7408266067505,1.997712,448.22873282432556,0.0996068,448.84278893470764,0.486479,449.15501737594604,0.487498,449.46770095825195,0.933311,449.5134882926941,35.7891
450.0008599758148,-0.0707392,450.31334495544434,-0.0696778,450.9358491897583,1.996835,451.40782618522644,0.0996051,452.03261518478394,0.486188,452.3444197177887,0.487199,452.6620383262634,0.932966,452.7085988521576,35.7031
453.19187784194946,-0.0706844,453.50439381599426,-0.069637,454.143479347229,1.995969,454.6122450828552,0.0996058,455.24753403663635,0.485904,455.5650773048401,0.48689,455.88489294052124,0.932619,455.9086775779724,35.5625
456.3953878879547,-0.0706313,456.7086350917816,-0.0695986,457.3347358703613,1.995118,457.8190519809723,0.0996063,458.4403829574585,0.485628,458.75161576271057,0.486603,459.0799722671509,0.932281,459.1109697818756,35.4922
459.5957717895508,-0.0705752,459.91132616996765,-0.0695575,460.53677701950073,1.99426,461.0052537918091,0.0996078,461.61880469322205,0.485351,461.9463460445404,0.486323,462.26015543937683,0.931937,462.32236647605896,35.4375
462.8020040988922,-0.0705241,463.11857318878174,-0.0695167,463.74320101737976,1.993435,464.20722675323486,0.0996075,464.8326840400696,0.485076,465.14269638061523,0.486021,465.4553725719452,0.931609,465.51756596565247,35.3438
465.9970774650574,-0.070473,466.30913281440735,-0.0694766,466.9338517189026,1.992601,467.4027512073517,0.0996059,468.0159385204315,0.484805,468.34452295303345,0.485733,468.6572072505951,0.931271,468.70377588272095,35.2578
469.18878197669983,-0.0704172,469.49629044532776,-0.0694384,470.1256923675537,1.99177,470.59779930114746,0.099607,471.22232270240784,0.484526,471.53451657295227,0.485427,471.8621962070465,0.930934,471.909054517746,35.1406
472.3893024921417,-0.0703655,472.70712423324585,-0.0693971,473.32802152633667,1.990916,473.80713391304016,0.0996079,474.4295172691345,0.484254,474.74205207824707,0.485168,475.071489572525,0.93059,475.11802434921265,35.0938
475.60737466812134,-0.0703076,475.9197278022766,-0.0693552,476.53452491760254,1.990086,477.00365567207336,0.0996075,477.6301348209381,0.483985,477.95263624191284,0.484887,478.2745623588562,0.930263,478.32240986824036,34.9531
478.7912919521332,-0.0702585,479.1187114715576,-0.0693199,479.7437915802002,1.989277,480.20961451530457,0.0996074,480.8204040527344,0.483717,481.1185736656189,0.484608,481.4118366241455,0.929931,481.4584114551544,34.9531
481.9428813457489,-0.0702155,482.2706389427185,-0.0692822,482.8898124694824,1.988474,483.3563265800476,0.0996067,483.9819941520691,0.483456,484.29468750953674,0.484325,484.61847472190857,0.929596,484.6650321483612,34.7734
485.1464283466339,-0.0701644,485.4654505252838,-0.0692451,486.08658814430237,1.987666,486.5522449016571,0.099607,487.1781599521637,0.483192,487.4910821914673,0.484047,487.81929445266724,0.929282,487.8658525943756,34.7422
488.3519730567932,-0.0701155,488.65887546539307,-0.0692076,489.28443574905396,1.986845,489.77687764167786,0.0996075,490.39301586151123,0.482921,490.6897761821747,0.483756,491.00194215774536,0.928948,491.0487275123596,34.5859
491.5281357765198,-0.0700623,491.84035754203796,-0.0691688,492.453738451004,1.986044,492.92206835746765,0.0996074,493.53727769851685,0.482664,493.84942078590393,0.483512,494.14626717567444,0.928614,494.1930642127991,34.5078
494.672935962677,-0.0700155,494.99824500083923,-0.0691309,495.60755944252014,1.985235,496.07642555236816,0.099607,496.6818723678589,0.4824,496.97873640060425,0.483216,497.27566933631897,0.928294,497.32715344429016,34.4297
497.80527901649475,-0.0699649,498.1168074607849,-0.0690914,498.7423288822174,1.984432,499.21119022369385,0.0996081,499.81417059898376,0.482136,500.12076139450073,0.482964,500.41786766052246,0.927967,500.4487769603729,34.375
500.93816804885864,-0.0699115,501.25046277046204,-0.0690568,501.8589839935303,1.983629,502.3279185295105,0.0996011,502.95342540740967,0.481884,503.2477204799652,0.482687,503.5601317882538,0.92764,503.5913722515106,34.3047
504.0600826740265,-0.069866,504.3881332874298,-0.0690202,505.001327753067,1.982851,505.4571599960327,0.0996074,506.06105732917786,0.48163,506.3616523742676,0.482428,506.67392015457153,0.927328,506.7051885128021,34.1875
507.1871762275696,-0.0698199,507.50024461746216,-0.0689851,508.1351864337921,1.982099,508.6003704071045,0.0996072,509.2103204727173,0.481386,509.53741908073425,0.482179,509.83995151519775,0.927023,509.870881319046,34.1563
510.353972196579,-0.0697742,510.66669178009033,-0.0689496,511.28783655166626,1.981333,511.73810601234436,0.0996073,512.3682322502136,0.481138,512.6801090240479,0.481918,512.9924895763397,0.926708,513.0234482288361,34.0391
513.5051956176758,-0.0697284,513.8146595954895,-0.0689131,514.4350061416626,1.980559,514.8997416496277,0.0996079,515.4993438720703,0.480894,515.8060381412506,0.481661,516.1041357517242,0.926401,516.1672782897949,34.0391
516.6342506408691,-0.069681,516.9590427875519,-0.0688788,517.5855100154877,1.979802,518.0387706756592,0.0996065,518.6528780460358,0.480643,518.9494826793671,0.481396,519.2593162059784,0.926084,519.2902448177338,33.8438
519.7748267650604,-0.0696324,520.088005065918,-0.0688427,520.7004311084747,1.979043,521.1687347888947,0.0996077,521.7680070400238,0.480398,522.0772614479065,0.481148,522.375218629837,0.925772,522.421760559082,33.7891
522.8964648246765,-0.0695879,523.2119836807251,-0.0688028,523.8236894607544,1.978277,524.2922542095184,0.0996077,524.9181637763977,0.480156,525.2592628002167,0.480886,525.6032223701477,0.925454,525.6497533321381,33.7656
526.1197624206543,-0.0695393,526.4448738098145,-0.0687682,527.0697112083435,1.977493,527.5234463214874,0.0996079,528.1459972858429,0.479896,528.4574675559998,0.480624,528.7545700073242,0.925135,528.8011012077332,33.5859
529.2696523666382,-0.0694902,529.5812063217163,-0.0687305,530.2109942436218,1.976719,530.6843521595001,0.0996069,531.3105037212372,0.479652,531.6251947879791,0.480363,531.922248840332,0.924813,531.9688293933868,33.5781
532.4318284988403,-0.0694421,532.759523153305,-0.0686982,533.3693568706512,1.975955,533.822616815567,0.0996072,534.4296565055847,0.479406,534.741828918457,0.480114,535.0387563705444,0.924512,535.0853404998779,33.5313
535.5554361343384,-0.069398,535.8678660392761,-0.0686607,536.4826745986938,1.975193,536.9512295722961,0.0996073,537.575573682785,0.479166,537.8721354007721,0.479861,538.1799075603485,0.924196,538.2108242511749,33.4453
538.689106464386,-0.0693501,539.0171313285828,-0.0686253,539.6372501850128,1.974464,540.1016256809235,0.0996079,540.7252352237701,0.478926,541.0223088264465,0.479607,541.3315217494965,0.923892,541.3627614974976,33.3906
541.8463132381439,-0.0693085,542.1588306427002,-0.068592,542.7687404155731,1.973734,543.2373695373535,0.0996079,543.8465397357941,0.478697,544.1441802978516,0.479377,544.4444813728333,0.923587,544.4875342845917,33.1875
544.950457572937,-0.0692636,545.2573325634003,-0.0685582,545.8649024963379,1.973012,546.339066028595,0.0996088,546.9501013755798,0.478471,547.2633352279663,0.479139,547.5570011138916,0.923303,547.6035325527191,33.1641
548.0724170207977,-0.0692195,548.3989200592041,-0.068525,549.0051357746124,1.97231,549.4713387489319,0.0996067,550.0870890617371,0.478244,550.3890948295593,0.478881,550.7012829780579,0.923013,550.7321820259094,33.2578
551.2115943431854,-0.069183,551.5365934371948,-0.0684921,552.1628663539886,1.971619,552.6243596076965,0.0996074,553.2220027446747,0.478026,553.5221793651581,0.478673,553.8348226547241,0.922736,553.8657221794128,33.0703
554.3499410152435,-0.0691393,554.6679632663727,-0.0684613,555.2781283855438,1.970947,555.7467203140259,0.0996072,556.3412837982178,0.477811,556.6511447429657,0.478451,556.94810795784,0.922462,556.9946501255035,33.0625
557.4824910163879,-0.0690982,557.7949869632721,-0.0684308,558.4258644580841,1.970252,558.891844034195,0.0996077,559.4910297393799,0.477584,559.7935771942139,0.478203,560.1011300086975,0.92217,560.1320991516113,32.9297
560.6118376255035,-0.0690561,560.9395928382874,-0.0684001,561.5392694473267,1.969562,562.007865190506,0.0996071,562.635372877121,0.477361,562.9322535991669,0.477979,563.2398824691772,0.921888,563.2864637374878,32.7969
563.77006316185,-0.069013,564.0825297832489,-0.0683685,564.7058250904083,1.968877,565.1743593215942,0.0996071,565.784059047699,0.477146,566.0808634757996,0.477745,566.3981714248657,0.92161,566.4447293281555,32.7266
566.9271173477173,-0.0689709,567.2503051757812,-0.0683363,567.875922203064,1.968204,568.3420135974884,0.0996081,568.9668123722076,0.476933,569.2590963840485,0.477511,569.5766377449036,0.921328,569.6078734397888,32.6797
570.091295003891,-0.0689352,570.4005084037781,-0.068305,571.0252830982208,1.967543,571.4940466880798,0.0996075,572.1034672260284,0.476721,572.3950369358063,0.477316,572.7075898647308,0.921069,572.738528251648,32.6797
573.2129325866699,-0.0688941,573.5219299793243,-0.0682782,574.1285719871521,1.966907,574.5944423675537,0.0996077,575.2231965065002,0.476518,575.5405883789062,0.477099,575.8533098697662,0.920807,575.8842294216156,32.5703
576.3664274215698,-0.0688604,576.6933221817017,-0.0682448,577.3107607364655,1.966261,577.779138803482,0.0996079,578.3826413154602,0.47631,578.679258108139,0.476894,578.9918525218964,0.920538,579.0384106636047,32.4453
579.5019588470459,-0.0688201,579.79856133461,-0.0682166,580.4146525859833,1.965638,580.8821923732758,0.0996056,581.4944064617157,0.476111,581.7884941101074,0.476685,582.0917484760284,0.92028,582.1383240222931,32.3594
582.6228113174438,-0.0687844,582.9201045036316,-0.068188,583.5404508113861,1.964997,584.0090184211731,0.0996062,584.64564204216,0.475905,584.9427118301392,0.476448,585.2399771213531,0.920015,585.2927923202515,32.3047
585.7526829242706,-0.0687436,586.0804409980774,-0.0681573,586.7065062522888,1.964362,587.1580119132996,0.0996061,587.7680747509003,0.475699,588.0804631710052,0.476254,588.3742117881775,0.919749,588.4207699298859,32.2891
588.8896338939667,-0.0687095,589.201854467392,-0.0681294,589.8212673664093,1.963733,590.2793624401093,0.0996051,590.8932507038116,0.475508,591.1953434944153,0.476046,591.5030779838562,0.919491,591.5499398708344,32.3125
592.0483694076538,-0.0686645,592.3663763999939,-0.0680961,592.9746191501617,1.9631,593.4284119606018,0.0996076,594.0598797798157,0.475303,594.3567066192627,0.475842,594.673330783844,0.919225,594.7200741767883,32.1719
595.1889588832855,-0.0686295,595.5033891201019,-0.0680664,596.1278424263,1.962448,596.5907115936279,0.0996084,597.2098150253296,0.475097,597.5238287448883,0.475608,597.822922706604,0.918962,597.8694446086884,32.1875
598.3446516990662,-0.0685892,598.6573917865753,-0.0680381,599.266539812088,1.961821,599.7357790470123,0.0996067,600.3404593467712,0.474896,600.637363910675,0.475414,600.9499433040619,0.918699,600.9808752536774,32.0703
601.4666550159454,-0.0685576,601.7791609764099,-0.0680112,602.3870983123779,1.961204,602.8553998470306,0.0996077,603.4664123058319,0.474705,603.7633013725281,0.475212,604.0602769851685,0.91844,604.1068181991577,32.0469
604.5745511054993,-0.0685168,604.902571439743,-0.0679838,605.5041065216064,1.960593,605.9750723838806,0.0996077,606.586418390274,0.474514,606.883269071579,0.475014,607.1777663230896,0.918193,607.2243294715881,31.9844
607.7015836238861,-0.0684825,608.0139422416687,-0.0679528,608.6232993602753,1.960005,609.0919079780579,0.0996083,609.7026786804199,0.474327,609.999538898468,0.474813,610.2965066432953,0.917948,610.3315324783325,31.8672
610.8158257007599,-0.0684489,611.1282558441162,-0.0679268,611.7428493499756,1.959418,612.206835269928,0.0996078,612.8385171890259,0.474136,613.13538813591,0.474624,613.4426760673523,0.917696,613.489485502243,31.7969
613.9737193584442,-0.0684123,614.28617811203,-0.0678994,614.8898842334747,1.95881,615.3661463260651,0.0996084,615.9891171455383,0.473945,616.2869980335236,0.474421,616.5830655097961,0.917445,616.6296057701111,31.7109
617.0987384319305,-0.0683763,617.4224073886871,-0.0678718,618.0306396484375,1.958193,618.4968364238739,0.0996082,619.1059718132019,0.473756,619.4045424461365,0.474208,619.7137949466705,0.917196,619.7450351715088,31.7344
620.2191803455353,-0.068342,620.5361239910126,-0.0678448,621.1508131027222,1.957624,621.6188747882843,0.0996081,622.228814125061,0.473576,622.5428123474121,0.474032,622.836480140686,0.916965,622.8832173347473,31.6016
623.3488674163818,-0.0683069,623.6770021915436,-0.0678195,624.2858901023865,1.957045,624.7527470588684,0.0996088,625.3483855724335,0.473393,625.660297870636,0.47385,625.9572818279266,0.916714,626.0038132667542,31.5938
626.4766540527344,-0.0682739,626.7891228199005,-0.0677943,627.3960955142975,1.956481,627.8601796627045,0.0996079,628.4708654880524,0.473213,628.7677793502808,0.473639,629.0775694847107,0.916483,629.1243147850037,31.4531
629.5983595848083,-0.0682398,629.90247797966,-0.0677638,630.51726770401,1.955898,630.9856624603271,0.0996079,631.5963315963745,0.473029,631.9088361263275,0.473462,632.2217233181,0.916233,632.2684500217438,31.4297
632.7411811351776,-0.0682026,633.0534136295319,-0.0677359,633.6895205974579,1.955312,634.1547729969025,0.0996079,634.7571501731873,0.47284,635.0553872585297,0.473261,635.3660805225372,0.915985,635.3973412513733,31.4063
635.8862714767456,-0.0681691,636.1983253955841,-0.0677101,636.8248362541199,1.95473,637.2780919075012,0.0996078,637.9049296379089,0.472656,638.228789806366,0.473087,638.5254385471344,0.915752,638.5721843242645,31.3438
639.041074514389,-0.0681343,639.3682105541229,-0.0676867,639.9919111728668,1.954157,640.4584176540375,0.0996086,641.0569174289703,0.472475,641.3575801849365,0.472879,641.6698479652405,0.915507,641.7010867595673,31.25
642.1978597640991,-0.0681006,642.5192975997925,-0.0676596,643.1278424263,1.953585,643.5847733020782,0.0996077,644.2098603248596,0.472296,644.5231869220734,0.472697,644.8260486125946,0.915264,644.8725697994232,31.1563
645.3416302204132,-0.0680662,645.6685101985931,-0.0676353,646.2785558700562,1.953002,646.7323837280273,0.0996078,647.3687250614166,0.472116,647.6809639930725,0.472506,647.976343870163,0.915022,648.0228817462921,31.1719
648.5070929527283,-0.0680338,648.8323130607605,-0.0676072,649.4419975280762,1.952432,649.9016752243042,0.0996083,650.5305216312408,0.471936,650.8407189846039,0.472314,651.142383813858,0.914787,651.1891195774078,31.0859
651.6771755218506,-0.0680017,651.9889585971832,-0.067579,652.6151456832886,1.951857,653.0689382553101,0.0996078,653.6804645061493,0.471755,653.9773623943329,0.472146,654.2887907028198,0.914551,654.3200297355652,31.0234
654.79984998703,-0.0679671,655.1068363189697,-0.0675545,655.7248754501343,1.951314,656.1932427883148,0.0996087,656.8072774410248,0.471585,657.1350040435791,0.471954,657.4316759109497,0.914322,657.4782340526581,30.9453
657.959655046463,-0.067936,658.2848970890045,-0.0675285,658.8948519229889,1.950779,659.3481047153473,0.0996069,659.9745967388153,0.471418,660.2812263965607,0.471792,660.5907790660858,0.914103,660.6220111846924,30.9219
661.1065957546234,-0.0679025,661.4194333553314,-0.067504,662.0296638011932,1.950247,662.4946684837341,0.0996079,663.1177871227264,0.471249,663.4147624969482,0.471599,663.7248594760895,0.913879,663.7717220783234,30.9453
664.2559666633606,-0.06787,664.573878288269,-0.06748,665.1871521472931,1.949714,665.6493957042694,0.0996082,666.2834053039551,0.471084,666.5967488288879,0.47145,666.95600938797,0.913655,667.0028674602509,30.9219
667.4872136116028,-0.0678427,667.8032338619232,-0.0674541,668.4024529457092,1.949184,668.8708033561707,0.0996085,669.4805183410645,0.470916,669.7745628356934,0.471274,670.077817440033,0.913444,670.1245632171631,30.7422
670.6007792949677,-0.0678102,670.9077033996582,-0.0674267,671.5334160327911,1.948672,671.9866735935211,0.0996079,672.6161797046661,0.470755,672.9101524353027,0.471077,673.2227160930634,0.913211,673.2545094490051,30.7266
673.7361562252045,-0.0677784,674.0488789081573,-0.0674089,674.6730756759644,1.948146,675.1406755447388,0.0996079,675.7631492614746,0.470592,676.0599138736725,0.470927,676.3728442192078,0.912999,676.4037408828735,30.6797
676.8729228973389,-0.0677477,677.2009387016296,-0.0673859,677.803790807724,1.947619,678.2775673866272,0.0996081,678.884871006012,0.470431,679.1817750930786,0.470741,679.4947855472565,0.912788,679.5260453224182,30.6094
680.0016348361969,-0.067719,680.3127989768982,-0.0673637,680.9436361789703,1.947115,681.4178793430328,0.0996086,682.0302834510803,0.470264,682.3269033432007,0.470591,682.6436078548431,0.912579,682.6803948879242,30.5625
683.1496257781982,-0.0676893,683.477719783783,-0.0673407,684.1025233268738,1.946603,684.5547661781311,0.0996079,685.1724815368652,0.470107,685.4735889434814,0.470424,685.7792615890503,0.912359,685.8105013370514,30.5156
686.2900154590607,-0.0676602,686.6115589141846,-0.067317,687.218049287796,1.94611,687.674976348877,0.0996079,688.2818167209625,0.469951,688.594217300415,0.470253,688.8857133388519,0.91216,688.9324398040771,30.375
689.4013247489929,-0.0676337,689.7284924983978,-0.0672939,690.3536176681519,1.945605,690.8070211410522,0.0996086,691.4323110580444,0.469797,691.760665178299,0.470103,692.0827441215515,0.911939,692.1192002296448,30.3828
692.6068983078003,-0.0676012,692.9213647842407,-0.0672706,693.5454697608948,1.945107,694.0143232345581,0.0996081,694.6268298625946,0.469633,694.9238622188568,0.469937,695.2299647331238,0.911725,695.2612020969391,30.4063
695.7467460632324,-0.0675707,696.0592286586761,-0.0672462,696.6752653121948,1.944609,697.1272993087769,0.0996092,697.7538254261017,0.46948,698.0667939186096,0.469765,698.3820312023163,0.911526,698.4132654666901,30.3359
698.8977200984955,-0.0675437,699.2165417671204,-0.0672261,699.8401136398315,1.944124,700.3168241977692,0.0996093,700.9418411254883,0.46932,701.2536537647247,0.46961,701.5546050071716,0.911322,701.6011190414429,30.2578
702.0856778621674,-0.0675171,702.4125809669495,-0.0672025,703.0679304599762,1.943613,703.546737909317,0.0996083,704.1471104621887,0.469167,704.490828037262,0.469452,704.7848889827728,0.911102,704.8160202503204,30.2578
705.2852604389191,-0.0674854,705.597489118576,-0.0671777,706.2043759822845,1.943125,706.672905921936,0.0996086,707.2930619716644,0.469013,707.5792820453644,0.469287,707.8916659355164,0.910891,707.9228339195251,30.2188
708.4070954322815,-0.0674588,708.7330636978149,-0.0671594,709.361602306366,1.942622,709.8218536376953,0.0996083,710.4425485134125,0.468862,710.7343547344208,0.46912,711.0466542243958,0.910682,711.0778875350952,30.0781
711.5560994148254,-0.0674297,711.8673996925354,-0.0671359,712.4927072525024,1.942139,712.9601919651031,0.0996078,713.5652823448181,0.468707,713.8748173713684,0.468975,714.1718125343323,0.910486,714.2030830383301,30.0781
714.6923286914825,-0.0674041,715.0046064853668,-0.0671173,715.6164124011993,1.941677,716.0800912380219,0.0996077,716.6936304569244,0.468562,716.9915912151337,0.468823,717.298618555069,0.910298,717.3297684192657,30.0156
717.8146498203278,-0.0673771,718.1114935874939,-0.0670954,718.7222361564636,1.941228,719.1912181377411,0.0996083,719.7889523506165,0.46842,720.0857629776001,0.468674,720.4033198356628,0.910106,720.434558391571,29.9688
720.9167609214783,-0.0673491,721.2122132778168,-0.0670757,721.8251030445099,1.940783,722.2939908504486,0.0996086,722.8959498405457,0.468288,723.1983053684235,0.468533,723.5104932785034,0.909922,723.5572683811188,29.9375
724.0233111381531,-0.0673256,724.3355338573456,-0.0670542,724.9416134357452,1.940331,725.4083874225616,0.0996088,726.0123507976532,0.468144,726.31028175354,0.468356,726.6212239265442,0.909728,726.6524357795715,29.9375
727.134120464325,-0.0672989,727.4460208415985,-0.0670346,728.0806300640106,1.939888,728.5466568470001,0.0996083,729.1558241844177,0.468005,729.4520742893219,0.468245,729.7490468025208,0.909537,729.780574798584,29.7891
730.2734134197235,-0.0672737,730.5812728404999,-0.0670169,731.2012629508972,1.939451,731.664163351059,0.0996089,732.2997648715973,0.467865,732.6014285087585,0.468082,732.9091010093689,0.909354,732.9403376579285,29.7422
733.4114518165588,-0.0672477,733.7393774986267,-0.0669948,734.3369295597076,1.939016,734.8084273338318,0.0996078,735.4108047485352,0.467735,735.7229812145233,0.467961,736.0178391933441,0.909175,736.0644180774689,29.7578
736.5341041088104,-0.0672262,736.8469817638397,-0.0669737,737.4585700035095,1.938596,737.9271667003632,0.0996082,738.5348136425018,0.467607,738.8440914154053,0.467826,739.1411590576172,0.909001,739.1721024513245,29.625
739.6526234149933,-0.0671975,739.9754989147186,-0.0669544,740.5769896507263,1.938179,741.0455858707428,0.0996085,741.6492931842804,0.467474,741.9598500728607,0.467694,742.257244348526,0.90882,742.2881429195404,29.6484
742.7417175769806,-0.0671779,743.035887002945,-0.0669367,743.6540677547455,1.937778,744.1251351833344,0.0996079,744.7285351753235,0.467347,745.0232248306274,0.467557,745.3359894752502,0.90865,745.3602938652039,29.6484
745.8441071510315,-0.0671537,746.1566386222839,-0.0669189,746.7708168029785,1.937354,747.2328588962555,0.0996084,747.8423373699188,0.467219,748.1392436027527,0.467434,748.4520399570465,0.908481,748.4829993247986,29.5078
748.9683711528778,-0.0671298,749.2781360149384,-0.0669007,749.8879532814026,1.936949,750.3508608341217,0.0996089,750.9587330818176,0.467091,751.2562818527222,0.467293,751.5688588619232,0.908307,751.5998160839081,29.5234
752.0847125053406,-0.0671078,752.3846912384033,-0.0668817,752.9935393333435,1.936546,753.4621767997742,0.0996097,754.0669856071472,0.466967,754.3634929656982,0.467144,754.663408279419,0.908141,754.7099711894989,29.5
755.1821689605713,-0.0670831,755.4888842105865,-0.0668642,756.0979473590851,1.936136,756.5667972564697,0.0996091,757.1733727455139,0.466839,757.4708640575409,0.467017,757.7674398422241,0.907958,757.7985575199127,29.375
758.2699332237244,-0.0670567,758.569554567337,-0.066847,759.1792187690735,1.935727,759.64581990242,0.0996086,760.2548077106476,0.466713,760.5476949214935,0.466886,760.8602879047394,0.907795,760.9013247489929,29.4219
761.3754045963287,-0.067036,761.6880505084991,-0.0668285,762.3132717609406,1.93532,762.7767515182495,0.0996088,763.3878083229065,0.466587,763.6844131946564,0.46676,763.9865589141846,0.907612,764.0334341526031,29.3672
764.514176607132,-0.0670136,764.8069398403168,-0.0668108,765.4204568862915,1.934922,765.8920321464539,0.09961,766.4984166622162,0.46646,766.7953100204468,0.466639,767.0936295986176,0.907449,767.1245625019073,29.3516
767.6122598648071,-0.0669883,767.9090662002563,-0.0667934,768.5174081325531,1.934529,768.9836621284485,0.0996096,769.5903508663177,0.466339,769.8869597911835,0.466515,770.1945164203644,0.907275,770.2254495620728,29.3516
770.7149600982666,-0.0669647,771.0271785259247,-0.0667739,771.6466312408447,1.934137,772.1113402843475,0.0996096,772.704873085022,0.466213,773.0165631771088,0.466382,773.3248519897461,0.907116,773.3561277389526,29.2266
773.8249168395996,-0.0669415,774.1351163387299,-0.0667562,774.7402594089508,1.933742,775.2105119228363,0.0996077,775.8209412097931,0.466092,776.1174018383026,0.466256,776.4149632453918,0.906949,776.4460783004761,29.2344
776.9305622577667,-0.0669194,777.2308959960938,-0.0667405,777.8407578468323,1.933363,778.3070840835571,0.0996085,778.916232585907,0.465975,779.2135019302368,0.466134,779.5259742736816,0.906791,779.5569140911102,29.1641
780.0411734580994,-0.0668944,780.3382768630981,-0.0667207,780.9493515491486,1.932984,781.4031159877777,0.0996085,781.9981410503387,0.465863,782.304829120636,0.466018,782.60662317276,0.90664,782.6375427246094,29.1406
783.1220536231995,-0.0668736,783.433552980423,-0.0667033,784.0736517906189,1.932617,784.5347542762756,0.099608,785.1354570388794,0.465744,785.4387395381927,0.46588,785.7365815639496,0.906474,785.783442735672,29.1641
786.2562320232391,-0.0668542,786.5693762302399,-0.0666877,787.1916391849518,1.932239,787.6453120708466,0.099608,788.2623455524445,0.465628,788.5588660240173,0.465775,788.8556168079376,0.906317,788.9021506309509,29.0547
789.3831298351288,-0.0668304,789.6922242641449,-0.0666702,790.3085544109344,1.931874,790.7729263305664,0.0996086,791.3674492835999,0.465514,791.6795561313629,0.465654,791.9876170158386,0.906165,792.0115256309509,29.0313
792.5007371902466,-0.0668087,792.8132431507111,-0.0666535,793.4141125679016,1.931519,793.8826589584351,0.0996087,794.49302983284,0.465402,794.7898244857788,0.465535,795.1024296283722,0.90601,795.133330821991,29.0469
795.6180205345154,-0.0667904,795.9305324554443,-0.0666366,796.5385603904724,1.931158,797.0078513622284,0.0996089,797.6072046756744,0.465291,797.9193096160889,0.465403,798.2216346263885,0.905857,798.2525410652161,28.8672
798.7211441993713,-0.0667685,799.0458381175995,-0.0666222,799.683137178421,1.930783,800.1468305587769,0.0996088,800.746904373169,0.46518,801.0437295436859,0.465308,801.3550908565521,0.9057,801.3808236122131,28.9453
801.8497262001038,-0.0667527,802.157101392746,-0.0666064,802.7668747901917,1.93044,803.2314779758453,0.0996095,803.8409872055054,0.46507,804.1378898620605,0.46519,804.4342997074127,0.905554,804.4654276371002,28.8672
804.9499409198761,-0.0667341,805.2618033885956,-0.0665901,805.8621928691864,1.930089,806.3367056846619,0.0996081,806.9308710098267,0.464963,807.242199420929,0.465087,807.5391571521759,0.905407,807.5858042240143,28.8984
808.0536024570465,-0.0667098,808.3672821521759,-0.0665734,808.9775876998901,1.929749,809.4478662014008,0.0996096,810.0631237030029,0.464859,810.3524234294891,0.464972,810.6615335941315,0.905261,810.6927738189697,28.9141
811.1641280651093,-0.0666916,811.4731526374817,-0.066558,812.0836462974548,1.929404,812.5550110340118,0.0996093,813.1798801422119,0.464754,813.4767935276031,0.464859,813.7735908031464,0.905124,813.8044831752777,28.8047
814.2863664627075,-0.0666681,814.5871450901031,-0.066544,815.2024857997894,1.929073,815.6649279594421,0.0996089,816.2844552993774,0.464645,816.5819756984711,0.464752,816.8786895275116,0.904984,816.9252669811249,28.8438
817.3921947479248,-0.0666522,817.7198889255524,-0.0665278,818.3259584903717,1.928735,818.7929861545563,0.0996082,819.4335854053497,0.464545,819.7304832935333,0.464647,820.0271363258362,0.904823,820.0748932361603,28.6875
820.5491926670074,-0.0666368,820.8618664741516,-0.0665135,821.4919400215149,1.928382,821.9602806568146,0.0996094,822.5685384273529,0.464435,822.8649079799652,0.464535,823.1739463806152,0.90469,823.2051842212677,28.6641
823.674812078476,-0.0666131,824.0026860237122,-0.0664973,824.612574338913,1.928061,825.0758295059204,0.0996081,825.688399553299,0.464336,826.0166707038879,0.46443,826.3143668174744,0.90455,826.3453035354614,28.6875
826.829847574234,-0.0665935,827.1296021938324,-0.0664838,827.7468240261078,1.927727,828.215761423111,0.0996093,828.8101089000702,0.464236,829.121999502182,0.46432,829.4189209938049,0.9044,829.4500679969788,28.6641
829.9320857524872,-0.066576,830.2516582012177,-0.0664701,830.8639540672302,1.927388,831.3318576812744,0.0996096,831.928493976593,0.464129,832.2393839359283,0.464211,832.5374376773834,0.904264,832.5684006214142,28.5547
833.0535583496094,-0.0665556,833.3498570919037,-0.0664568,833.9589884281158,1.927065,834.4279866218567,0.0996093,835.0371606349945,0.464025,835.3475043773651,0.46411,835.6612710952759,0.904128,835.6923735141754,28.6016
836.1560394763947,-0.0665372,836.4730682373047,-0.0664398,837.0824234485626,1.926745,837.5507698059082,0.0996094,838.1578140258789,0.463926,838.4475810527802,0.463999,838.7601363658905,0.903991,838.7911198139191,28.5781
839.2703216075897,-0.0665197,839.5826518535614,-0.0664245,840.191113948822,1.926426,840.6450138092041,0.0996092,841.2603373527527,0.46383,841.5574197769165,0.463889,841.869514465332,0.903861,841.9007511138916,28.4766
842.370404958725,-0.066503,842.6982986927032,-0.0664124,843.3031377792358,1.926099,843.7715799808502,0.0996092,844.3804986476898,0.463729,844.6730487346649,0.46379,844.9834487438202,0.903722,845.0144538879395,28.3984
845.4668023586273,-0.0664865,845.7709238529205,-0.0663985,846.3839311599731,1.925788,846.8371710777283,0.0996084,847.4473428726196,0.463631,847.7539572715759,0.463692,848.0543053150177,0.903588,848.0888223648071,28.4531
848.5675644874573,-0.0664672,848.8800029754639,-0.0663823,849.5015931129456,1.925483,849.9548363685608,0.099609,850.5724334716797,0.463538,850.8697383403778,0.463596,851.1665122509003,0.903455,851.202474117279,28.4531
851.6863589286804,-0.0664484,851.9987871646881,-0.0663678,852.6133773326874,1.925167,853.0819888114929,0.0996094,853.7045328617096,0.463443,854.0014271736145,0.463505,854.2991642951965,0.903321,854.3459219932556,28.2969
854.8144681453705,-0.06643,855.1421895027161,-0.0663539,855.7695033550262,1.924852,856.2226724624634,0.0996094,856.8302097320557,0.46335,857.1423456668854,0.463399,857.436737537384,0.903188,857.4680111408234,28.375
857.9524967670441,-0.0664142,858.249433517456,-0.0663424,858.8587810993195,1.924558,859.3255045413971,0.0996091,859.9366307258606,0.463258,860.2387833595276,0.463303,860.5451939105988,0.903068,860.5760991573334,28.3203
861.0605220794678,-0.066398,861.357842206955,-0.0663284,861.9673583507538,1.924271,862.4305338859558,0.0996097,863.0392351150513,0.463166,863.3392214775085,0.463199,863.6828925609589,0.902941,863.7141273021698,28.2578
864.198755979538,-0.0663817,864.4958136081696,-0.0663187,865.1049115657806,1.923972,865.5702383518219,0.0996092,866.1795833110809,0.46307,866.4705696105957,0.463111,866.782723903656,0.902814,866.813880443573,28.2734
867.2981395721436,-0.0663644,867.5996952056885,-0.0663058,868.2035961151123,1.923672,868.6699967384338,0.0996091,869.2790634632111,0.462982,869.5776443481445,0.463019,869.8844177722931,0.902687,869.9153437614441,28.2344
870.4027903079987,-0.0663468,870.715292930603,-0.0662915,871.3327388763428,1.923371,871.796156167984,0.099609,872.3917500972748,0.46289,872.6888656616211,0.462927,873.0013742446899,0.902562,873.032532453537,28.2734
873.518723487854,-0.0663323,873.828670501709,-0.0662743,874.438967704773,1.923071,874.9045767784119,0.0996096,875.5181667804718,0.462797,875.8152921199799,0.462821,876.1224050521851,0.902426,876.1536452770233,28.1641
876.6008732318878,-0.0663099,876.8974814414978,-0.0662636,877.5167891979218,1.922768,877.9821946620941,0.0996098,878.5894198417664,0.462703,878.8863236904144,0.462736,879.1958830356598,0.902305,879.2271227836609,28.1172
879.7116086483002,-0.0662973,880.0241234302521,-0.0662509,880.6346154212952,1.922473,881.0878183841705,0.0996097,881.6976182460785,0.462613,882.0062732696533,0.462634,882.3081839084625,0.902181,882.3390958309174,28.0781
882.8229186534882,-0.0662804,883.1197168827057,-0.0662375,883.7279241085052,1.922181,884.1960768699646,0.0996087,884.8036813735962,0.462518,885.1002979278564,0.462528,885.4042999744415,0.902055,885.4354646205902,28.0469
885.918408870697,-0.0662645,886.2453801631927,-0.0662233,886.854597568512,1.92189,887.3083980083466,0.0996086,887.9290502071381,0.462423,888.2255277633667,0.462444,888.5224685668945,0.901933,888.5690650939941,28.0781
889.0379176139832,-0.066248,889.3451657295227,-0.0662117,889.9595153331757,1.921603,890.4157552719116,0.0996085,891.0261678695679,0.462339,891.3247127532959,0.462359,891.6384117603302,0.901815,891.6696467399597,28.1016
892.1540310382843,-0.0662326,892.4621121883392,-0.0661998,893.0940489768982,1.921331,893.5396625995636,0.0996089,894.148942232132,0.462261,894.4451994895935,0.462269,894.7572846412659,0.901693,894.7885317802429,27.9844
895.2738411426544,-0.0662158,895.5828776359558,-0.0661891,896.1993823051453,1.921061,896.6626636981964,0.099609,897.2672300338745,0.462179,897.5642974376678,0.462186,897.87571144104,0.901584,897.906947851181,27.9219
898.392501115799,-0.0662014,898.7014908790588,-0.0661783,899.3108711242676,1.920792,899.7618641853333,0.0996088,900.3678891658783,0.462096,900.673278093338,0.462102,900.9700541496277,0.901475,901.0012938976288,27.9844
901.4856507778168,-0.0661881,901.7822363376617,-0.0661647,902.3915889263153,1.92053,902.8635537624359,0.0996092,903.4723343849182,0.462014,903.7692348957062,0.462016,904.080680847168,0.901357,904.1119198799133,27.9453
904.581071138382,-0.0661705,904.8968324661255,-0.0661538,905.4979157447815,1.920265,905.9591040611267,0.0996093,906.5735943317413,0.461934,906.8702042102814,0.461921,907.1827273368835,0.901237,907.2139649391174,27.8672
907.696398973465,-0.0661565,908.0091049671173,-0.0661407,908.6427206993103,1.91998,909.0959589481354,0.0996091,909.7049136161804,0.461846,910.0017426013947,0.46184,910.3142685890198,0.90112,910.3499999046326,27.8203
910.8304884433746,-0.0661415,911.1430039405823,-0.0661261,911.7492065429688,1.919705,912.2184391021729,0.0996096,912.8282148838043,0.461761,913.1250813007355,0.461754,913.42738032341,0.901009,913.4713151454926,27.7969
913.9402141571045,-0.0661236,914.2523148059845,-0.066115,914.8591349124908,1.919436,915.3154664039612,0.0996092,915.9246509075165,0.461673,916.2361812591553,0.461668,916.5302555561066,0.900878,916.5613830089569,27.7813
917.0458929538727,-0.0661108,917.3592233657837,-0.0661039,917.9704596996307,1.919149,918.4461631774902,0.0996091,919.0400094985962,0.461586,919.3520250320435,0.46158,919.650609254837,0.900765,919.6815173625946,27.7813
920.1671514511108,-0.0660923,920.4882805347443,-0.0660928,921.100418806076,1.918871,921.5544385910034,0.0996097,922.1623425483704,0.461501,922.4594120979309,0.461466,922.7712585926056,0.900651,922.7996022701263,27.7344
923.2911942005157,-0.0660796,923.6017787456512,-0.0660801,924.2266173362732,1.918596,924.6952772140503,0.0996092,925.2997052669525,0.461416,925.5997498035431,0.461398,925.8963189125061,0.900533,925.9274582862854,27.7109
926.3982288837433,-0.066062,926.7211680412292,-0.066066,927.325629234314,1.918326,927.7945799827576,0.0996092,928.4040133953094,0.461335,928.698727607727,0.461315,929.0111105442047,0.900418,929.0420486927032,27.7188
929.5292503833771,-0.0660479,929.8383123874664,-0.0660545,930.4458050727844,1.918062,930.9144096374512,0.0996094,931.5217471122742,0.461254,931.8186497688293,0.461227,932.1309278011322,0.900308,932.1621668338776,27.7188
932.6340763568878,-0.0660314,932.9583427906036,-0.0660449,933.5633039474487,1.917806,934.0319492816925,0.0996097,934.6414618492126,0.461178,934.9383673667908,0.46114,935.251460313797,0.900201,935.2826979160309,27.6016
935.7541439533234,-0.0660203,936.0831983089447,-0.0660318,936.693829536438,1.91755,937.147091627121,0.0996101,937.7622103691101,0.461094,938.0976848602295,0.461064,938.3986310958862,0.900081,938.4295272827148,27.6484
938.9090118408203,-0.0660032,939.2212419509888,-0.0660207,939.8309104442596,1.917283,940.3045854568481,0.0996092,940.908401966095,0.461019,941.2053365707397,0.460979,941.507720708847,0.899974,941.5489552021027,27.6016
942.0331823825836,-0.0659895,942.3510730266571,-0.0660089,942.9591212272644,1.917029,943.4270479679108,0.0996099,944.0339894294739,0.460937,944.3308823108673,0.460891,944.6319890022278,0.899877,944.6944317817688,27.5703
945.1647007465363,-0.0659764,945.4559729099274,-0.066,946.0654094219208,1.916796,946.533497095108,0.0996104,947.1397452354431,0.460865,947.4520409107208,0.460799,947.7442553043365,0.899769,947.7907779216766,27.5547
948.2568378448486,-0.0659638,948.569078207016,-0.0659882,949.1764838695526,1.916555,949.6325733661652,0.0996093,950.2427833080292,0.460788,950.5515248775482,0.46075,950.849205493927,0.899672,950.8960061073303,27.5234
951.3692286014557,-0.0659485,951.6814639568329,-0.0659771,952.294059753418,1.916319,952.7627077102661,0.0996097,953.3649094104767,0.460721,953.6723520755768,0.460678,953.9691007137299,0.899572,954.0156853199005,27.5469
954.4848432540894,-0.065934,954.7970614433289,-0.065968,955.4121599197388,1.916097,955.8735017776489,0.0996091,956.4904985427856,0.460649,956.7824437618256,0.460601,957.0949237346649,0.899478,957.1259813308716,27.5078
957.6047801971436,-0.0659221,957.9173154830933,-0.0659553,958.5271327495575,1.915868,958.9953558444977,0.0996092,959.6071672439575,0.460577,959.9086437225342,0.460528,960.2052893638611,0.899381,960.2520685195923,27.4688
960.7209317684174,-0.0659099,961.0334558486938,-0.0659454,961.6432466506958,1.915617,962.111820936203,0.0996092,962.7261824607849,0.460501,963.0230422019958,0.460422,963.332701921463,0.899273,963.3639109134674,27.4141
963.8503296375275,-0.0658939,964.1628143787384,-0.0659321,964.7656018733978,1.915359,965.2308247089386,0.0996097,965.8321223258972,0.460423,966.1395356655121,0.460372,966.4523842334747,0.899155,966.483610868454,27.3984
966.9681420326233,-0.0658829,967.2802596092224,-0.0659225,967.8875987529755,1.915107,968.3556587696075,0.0996092,968.965425491333,0.460352,969.262964963913,0.460292,969.56982421875,0.899053,969.601060628891,27.4219
970.0852906703949,-0.0658681,970.4021883010864,-0.0659132,971.0108044147491,1.914864,971.4653205871582,0.0996089,972.0849709510803,0.46028,972.3821024894714,0.460213,972.6792547702789,0.898949,972.7258031368256,27.375
973.1949818134308,-0.0658513,973.5221135616302,-0.0659019,974.1334464550018,1.914616,974.5953595638275,0.0996097,975.1927890777588,0.4602,975.5022902488708,0.460129,975.7992594242096,0.898843,975.8302140235901,27.375
976.3229537010193,-0.0658416,976.6321654319763,-0.0658902,977.241703748703,1.914382,977.7129395008087,0.0996087,978.3344922065735,0.460127,978.6313676834106,0.460063,978.943662405014,0.898737,978.9748992919922,27.3281
979.444149017334,-0.065826,979.7701706886292,-0.0658823,980.3934495449066,1.914154,980.8637330532074,0.0996095,981.4784586429596,0.460056,981.7750773429871,0.459955,982.0795125961304,0.898649,982.1262776851654,27.2188
982.5955586433411,-0.0658178,982.9232263565063,-0.0658705,983.5289175510406,1.913934,983.9926550388336,0.0996095,984.6020543575287,0.459988,984.8985340595245,0.459904,985.2109649181366,0.898554,985.242201089859,27.2656
985.7218143939972,-0.0658057,986.0342319011688,-0.0658616,986.6684513092041,1.913705,987.1314985752106,0.0996101,987.7405431270599,0.459917,988.0376102924347,0.459844,988.3342108726501,0.898454,988.3810002803802,27.2344
988.8570070266724,-0.0657889,989.1693739891052,-0.0658513,989.7855958938599,1.913494,990.2491097450256,0.0996102,990.8467357158661,0.459853,991.1535279750824,0.459778,991.4558534622192,0.898365,991.4867537021637,27.3203
991.9721221923828,-0.0657793,992.2813527584076,-0.0658425,992.8824179172516,1.913285,993.3503153324127,0.0996095,993.9567365646362,0.459792,994.2533004283905,0.459709,994.5656516551971,0.89828,994.5966231822968,27.1719
995.0819852352142,-0.0657645,995.3788850307465,-0.0658342,995.9894480705261,1.913078,996.4450635910034,0.0996096,997.0542418956757,0.459727,997.3670432567596,0.459643,997.661812543869,0.898193,997.7055048942566,27.2578
998.175050497055,-0.0657548,998.4839186668396,-0.065826,999.0881114006042,1.912884,999.5558288097382,0.0996098,1000.1650059223175,0.459664,1000.4664406776428,0.459563,1000.7633128166199,0.898105,1000.81005692482,27.1484
1001.2872912883759,-0.0657481,1001.5885701179504,-0.0658164,1002.1957862377167,1.912677,1002.6595144271851,0.09961,1003.2846856117249,0.459604,1003.5816705226898,0.459516,1003.891313791275,0.898017,1003.9225533008575,27.1406
1004.4081075191498,-0.0657348,1004.7128367424011,-0.0658084,1005.3227064609528,1.912462,1005.7942810058594,0.0996099,1006.3995513916016,0.459541,1006.6963322162628,0.459452,1007.0060865879059,0.897927,1007.0370049476624,27.1484
1007.5250976085663,-0.0657192,1007.8381736278534,-0.065797,1008.4482641220093,1.912255,1008.9168457984924,0.0996097,1009.5174717903137,0.45948,1009.8173701763153,0.459384,1010.1163475513458,0.897836,1010.1629319190979,27.125
1010.6337180137634,-0.0657064,1010.9468688964844,-0.0657887,1011.5619413852692,1.912035,1012.0302894115448,0.09961,1012.6399173736572,0.459409,1012.9339444637299,0.45931,1013.2452554702759,0.897737,1013.2799134254456,27.1172
1013.7489817142487,-0.0656961,1014.0614144802094,-0.0657784,1014.6705193519592,1.911822,1015.1237421035767,0.0996099,1015.7325611114502,0.459339,1016.0415918827057,0.459231,1016.3483679294586,0.897652,1016.3795721530914,27.1016
1016.8593101501465,-0.0656845,1017.1764860153198,-0.0657683,1017.7803754806519,1.911595,1018.2493329048157,0.0996096,1018.8543286323547,0.45927,1019.1509158611298,0.45915,1019.4648377895355,0.89755,1019.5114381313324,26.9922
1019.9863822460175,-0.0656711,1020.3144421577454,-0.0657607,1020.9177689552307,1.911373,1021.3856558799744,0.0996094,1021.9949400424957,0.459204,1022.2924420833588,0.4591,1022.6003901958466,0.897462,1022.6315321922302,26.9609
1023.1110467910767,-0.0656578,1023.422753572464,-0.0657513,1024.0320942401886,1.911167,1024.5003848075867,0.0996094,1025.106328010559,0.459143,1025.4184355735779,0.459033,1025.715903043747,0.897369,1025.7471144199371,27.0391
1026.2366690635681,-0.0656453,1026.5491392612457,-0.0657417,1027.1584906578064,1.910955,1027.6273519992828,0.0996103,1028.238512992859,0.459077,1028.5512166023254,0.458958,1028.8478066921234,0.897278,1028.894366979599,27.0391
1029.3642466068268,-0.0656371,1029.6710698604584,-0.0657332,1030.2778294086456,1.910749,1030.7439472675323,0.0996096,1031.3523194789886,0.459012,1031.6491839885712,0.458894,1031.9565999507904,0.897194,1031.9878408908844,26.9688
1032.4715566635132,-0.0656288,1032.7841851711273,-0.0657231,1033.4091358184814,1.910548,1033.8741195201874,0.09961,1034.4843952655792,0.458947,1034.7777304649353,0.45884,1035.0847730636597,0.897109,1035.115920305252,26.9453
1035.5997500419617,-0.0656108,1035.9119710922241,-0.0657132,1036.521075963974,1.910349,1036.9915997982025,0.0996097,1037.6040287017822,0.458891,1037.901372909546,0.458773,1038.1985838413239,0.897025,1038.2297303676605,26.9609
1038.7145974636078,-0.0656016,1039.0423831939697,-0.0657054,1039.6432511806488,1.910143,1040.1117498874664,0.0996096,1040.7262642383575,0.458831,1041.023596048355,0.458702,1041.3208572864532,0.896936,1041.3527641296387,26.9375
1041.8372781276703,-0.0655937,1042.1362490653992,-0.0656959,1042.746443271637,1.909952,1043.212990283966,0.099609,1043.819635629654,0.458773,1044.1263680458069,0.458635,1044.4222161769867,0.896851,1044.4533288478851,26.8906
1044.937846660614,-0.0655831,1045.2346632480621,-0.0656883,1045.8485598564148,1.909753,1046.3186089992523,0.0996098,1046.9231243133545,0.458712,1047.2188210487366,0.458575,1047.531195640564,0.896763,1047.5623853206635,26.875
1048.0457210540771,-0.0655728,1048.3427793979645,-0.0656802,1048.9516870975494,1.909561,1049.4205458164215,0.0996103,1050.020929813385,0.458653,1050.3329284191132,0.458525,1050.6361832618713,0.896689,1050.6674227714539,26.8984
1051.1467726230621,-0.0655593,1051.4482481479645,-0.0656715,1052.0576276779175,1.909369,1052.5227782726288,0.0996101,1053.1273517608643,0.458593,1053.4233157634735,0.458458,1053.735629081726,0.896608,1053.7669038772583,26.7813
1054.2510960102081,-0.0655501,1054.5624012947083,-0.0656651,1055.1849601268768,1.90918,1055.6390075683594,0.0996088,1056.246474981308,0.458535,1056.545906305313,0.458407,1056.8582165241241,0.896529,1056.8894231319427,26.9141
1057.3589444160461,-0.0655362,1057.668378353119,-0.0656584,1058.2860391139984,1.90899,1058.7393345832825,0.09961,1059.3404545783997,0.458477,1059.652170419693,0.458339,1059.9489369392395,0.896445,1059.9956986904144,26.8125
1060.46364235878,-0.0655255,1060.7914817333221,-0.065644,1061.3987748622894,1.908794,1061.8667278289795,0.0996094,1062.4755215644836,0.458416,1062.7726545333862,0.458281,1063.0810017585754,0.896367,1063.1122376918793,26.7891
1063.5851893424988,-0.0655185,1063.9099917411804,-0.0656358,1064.5206854343414,1.908613,1064.9759314060211,0.0996102,1065.5894875526428,0.458356,1065.886103630066,0.458207,1066.1882462501526,0.896283,1066.2194106578827,26.8516
1066.6882636547089,-0.0655088,1067.0154221057892,-0.0656267,1067.6267716884613,1.908424,1068.0802960395813,0.099609,1068.6837575435638,0.458303,1068.996132850647,0.458158,1069.292958498001,0.896217,1069.3385825157166,26.7188
1069.804679632187,-0.0654973,1070.131198167801,-0.0656162,1070.7313463687897,1.908257,1071.202056646347,0.0996088,1071.8124661445618,0.458246,1072.1093273162842,0.458112,1072.4171330928802,0.89613,1072.4482884407043,26.7578
1072.9307746887207,-0.0654869,1073.2281911373138,-0.065612,1073.8483097553253,1.908083,1074.3118579387665,0.0996103,1074.905749797821,0.458199,1075.2179412841797,0.45806,1075.5206706523895,0.896058,1075.5515813827515,26.7109
1076.0338654518127,-0.0654757,1076.334452867508,-0.0656039,1076.943965435028,1.907914,1077.4120500087738,0.0996098,1078.0209357738495,0.458143,1078.3228237628937,0.458001,1078.6204090118408,0.895978,1078.6513426303864,26.7344
1079.1357154846191,-0.0654676,1079.4506013393402,-0.0655976,1080.054591178894,1.907734,1080.5259914398193,0.0996098,1081.1349821090698,0.458088,1081.4310836791992,0.45795,1081.7433795928955,0.895911,1081.763992547989,26.6641
1082.2564008235931,-0.0654579,1082.5591740608215,-0.0655894,1083.1640982627869,1.907566,1083.6207568645477,0.0996097,1084.2299239635468,0.458042,1084.541686296463,0.457898,1084.8387484550476,0.895846,1084.8853256702423,26.7188
1085.3494665622711,-0.0654479,1085.678183555603,-0.065582,1086.2855019569397,1.907387,1086.7545547485352,0.0996104,1087.3642609119415,0.45799,1087.6763939857483,0.45783,1087.985859155655,0.895768,1088.0327048301697,26.5625
1088.5271644592285,-0.0654383,1088.839825630188,-0.0655773,1089.4598908424377,1.907215,1089.9284884929657,0.0996103,1090.537169456482,0.457935,1090.8337779045105,0.457776,1091.1438391208649,0.895688,1091.1760385036469,26.6094
1091.6637704372406,-0.0654311,1091.9737303256989,-0.0655697,1092.5833010673523,1.907035,1093.046620130539,0.09961,1093.6708550453186,0.457879,1093.9791240692139,0.457725,1094.2770898342133,0.895612,1094.3082342147827,26.5859
1094.7854080200195,-0.0654205,1095.1083073616028,-0.0655569,1095.724935054779,1.906857,1096.1784055233002,0.09961,1096.7875881195068,0.457826,1097.0978417396545,0.457673,1097.4009988307953,0.895537,1097.419703245163,26.7109
1097.9057774543762,-0.0654115,1098.2122874259949,-0.0655507,1098.8189585208893,1.906688,1099.2873029708862,0.0996107,1099.8902990818024,0.457771,1100.1954164505005,0.457605,1100.4917690753937,0.895463,1100.5386607646942,26.625
1101.008586883545,-0.0653984,1101.3363325595856,-0.0655437,1101.9455161094666,1.906521,1102.3966250419617,0.0996103,1103.0057744979858,0.457722,1103.31649684906,0.45756,1103.6132526397705,0.895389,1103.659780740738,26.5078
1104.1237626075745,-0.0653916,1104.4510490894318,-0.0655354,1105.0601124763489,1.90636,1105.5236613750458,0.0996103,1106.1312563419342,0.45767,1106.4303123950958,0.457507,1106.7358705997467,0.895321,1106.7671406269073,26.5156
1107.2311007976532,-0.065381,1107.5277173519135,-0.0655283,1108.152179479599,1.906215,1108.6050131320953,0.09961,1109.214167356491,0.457626,1109.5124855041504,0.457468,1109.8198943138123,0.895252,1109.8508293628693,26.6094
1110.330768108368,-0.0653735,1110.6429073810577,-0.0655218,1111.2522146701813,1.906057,1111.7054452896118,0.0996105,1112.313449382782,0.457578,1112.6208112239838,0.457414,1112.9174661636353,0.895195,1112.9643545150757,26.5547
1113.4433708190918,-0.0653687,1113.7385993003845,-0.0655169,1114.348025560379,1.905905,1114.8069140911102,0.0996101,1115.4280333518982,0.457534,1115.7239730358124,0.457361,1116.0207214355469,0.895134,1116.069262266159,26.5156
1116.54008102417,-0.0653612,1116.8366882801056,-0.065509,1117.4470677375793,1.905772,1117.9157214164734,0.0996101,1118.5189366340637,0.457489,1118.8310770988464,0.457311,1119.1227827072144,0.895078,1119.1695713996887,26.5313
1119.6379129886627,-0.0653536,1119.961636543274,-0.0655041,1120.5679478645325,1.905633,1121.0418920516968,0.0996105,1121.6447944641113,0.457445,1121.9417049884796,0.45728,1122.2493686676025,0.895018,1122.280298948288,26.4609
1122.754033088684,-0.0653445,1123.0800058841705,-0.0654945,1123.6942143440247,1.905492,1124.1462202072144,0.0996097,1124.7650380134583,0.457404,1125.0727770328522,0.457244,1125.3863134384155,0.89495,1125.417268037796,26.4609
1125.8807036876678,-0.0653363,1126.204511165619,-0.0654922,1126.8137049674988,1.905334,1127.264174938202,0.0996106,1127.8854043483734,0.457357,1128.1922030448914,0.457191,1128.5045945644379,0.894882,1128.5357491970062,26.4609
1129.0164906978607,-0.0653224,1129.323359489441,-0.0654832,1129.9220445156097,1.905168,1130.3830766677856,0.09961,1131.006850719452,0.457309,1131.3071219921112,0.457135,1131.604977607727,0.894804,1131.6359117031097,26.4063
1132.1201486587524,-0.065316,1132.4285883903503,-0.0654751,1133.053295135498,1.905005,1133.5168046951294,0.0996101,1134.1117026805878,0.457255,1134.418078660965,0.457074,1134.7303800582886,0.894737,1134.7616174221039,26.4219
1135.2437434196472,-0.065308,1135.5351419448853,-0.0654673,1136.152535200119,1.904834,1136.615049123764,0.0996093,1137.2304322719574,0.457206,1137.5425701141357,0.457027,1137.838874578476,0.894665,1137.8862979412079,26.3984
1138.353096485138,-0.0652984,1138.6651985645294,-0.0654592,1139.2843554019928,1.904654,1139.748841047287,0.0996104,1140.358452796936,0.457151,1140.6609497070312,0.456965,1140.9578366279602,0.894584,1141.0045883655548,26.3828
1141.4734745025635,-0.0652878,1141.7859020233154,-0.0654542,1142.3933742046356,1.904477,1142.8622720241547,0.09961,1143.468707561493,0.457096,1143.780813217163,0.456911,1144.0777127742767,0.894504,1144.108874320984,26.4219
1144.592539548874,-0.0652763,1144.9168860912323,-0.0654445,1145.5310735702515,1.904292,1146.004192829132,0.0996108,1146.6032373905182,0.457042,1146.9148445129395,0.456849,1147.211968421936,0.894423,1147.2428677082062,26.3359
1147.7280309200287,-0.0652666,1148.0404670238495,-0.0654374,1148.6579077243805,1.904112,1149.1265032291412,0.09961,1149.7345833778381,0.456983,1150.031486272812,0.456793,1150.3278551101685,0.894352,1150.3747253417969,26.3594
1150.8448219299316,-0.0652544,1151.1721260547638,-0.0654282,1151.8289461135864,1.90394,1152.2874462604523,0.0996104,1152.89612698555,0.456929,1153.1930713653564,0.456736,1153.5045692920685,0.894278,1153.5358064174652,26.2891
1154.0200242996216,-0.0652454,1154.3306045532227,-0.06542,1154.9365956783295,1.903767,1155.3995921611786,0.0996094,1156.0168163776398,0.456879,1156.3140497207642,0.456683,1156.6111493110657,0.894203,1156.6577215194702,26.3125
1157.1384286880493,-0.0652351,1157.4290425777435,-0.0654136,1158.0383989810944,1.903602,1158.5021941661835,0.09961,1159.1157262325287,0.45683,1159.4124009609222,0.456631,1159.7247970104218,0.894144,1159.7573277950287,26.3125
1160.2298774719238,-0.0652263,1160.5493512153625,-0.0654074,1161.1603231430054,1.903451,1161.6317310333252,0.0996111,1162.250051498413,0.45678,1162.5473763942719,0.456581,1162.85964012146,0.894072,1162.890879392624,26.2891
1163.3647696971893,-0.0652185,1163.6613581180573,-0.0653985,1164.286600112915,1.903294,1164.7502584457397,0.0996095,1165.359582901001,0.456733,1165.659467458725,0.45653,1165.9563655853271,0.894003,1165.9874875545502,26.1953
1166.4765529632568,-0.0652094,1166.7734351158142,-0.065393,1167.3932449817657,1.903155,1167.8623383045197,0.099611,1168.4874093532562,0.456687,1168.7842371463776,0.456489,1169.0962936878204,0.893947,1169.1275322437286,26.2266
1169.6066536903381,-0.0652015,1169.9191789627075,-0.0653869,1170.5537600517273,1.903011,1171.0070238113403,0.0996113,1171.61563372612,0.456646,1171.9277410507202,0.45645,1172.2250607013702,0.893893,1172.2566425800323,26.2813
1172.7423884868622,-0.0651914,1173.050250530243,-0.0653807,1173.6647646427155,1.902878,1174.1332671642303,0.0996113,1174.7428760528564,0.456609,1175.03426527977,0.456404,1175.3440070152283,0.893833,1175.37491106987,26.1563
1175.8660416603088,-0.065186,1176.1796789169312,-0.0653764,1176.7908761501312,1.902744,1177.2594735622406,0.0996114,1177.8850283622742,0.456565,1178.2085003852844,0.456371,1178.5052165985107,0.893769,1178.5519638061523,26.2578
1179.0208582878113,-0.0651747,1179.3469953536987,-0.0653693,1179.9561700820923,1.902599,1180.4148318767548,0.0996105,1181.0243153572083,0.456526,1181.3266990184784,0.456321,1181.621868133545,0.893716,1181.6685967445374,26.1328
1182.1523487567902,-0.0651694,1182.4615714550018,-0.0653617,1183.0777571201324,1.902473,1183.5312283039093,0.0996111,1184.1469571590424,0.456489,1184.4495103359222,0.456267,1184.7620406150818,0.893659,1184.7931816577911,26.1563
1185.2664573192596,-0.0651645,1185.5722422599792,-0.0653571,1186.1819615364075,1.902356,1186.647420167923,0.0996113,1187.283809185028,0.456454,1187.5728538036346,0.456247,1187.8854579925537,0.893603,1187.9163646697998,26.125
1188.3926272392273,-0.0651567,1188.7046744823456,-0.0653536,1189.3087627887726,1.902238,1189.766985654831,0.0996111,1190.400937795639,0.456417,1190.6986713409424,0.456214,1190.9954476356506,0.893558,1191.042795419693,26.2031
1191.5113513469696,-0.0651512,1191.8234634399414,-0.0653486,1192.4292974472046,1.902114,1192.8977508544922,0.099611,1193.5215947628021,0.456379,1193.8499364852905,0.45617,1194.162139415741,0.893508,1194.193249464035,26.1328
1194.6793117523193,-0.0651458,1194.991546869278,-0.065341,1195.60533452034,1.901997,1196.0739390850067,0.0996105,1196.6859908103943,0.456347,1196.9828970432281,0.456134,1197.2809545993805,0.893458,1197.3284459114075,26.1563
1197.810884475708,-0.0651354,1198.1389005184174,-0.0653343,1198.7475247383118,1.901871,1199.216117143631,0.0996116,1199.8201909065247,0.456306,1200.1170995235443,0.456092,1200.423237323761,0.893395,1200.4541432857513,26.1953
1200.9313855171204,-0.0651311,1201.2594978809357,-0.0653308,1201.8692288398743,1.901753,1202.3225874900818,0.0996111,1202.9290509223938,0.456271,1203.2413578033447,0.456052,1203.5330789089203,0.893347,1203.5796463489532,26.0859
1204.0485174655914,-0.0651261,1204.375524520874,-0.0653272,1204.987452507019,1.901619,1205.4409005641937,0.099612,1206.047803401947,0.456237,1206.3606622219086,0.456016,1206.655558347702,0.893299,1206.7020931243896,26.125
1207.1706929206848,-0.0651199,1207.4678719043732,-0.0653206,1208.086386680603,1.901511,1208.5555295944214,0.0996111,1209.1493525505066,0.456201,1209.4545662403107,0.455985,1209.7667434215546,0.893243,1209.7979800701141,26.1016
1210.2794029712677,-0.0651099,1210.5934839248657,-0.0653172,1211.2031981945038,1.901402,1211.659542798996,0.0996113,1212.2706367969513,0.456164,1212.5828053951263,0.455941,1212.8786211013794,0.893196,1212.9566860198975,26.0781
1213.4246933460236,-0.0651088,1213.724396944046,-0.0653113,1214.3337349891663,1.901284,1214.8006944656372,0.0996095,1215.4047181606293,0.456127,1215.7036786079407,0.455906,1216.0160553455353,0.893147,1216.047218322754,26.0234
1216.5190634727478,-0.0651012,1216.8313932418823,-0.0653081,1217.440272808075,1.901171,1217.9024200439453,0.0996108,1218.513014793396,0.456094,1218.8096261024475,0.455873,1219.1221668720245,0.893102,1219.1534061431885,26.0391
1219.633968114853,-0.0650932,1219.9464387893677,-0.0653042,1220.5635633468628,1.901054,1221.0168817043304,0.099611,1221.631334066391,0.45606,1221.9249997138977,0.455835,1222.2284994125366,0.893053,1222.2752754688263,26.0234
1222.7442886829376,-0.0650832,1223.0720868110657,-0.0652982,1223.6734969615936,1.900943,1224.1397864818573,0.0996115,1224.7557559013367,0.456016,1225.0528354644775,0.455803,1225.3483300209045,0.893006,1225.3942754268646,26.0234
1225.876969575882,-0.065084,1226.1889617443085,-0.0652972,1226.8009827136993,1.900831,1227.2538187503815,0.0996101,1227.870535850525,0.455994,1228.167398929596,0.455763,1228.4788274765015,0.892969,1228.5100803375244,25.9922
1228.9917030334473,-0.0650778,1229.3088500499725,-0.0652863,1229.911612033844,1.900736,1230.3782694339752,0.0996108,1230.9875130653381,0.45596,1231.284393787384,0.455723,1231.5966737270355,0.892918,1231.6279134750366,25.9297
1232.1124668121338,-0.065071,1232.4247467517853,-0.0652827,1233.0314283370972,1.900626,1233.5013060569763,0.0996117,1234.1073207855225,0.455928,1234.3999412059784,0.455705,1234.7070980072021,0.892864,1234.7379894256592,26.0391
1235.2322976589203,-0.0650654,1235.5383443832397,-0.0652795,1236.1655492782593,1.900504,1236.6373648643494,0.0996105,1237.24653840065,0.455891,1237.5444130897522,0.455665,1237.8412027359009,0.89282,1237.8723113536835,25.9531
1238.3611450195312,-0.0650569,1238.6707849502563,-0.0652736,1239.280121564865,1.900405,1239.7495770454407,0.0996112,1240.3550310134888,0.455859,1240.6661818027496,0.455625,1240.963074684143,0.892777,1240.9942018985748,25.9219
1241.4859206676483,-0.0650538,1241.7949764728546,-0.0652679,1242.4067566394806,1.900295,1242.8704385757446,0.0996109,1243.4949979782104,0.455827,1243.7920875549316,0.455602,1244.104174375534,0.89273,1244.1354134082794,25.9453
1244.590291261673,-0.0650474,1244.9183156490326,-0.0652633,1245.5189304351807,1.900201,1245.9950640201569,0.0996101,1246.5888042449951,0.455794,1246.9009385108948,0.455576,1247.1980390548706,0.892689,1247.2464473247528,25.9531
1247.7200827598572,-0.0650406,1248.0250279903412,-0.0652598,1248.6358840465546,1.900095,1249.1044867038727,0.0996103,1249.7256712913513,0.455768,1250.0324175357819,0.45554,1250.3293905258179,0.892653,1250.3759534358978,25.9922
1250.849319934845,-0.0650381,1251.16383767128,-0.0652545,1251.7763068675995,1.900002,1252.2446143627167,0.0996115,1252.8538875579834,0.455736,1253.1521005630493,0.455503,1253.4491674900055,0.892609,1253.4803023338318,26.0156
1253.9615423679352,-0.065031,1254.2893776893616,-0.0652503,1254.8998565673828,1.899905,1255.3643653392792,0.0996117,1255.972636461258,0.455709,1256.269125699997,0.455484,1256.5674605369568,0.892572,1256.5983800888062,25.8828
1257.0799615383148,-0.0650273,1257.3925352096558,-0.065247,1258.004245519638,1.899819,1258.4628825187683,0.099611,1259.0691304206848,0.455685,1259.3657367229462,0.45545,1259.6680204868317,0.892534,1259.714614868164,25.9219
1260.1943616867065,-0.0650182,1260.4912285804749,-0.0652427,1261.0942697525024,1.899727,1261.5621359348297,0.0996108,1262.1713223457336,0.455657,1262.4684727191925,0.455419,1262.7767360210419,0.892491,1262.807889699936,25.9063
1263.2937395572662,-0.0650161,1263.596691608429,-0.0652386,1264.2056550979614,1.899641,1264.6699013710022,0.0996119,1265.2908916473389,0.455632,1265.5968556404114,0.455389,1265.8936705589294,0.892443,1265.9385652542114,25.8984
1266.4108295440674,-0.0650071,1266.707978963852,-0.0652361,1267.3260791301727,1.899533,1267.791985988617,0.0996118,1268.4010241031647,0.455599,1268.6952288150787,0.455358,1268.9921271800995,0.892405,1269.0389018058777,25.8125
1269.5082490444183,-0.0650016,1269.8369462490082,-0.0652291,1270.4587421417236,1.899435,1270.9272186756134,0.0996118,1271.5555126667023,0.455566,1271.8677203655243,0.455326,1272.1658079624176,0.892361,1272.2067656517029,25.8359
