Date:,Tue Sep 10 15:47:59 2024
Time:,1725997679.3520663
t1,v1,t2,v2,t3,v3,t4,v4,t5,v5,t6,v6,t7,v7,t9,T
0.4339327812194824,-0.0813618,0.7334070205688477,-0.0773439,1.356236457824707,2.077679,1.8119268417358398,0.0996004,2.4205422401428223,0.537307,2.7208850383758545,0.541345,3.0231175422668457,0.937714,3.0592117309570312,64.5391
3.543109893798828,-0.0814007,3.8363118171691895,-0.0774009,4.465595960617065,2.080106,4.938320159912109,0.0996017,5.5540735721588135,0.537663,5.874096870422363,0.541682,6.198172092437744,0.939036,6.2291224002838135,64.2422
6.757544279098511,-0.08143,7.0693700313568115,-0.0774545,7.701009273529053,2.082483,8.164275646209717,0.099602,8.768862247467041,0.538003,9.078149795532227,0.541987,9.379290103912354,0.940346,9.409631729125977,63.9375
9.893303871154785,-0.081456,10.201870679855347,-0.0775026,10.82306170463562,2.084683,11.274708986282349,0.0996002,11.913492202758789,0.538297,12.205171823501587,0.542263,12.527524709701538,0.941569,12.563168048858643,63.6406
13.046447038650513,-0.0814804,13.364981412887573,-0.0775463,13.973439931869507,2.086841,14.435681581497192,0.0996009,15.042853355407715,0.538568,15.348433494567871,0.542506,15.65276288986206,0.942806,15.684587001800537,63.4063
16.161394596099854,-0.0814927,16.482957363128662,-0.0775841,17.090246200561523,2.088813,17.552306652069092,0.0996013,18.157480239868164,0.538801,18.478412628173828,0.54271,18.779372215270996,0.943947,18.809722423553467,63.0938
19.29875373840332,-0.0815071,19.60551953315735,-0.0776182,20.219573974609375,2.090682,20.69326639175415,0.0996012,21.29680848121643,0.538996,21.59375786781311,0.542881,21.895047187805176,0.945001,21.93640422821045,62.75
22.42002248764038,-0.0815108,22.730873346328735,-0.0776487,23.34054136276245,2.092362,23.803842306137085,0.0996013,24.41895031929016,0.539165,24.715480089187622,0.543024,25.0219829082489,0.945949,25.057823657989502,62.4688
25.535166263580322,-0.0815107,25.856427431106567,-0.0776703,26.476621866226196,2.093897,26.932758569717407,0.0996007,27.55016779899597,0.539304,27.85325336456299,0.54313,28.15444278717041,0.946878,28.190255880355835,62.1953
28.66453790664673,-0.0815051,28.98297142982483,-0.0776898,29.58568263053894,2.095358,30.060603618621826,0.0996006,30.667892932891846,0.53941,30.96875286102295,0.543214,31.270421981811523,0.947795,31.301368236541748,61.9141
31.791422605514526,-0.0814987,32.10736131668091,-0.0777079,32.71082425117493,2.096692,33.17645215988159,0.0996005,33.80512547492981,0.539496,34.11700224876404,0.543277,34.42761301994324,0.948626,34.45352482795715,61.6094
34.935054063797,-0.0814891,35.256614446640015,-0.0777193,35.86672306060791,2.097999,36.326215505599976,0.0996014,36.934980154037476,0.539561,37.24110293388367,0.543303,37.54345703125,0.949487,37.57469439506531,61.3125
38.06909680366516,-0.081471,38.38551878929138,-0.0777294,39.02030396461487,2.099215,39.47527742385864,0.0996012,40.095595836639404,0.5396,40.41154432296753,0.543313,40.73699736595154,0.950272,40.772804737091064,60.9688
41.24535512924194,-0.0814487,41.57302117347717,-0.0777321,42.17248201370239,2.100341,42.6465060710907,0.0996014,43.265180587768555,0.539603,43.581443071365356,0.543299,43.88268971443176,0.951046,43.93940258026123,60.7813
44.421858072280884,-0.0814269,44.73034906387329,-0.0777335,45.363508462905884,2.101354,45.831383228302,0.0996001,46.44922590255737,0.539587,46.75988531112671,0.543255,47.08564567565918,0.951721,47.13239598274231,60.4375
47.607582330703735,-0.0813988,47.92345714569092,-0.077733,48.540623903274536,2.102284,49.012545347213745,0.099601,49.63337683677673,0.539555,49.94983792304993,0.543192,50.27205944061279,0.952362,50.30301070213318,60.1953
50.7958984375,-0.0813698,51.11654877662659,-0.0777277,51.74457907676697,2.103086,52.22787618637085,0.0996006,52.84326887130737,0.539495,53.17031693458557,0.543106,53.49255347251892,0.952967,53.528557777404785,59.8594
54.011966943740845,-0.0813316,54.33829641342163,-0.077718,54.96311402320862,2.103808,55.43617558479309,0.0996009,56.05915927886963,0.539414,56.38717818260193,0.542989,56.69294571876526,0.953541,56.73949694633484,59.6016
57.22269368171692,-0.0812927,57.54977822303772,-0.077706,58.179333448410034,2.104458,58.64714694023132,0.0996001,59.27162289619446,0.539306,59.59914755821228,0.542847,59.91535305976868,0.95406,59.971543073654175,59.3125
60.446349143981934,-0.0812455,60.7620062828064,-0.0776917,61.3889434337616,2.105053,61.850736141204834,0.0996005,62.47062659263611,0.53918,62.78170824050903,0.542686,63.085488080978394,0.954597,63.11589956283569,59.0469
63.59788155555725,-0.0812003,63.905826807022095,-0.0776718,64.53158640861511,2.105524,65.00424432754517,0.0996007,65.61954092979431,0.539034,65.94071006774902,0.542523,66.26439595222473,0.955062,66.2956690788269,58.7734
66.78344178199768,-0.081154,67.09564805030823,-0.0776513,67.70503568649292,2.105922,68.17265677452087,0.0996,68.79692912101746,0.538874,69.10644960403442,0.542332,69.42229509353638,0.955441,69.47350811958313,58.4141
69.96597719192505,-0.0811011,70.27781438827515,-0.0776265,70.90116381645203,2.106249,71.35895228385925,0.0996009,71.99253606796265,0.538691,72.30724883079529,0.54212,72.61808705329895,0.955834,72.64936089515686,58.2109
73.14668250083923,-0.0810439,73.45822215080261,-0.0776018,74.07811141014099,2.106491,74.54684925079346,0.0996021,75.16218137741089,0.538497,75.46212434768677,0.541884,75.76637482643127,0.95614,75.79676294326782,57.9141
76.28059005737305,-0.0809835,76.5932846069336,-0.0775718,77.20655846595764,2.106666,77.67319321632385,0.0996011,78.28487944602966,0.538278,78.59328293800354,0.541639,78.89476203918457,0.956461,78.92569732666016,57.6875
79.41404819488525,-0.0809239,79.72620105743408,-0.0775411,80.3454430103302,2.106781,80.79885721206665,0.0996025,81.40419244766235,0.538047,81.7060329914093,0.541378,82.01251721382141,0.956737,82.04832601547241,57.3359
82.53373265266418,-0.0808622,82.84544277191162,-0.0775102,83.45154619216919,2.106812,83.91977143287659,0.0996011,84.52187871932983,0.537809,84.82825088500977,0.541105,85.13462018966675,0.957003,85.16497111320496,57.0938
85.65331363677979,-0.0807987,85.95921349525452,-0.0774734,86.57858467102051,2.10684,87.04297065734863,0.099601,87.66156196594238,0.537545,87.96229243278503,0.540814,88.26812505722046,0.957191,88.29832530021667,56.8984
88.78767824172974,-0.0807328,89.10979843139648,-0.0774355,89.7196695804596,2.106758,90.19378542900085,0.0996024,90.79856753349304,0.537282,91.10387372970581,0.540522,91.40011191368103,0.957402,91.43572568893433,56.6094
91.91800498962402,-0.0806645,92.23486328125,-0.0773983,92.84454417228699,2.106629,93.30512928962708,0.0996009,93.92320990562439,0.536998,94.21919775009155,0.54021,94.518798828125,0.957563,94.54442691802979,56.3125
95.03448677062988,-0.0805959,95.35573029518127,-0.0773576,95.98501229286194,2.106423,96.44414401054382,0.0996014,97.05404090881348,0.536711,97.35110974311829,0.539884,97.65721797943115,0.957693,97.68814778327942,56.1016
98.17481470108032,-0.0805264,98.49267506599426,-0.0773133,99.09573721885681,2.106191,99.55867075920105,0.0996007,100.16771674156189,0.536411,100.46899032592773,0.539563,100.77024817466736,0.957794,100.81137204170227,55.8438
101.28930044174194,-0.0804569,101.59952330589294,-0.0772716,102.23927521705627,2.105932,102.70401644706726,0.0996012,103.32386541366577,0.536096,103.62334728240967,0.539205,103.92547249794006,0.957897,103.95590734481812,55.5859
104.43836283683777,-0.0803822,104.7500512599945,-0.0772251,105.37830400466919,2.105625,105.84401893615723,0.0996012,106.47372031211853,0.535772,106.7772786617279,0.538865,107.0784912109375,0.957944,107.10964846611023,55.3047
107.58860564231873,-0.0803066,107.9084370136261,-0.0771807,108.53189778327942,2.105247,109.00318956375122,0.0996008,109.63735914230347,0.535432,109.93376231193542,0.53849,110.23857498168945,0.957998,110.26982045173645,55.0625
110.76411533355713,-0.0802305,111.07520699501038,-0.0771319,111.69197511672974,2.104816,112.16061925888062,0.0996019,112.77474880218506,0.535096,113.07623624801636,0.538132,113.3824372291565,0.958012,113.41830706596375,54.8516
113.89783358573914,-0.0801524,114.2098536491394,-0.0770809,114.8210551738739,2.10438,115.2900664806366,0.0996022,115.91635656356812,0.53474,116.24439811706543,0.537743,116.54096722602844,0.95803,116.58134126663208,54.5469
117.05724120140076,-0.0800699,117.36847448348999,-0.0770314,117.99159359931946,2.103872,118.44539976119995,0.0996021,119.05520677566528,0.534382,119.35719180107117,0.537354,119.66898226737976,0.957994,119.69925808906555,54.2422
120.18129229545593,-0.0799869,120.48724818229675,-0.076981,121.10396909713745,2.103346,121.57234859466553,0.0996007,122.17083358764648,0.534019,122.48062777519226,0.536955,122.77727627754211,0.957946,122.80852246284485,54.0703
123.29713749885559,-0.079906,123.61640548706055,-0.0769232,124.22162342071533,2.102784,124.68167233467102,0.0996011,125.28496289253235,0.533641,125.5909857749939,0.536547,125.89604711532593,0.957912,125.93730568885803,53.7734
126.41666960716248,-0.0798241,126.7285852432251,-0.0768697,127.34294986724854,2.102163,127.80744934082031,0.0996011,128.4339256286621,0.533255,128.73115992546082,0.536135,129.0365493297577,0.957811,129.06236481666565,53.5156
129.5501754283905,-0.079739,129.85133981704712,-0.0768164,130.45963621139526,2.101508,130.91758489608765,0.0996006,131.52814555168152,0.532871,131.83271884918213,0.535724,132.14070320129395,0.957745,132.17089748382568,53.3281
132.65322947502136,-0.0796557,132.95115661621094,-0.0767603,133.55970907211304,2.100826,134.02583861351013,0.0996007,134.64613795280457,0.532478,134.95200610160828,0.535303,135.27333307266235,0.957626,135.31365275382996,53.1094
135.80547451972961,-0.0795713,136.12067770957947,-0.0767022,136.7305886745453,2.100129,137.19719052314758,0.0996011,137.81598615646362,0.532067,138.12030220031738,0.534865,138.42147254943848,0.957506,138.45163750648499,52.9297
138.9366204738617,-0.0794818,139.25446033477783,-0.0766433,139.86741089820862,2.099364,140.3308253288269,0.0996011,140.95490884780884,0.531652,141.27127361297607,0.534412,141.57691860198975,0.957352,141.59686470031738,52.6875
142.08606147766113,-0.0793898,142.4081473350525,-0.0765801,143.01717400550842,2.098569,143.47589206695557,0.099601,144.08416152000427,0.531219,144.39008021354675,0.533936,144.69049215316772,0.957179,144.72165989875793,52.3906
145.1999409198761,-0.0792985,145.5283682346344,-0.0765178,146.13139963150024,2.097747,146.59987664222717,0.0996014,147.19880318641663,0.530789,147.50103402137756,0.533492,147.81386756896973,0.956974,147.83065962791443,52.25
148.32478189468384,-0.0792078,148.6365339756012,-0.0764592,149.25113677978516,2.096883,149.70942544937134,0.0996022,150.32546544075012,0.530352,150.62666606903076,0.533027,150.9322211742401,0.956784,150.96346235275269,51.9531
151.4477562904358,-0.0791161,151.77413988113403,-0.0763915,152.37755870819092,2.09599,152.85504531860352,0.0996027,153.45794868469238,0.529909,153.79141855239868,0.532551,154.09721064567566,0.956548,154.1229829788208,51.7109
154.60078287124634,-0.0790229,154.92816281318665,-0.0763327,155.53128957748413,2.095064,156.00006771087646,0.0996014,156.61241674423218,0.529468,156.9280264377594,0.532082,157.2300353050232,0.956292,157.25566291809082,51.5078
157.74539422988892,-0.0789272,158.05985856056213,-0.0762663,158.66404342651367,2.094118,159.1413757801056,0.099602,159.74202585220337,0.529018,160.03802800178528,0.531594,160.34418845176697,0.956044,160.37522864341736,51.25
160.8574571609497,-0.0788317,161.1838059425354,-0.0762018,161.7928831577301,2.093142,162.25319528579712,0.0996009,162.86022233963013,0.528568,163.1659619808197,0.531114,163.46809244155884,0.955763,163.49830412864685,51.0781
163.97600889205933,-0.0787357,164.30236101150513,-0.0761359,164.9067952632904,2.092147,165.3748438358307,0.0996012,165.97939085960388,0.528114,166.27596521377563,0.530633,166.58970379829407,0.955476,166.60533332824707,50.8047
167.10507559776306,-0.0786381,167.4220108985901,-0.0760703,168.02562928199768,2.091134,168.48721385002136,0.099601,169.0949637889862,0.527655,169.3900661468506,0.530138,169.70634174346924,0.955187,169.73758053779602,50.5625
170.2108416557312,-0.0785379,170.53797221183777,-0.0760043,171.1373484134674,2.090078,171.6103994846344,0.0996021,172.2159252166748,0.527185,172.51685404777527,0.529638,172.8277530670166,0.954896,172.85896563529968,50.4297
173.33823323249817,-0.0784421,173.64625191688538,-0.0759361,174.2852714061737,2.089032,174.73871564865112,0.0996012,175.3529736995697,0.526706,175.64881563186646,0.529127,175.9577920436859,0.954563,175.98871564865112,50.1875
176.47369408607483,-0.0783417,176.7918860912323,-0.075866,177.39580583572388,2.087939,177.85895681381226,0.0996016,178.48827838897705,0.526233,178.7795217037201,0.528627,179.08662819862366,0.954249,179.11756110191345,49.9688
179.6063163280487,-0.078243,179.90816020965576,-0.0757983,180.51674962043762,2.086834,180.97968697547913,0.0996013,181.58346104621887,0.525766,181.8836326599121,0.528126,182.1850347518921,0.953906,182.23097372055054,49.6875
182.70576071739197,-0.0781455,183.02050924301147,-0.0757285,183.62735271453857,2.085731,184.09503602981567,0.0996014,184.7385048866272,0.525284,185.0592978000641,0.527617,185.3497016429901,0.953553,185.39660000801086,49.5391
185.85431575775146,-0.0780436,186.17710208892822,-0.0756604,186.7871322631836,2.084593,187.24089980125427,0.0996012,187.85022711753845,0.524803,188.15657019615173,0.52711,188.4602406024933,0.95319,188.49116611480713,49.1953
188.98279762268066,-0.0779452,189.29552841186523,-0.0755895,189.92211985588074,2.083445,190.384929895401,0.0996016,190.99400544166565,0.524326,191.29112458229065,0.526605,191.60136103630066,0.952856,191.63740253448486,49.0313
192.1099886894226,-0.0778506,192.4322407245636,-0.0755197,193.04556441307068,2.082321,193.5198109149933,0.0996017,194.1238820552826,0.523846,194.43009281158447,0.526098,194.73435759544373,0.952491,194.7655966281891,48.8438
195.242773771286,-0.077752,195.55894804000854,-0.0754504,196.1727213859558,2.081156,196.63610005378723,0.0996015,197.24364161491394,0.523367,197.53987193107605,0.525586,197.85533332824707,0.952116,197.8759593963623,48.625
198.35961174964905,-0.0776542,198.65569353103638,-0.0753842,199.2762701511383,2.079982,199.74298524856567,0.099601,200.3516607284546,0.522883,200.6527454853058,0.525071,200.95364618301392,0.95174,200.99410963058472,48.4063
201.46865463256836,-0.0775527,201.78706693649292,-0.0753118,202.4071605205536,2.078781,202.8675398826599,0.0996013,203.4724943637848,0.522395,203.7782735824585,0.524548,204.082622051239,0.951355,204.1185326576233,48.2891
204.60228753089905,-0.077454,204.90063953399658,-0.0752387,205.51826977729797,2.077586,205.97002696990967,0.0996022,206.58512353897095,0.521909,206.88468384742737,0.524032,207.19071173667908,0.950971,207.22652173042297,48.0703
207.6998429298401,-0.0773568,208.02502179145813,-0.0751695,208.640722990036,2.076384,209.10511660575867,0.0996007,209.71557354927063,0.521415,210.01117491722107,0.523516,210.326233625412,0.95054,210.3574733734131,47.8359
210.83714866638184,-0.0772567,211.14685153961182,-0.0750988,211.76166987419128,2.075149,212.22625875473022,0.0996013,212.84013414382935,0.520919,213.13532829284668,0.522996,213.4405038356781,0.950147,213.47646856307983,47.6484
213.9437973499298,-0.0771554,214.27087473869324,-0.0750284,214.8963520526886,2.073908,215.36226081848145,0.0996012,215.97201991081238,0.520422,216.27768063545227,0.522456,216.57989859580994,0.949737,216.6000006198883,47.4219
217.0910906791687,-0.0770573,217.4083526134491,-0.0749554,218.0312397480011,2.072637,218.50429034233093,0.0996007,219.10830450057983,0.51993,219.40531468391418,0.521951,219.7057547569275,0.949309,219.73687744140625,47.2031
220.2298605442047,-0.0769553,220.54715943336487,-0.0748861,221.1550166606903,2.071429,221.6179497241974,0.0996014,222.2597713470459,0.519438,222.56104922294617,0.52142,222.86635303497314,0.948874,222.90146565437317,47.1016
223.37802267074585,-0.0768561,223.68733549118042,-0.0748131,224.30926966667175,2.070128,224.76899361610413,0.0996015,225.3746678829193,0.518936,225.6808578968048,0.520888,225.97271060943604,0.948423,226.00361371040344,46.8203
226.49815464019775,-0.0767552,226.80393195152283,-0.0747388,227.42072939872742,2.068805,227.88827323913574,0.0996013,228.51272058486938,0.518423,228.80836939811707,0.520356,229.11844420433044,0.947973,229.14872097969055,46.5938
229.62745714187622,-0.0766542,229.9437198638916,-0.0746682,230.5619716644287,2.067491,231.01355957984924,0.0996013,231.64761924743652,0.517919,231.95542907714844,0.51981,232.2689061164856,0.947503,232.3046531677246,46.3516
232.7808859348297,-0.0765506,233.07775044441223,-0.074592,233.68590378761292,2.066168,234.14838075637817,0.0996012,234.76750230789185,0.517418,235.06148099899292,0.519288,235.3617730140686,0.947055,235.3975613117218,46.25
235.88421988487244,-0.0764546,236.19016981124878,-0.0745191,236.80976033210754,2.064899,237.27235889434814,0.0996009,237.88211584091187,0.516934,238.18760132789612,0.518786,238.4834542274475,0.94662,238.5194447040558,46.0859
239.00547885894775,-0.0763581,239.3220238685608,-0.07445,239.94757676124573,2.063621,240.40064764022827,0.0996016,241.03981566429138,0.516455,241.36169981956482,0.518267,241.66798615455627,0.946142,241.7084457874298,45.9297
242.17545413970947,-0.0762615,242.50345921516418,-0.0743818,243.11493921279907,2.06233,243.56858658790588,0.0996012,244.17555260658264,0.515972,244.48821902275085,0.517772,244.80433464050293,0.945697,244.84489250183105,45.6875
245.3114035129547,-0.0761656,245.62865328788757,-0.0743106,246.25776624679565,2.061085,246.72608351707458,0.0996009,247.3378574848175,0.515498,247.63477635383606,0.517255,247.93112063407898,0.945277,247.97809171676636,45.5156
248.4524540901184,-0.0760712,248.77270603179932,-0.0742424,249.38529253005981,2.059799,249.84537506103516,0.0996011,250.46789383888245,0.515022,250.78934860229492,0.51677,251.09431505203247,0.944778,251.12552452087402,45.3281
251.604097366333,-0.0759755,251.9229199886322,-0.0741731,252.55115222930908,2.058487,253.01444792747498,0.0996015,253.6114583015442,0.51454,253.92450141906738,0.516242,254.22542262077332,0.944346,254.25671100616455,45.1797
254.74066972732544,-0.0758821,255.0478537082672,-0.0741051,255.66354966163635,2.057232,256.1235890388489,0.0996016,256.73653960227966,0.514061,257.0316598415375,0.515754,257.3431308269501,0.943894,257.37885642051697,44.9141
257.85775351524353,-0.0757902,258.1695816516876,-0.074035,258.7837829589844,2.055947,259.2507121562958,0.0996016,259.8740248680115,0.513586,260.1865692138672,0.515263,260.4878203868866,0.943404,260.5180010795593,44.8594
261.0125105381012,-0.0756917,261.329514503479,-0.0739636,261.92199325561523,2.054642,262.3979778289795,0.0996011,263.0032501220703,0.513106,263.3093640804291,0.514749,263.6096680164337,0.942924,263.6407883167267,44.6328
264.12612748146057,-0.075597,264.4444932937622,-0.0738953,265.04613971710205,2.053331,265.52392864227295,0.0996011,266.1366317272186,0.512628,266.4535801410675,0.514255,266.7588863372803,0.942434,266.79921293258667,44.3984
267.294508934021,-0.0755027,267.6071572303772,-0.0738248,268.2348954677582,2.052016,268.7014744281769,0.0996016,269.31919956207275,0.512147,269.6411061286926,0.513745,269.9456477165222,0.94196,269.9833097457886,44.2813
270.45740962028503,-0.0754115,270.77172207832336,-0.0737581,271.388955116272,2.050747,271.86166858673096,0.0996016,272.50247168540955,0.511672,272.7989127635956,0.513235,273.1131615638733,0.941494,273.14338850975037,44.1328
273.6248424053192,-0.0753187,273.93587279319763,-0.0736896,274.5539858341217,2.049446,275.0169372558594,0.0996015,275.642213344574,0.511207,275.9478540420532,0.512756,276.26510071754456,0.940986,276.28520703315735,43.8828
276.77757501602173,-0.0752221,277.10840606689453,-0.073622,277.71818470954895,2.048143,278.18756794929504,0.0996012,278.7948513031006,0.510737,279.09158420562744,0.51225,279.39819169044495,0.940519,279.4238293170929,43.7891
279.91002917289734,-0.0751317,280.22310733795166,-0.073553,280.83905720710754,2.046843,281.32135105133057,0.0996013,281.9405961036682,0.510266,282.2617914676666,0.511764,282.5632953643799,0.940026,282.5992588996887,43.5703
283.06883931159973,-0.0750363,283.3863892555237,-0.073485,284.0172679424286,2.045509,284.5010931491852,0.0996007,285.1264851093292,0.509781,285.44294929504395,0.511253,285.7479591369629,0.939537,285.77823996543884,43.3672
286.2597486972809,-0.0749436,286.57418966293335,-0.0734155,287.1870188713074,2.044121,287.6500220298767,0.099601,288.26835012435913,0.509298,288.5748236179352,0.510722,288.87753462791443,0.939032,288.9084527492523,43.1875
289.40050196647644,-0.0748482,289.70661449432373,-0.0733445,290.3141281604767,2.042819,290.781441450119,0.0996016,291.4060928821564,0.508828,291.71267199516296,0.510252,292.0088849067688,0.938543,292.04075145721436,43.0
292.5271065235138,-0.0747573,292.8376762866974,-0.0732781,293.45392775535583,2.041527,293.92048478126526,0.0996014,294.542617559433,0.508358,294.8431520462036,0.509748,295.1546757221222,0.938042,295.19079852104187,42.8828
295.6601502895355,-0.0746644,295.9719557762146,-0.073205,296.60250186920166,2.040179,297.07354950904846,0.0996011,297.6927330493927,0.507879,298.00819206237793,0.509255,298.31063628196716,0.93756,298.3517780303955,42.7031
298.82567501068115,-0.0745679,299.1382758617401,-0.0731376,299.7532250881195,2.038849,300.21780371665955,0.0996017,300.8493986129761,0.50741,301.1821188926697,0.508763,301.47420859336853,0.937021,301.52075004577637,42.5625
302.00173258781433,-0.0744781,302.30227851867676,-0.0730698,302.9028480052948,2.037501,303.3661468029022,0.0996016,303.9965031147003,0.506936,304.3178803920746,0.508264,304.6089084148407,0.936528,304.65064549446106,42.3672
305.13273882865906,-0.0743872,305.4532973766327,-0.0729993,306.05621099472046,2.036158,306.52439308166504,0.0996006,307.14621448516846,0.506465,307.44540333747864,0.507751,307.7575771808624,0.936025,307.7878451347351,42.1641
308.2613773345947,-0.074294,308.5769941806793,-0.0729335,309.21546268463135,2.034856,309.6622908115387,0.0996021,310.3009192943573,0.505996,310.60258507728577,0.507283,310.90287137031555,0.935527,310.93861651420593,42.0547
311.4134306907654,-0.0742025,311.72848439216614,-0.0728653,312.342401266098,2.033508,312.81001901626587,0.0996014,313.42945170402527,0.505534,313.7286055088043,0.506773,314.03090739250183,0.935029,314.07123947143555,41.8125
314.5457544326782,-0.0741145,314.8672344684601,-0.0727959,315.4810929298401,2.032176,315.9454379081726,0.0996017,316.5683796405792,0.505064,316.87926173210144,0.506312,317.19169521331787,0.934497,317.22215819358826,41.6563
317.70449686050415,-0.074022,318.02196621894836,-0.0727298,318.6434590816498,2.030856,319.11315274238586,0.0996015,319.7382073402405,0.504606,320.05036664009094,0.505817,320.36730337142944,0.933991,320.3984558582306,41.5391
320.8893229961395,-0.0739367,321.19599652290344,-0.0726631,321.8053979873657,2.02957,322.2783432006836,0.0996013,322.8825385570526,0.504153,323.18354511260986,0.505352,323.50557112693787,0.933496,323.54153847694397,41.3828
324.0172109603882,-0.073848,324.32804131507874,-0.0725989,324.93679547309875,2.028247,325.4076268672943,0.0996017,326.017058134079,0.503706,326.30882120132446,0.504871,326.62389278411865,0.933016,326.654248714447,41.2656
327.13324308395386,-0.0737659,327.4452636241913,-0.0725337,328.0698618888855,2.027008,328.5235722064972,0.099601,329.13126587867737,0.503271,329.4372100830078,0.504428,329.7364628314972,0.93251,329.7832009792328,41.125
330.25025820732117,-0.07368,330.5714182853699,-0.0724701,331.18458104133606,2.025744,331.6472222805023,0.0996009,332.26565432548523,0.502837,332.58128666877747,0.503972,332.9115126132965,0.932014,332.94739818573,40.9766
333.4210376739502,-0.0735945,333.73466777801514,-0.0724087,334.34761905670166,2.024492,334.8159954547882,0.0996014,335.41874837875366,0.502395,335.7249183654785,0.50351,336.0423631668091,0.931541,336.08367681503296,40.8125
336.5744061470032,-0.0735083,336.8943910598755,-0.0723438,337.49850058555603,2.023232,337.96888995170593,0.0996008,338.5797321796417,0.501963,338.90833854675293,0.503039,339.2060806751251,0.931038,339.24736166000366,40.6953
339.7189562320709,-0.073424,340.0365116596222,-0.0722814,340.643758058548,2.021957,341.1121153831482,0.0996016,341.74296474456787,0.501532,342.05281162261963,0.502601,342.35829615592957,0.930571,342.389541387558,40.5234
342.8730676174164,-0.0733401,343.1932899951935,-0.0722189,343.82240557670593,2.020723,344.28036189079285,0.0996016,344.9091205596924,0.501103,345.2252655029297,0.50216,345.5158805847168,0.930097,345.56147503852844,40.4297
346.0401155948639,-0.0732626,346.35931158065796,-0.0721594,346.96921277046204,2.019483,347.4201946258545,0.0996013,348.04531955718994,0.500689,348.3381063938141,0.501726,348.6438057422638,0.929604,348.6750512123108,40.1953
349.157986164093,-0.0731811,349.47323989868164,-0.0720974,350.08115100860596,2.018273,350.5493195056915,0.0996012,351.17783856391907,0.500275,351.4907863140106,0.50127,351.8004539012909,0.929121,351.84728932380676,40.1641
352.3301556110382,-0.073103,352.63211393356323,-0.0720367,353.2664246559143,2.01705,353.7348132133484,0.099601,354.3506817817688,0.499859,354.67189836502075,0.500846,354.97388911247253,0.928647,355.01959681510925,39.8594
355.4845128059387,-0.0730226,355.79508662223816,-0.071976,356.4079632759094,2.015853,356.8691279888153,0.0996015,357.49332332611084,0.49945,357.8052604198456,0.500429,358.1167769432068,0.928173,358.14725375175476,39.7109
358.61910796165466,-0.072945,358.94205617904663,-0.0719165,359.5451831817627,2.014648,360.022620677948,0.099602,360.632283449173,0.499048,360.9567406177521,0.500003,361.28253078460693,0.927695,361.32937598228455,39.6484
361.80408906936646,-0.0728643,362.1269962787628,-0.0718576,362.75079131126404,2.013432,363.22286796569824,0.0996017,363.83888936042786,0.498639,364.1523206233978,0.499574,364.4614646434784,0.927216,364.49745893478394,39.4844
364.9958429336548,-0.0727901,365.3009510040283,-0.0718015,365.9147353172302,2.012252,366.3824694156647,0.0996016,367.0035791397095,0.498243,367.3209066390991,0.499163,367.6324224472046,0.926743,367.6636915206909,39.3047
368.14203691482544,-0.07271,368.46405935287476,-0.0717454,369.0723068714142,2.011059,369.5299036502838,0.0996024,370.15915393829346,0.497844,370.4794726371765,0.498736,370.77561140060425,0.926283,370.8212637901306,39.3594
371.28622484207153,-0.0726326,371.6139256954193,-0.0716857,372.21546697616577,2.009887,372.6786677837372,0.0996013,373.29810786247253,0.49745,373.60293674468994,0.498331,373.9047226905823,0.92581,373.9503638744354,39.125
374.43958353996277,-0.0725594,374.7649567127228,-0.0716274,375.3698024749756,2.008702,375.84274554252625,0.099601,376.4683096408844,0.497052,376.7939987182617,0.497923,377.0895445346832,0.925347,377.1364140510559,38.9766
377.62370443344116,-0.072483,377.9389274120331,-0.0715725,378.57349491119385,2.007526,379.05587124824524,0.099601,379.67517614364624,0.496655,379.98782324790955,0.497501,380.3046016693115,0.924864,380.34607577323914,38.8828
380.82009267807007,-0.0724063,381.1472809314728,-0.0715121,381.75649785995483,2.006331,382.21444940567017,0.0996002,382.83611488342285,0.496251,383.1533193588257,0.497078,383.46538043022156,0.92438,383.4967107772827,38.7891
383.96781158447266,-0.0723326,384.29257345199585,-0.0714563,384.90069937705994,2.00515,385.36790442466736,0.0996016,385.97282791137695,0.495865,386.26940846443176,0.496675,386.57595205307007,0.923925,386.6218249797821,38.5703
387.0943503379822,-0.072256,387.4059648513794,-0.0713986,388.0193691253662,2.00397,388.4888424873352,0.0996018,389.10314202308655,0.495473,389.4263644218445,0.496246,389.7261688709259,0.923433,389.77271795272827,38.4609
390.2599980831146,-0.0721841,390.5712196826935,-0.0713439,391.2049677371979,2.002786,391.66710662841797,0.0996009,392.2948305606842,0.495082,392.61046838760376,0.495842,392.91101145744324,0.922946,392.9467775821686,38.3359
393.4477643966675,-0.0721061,393.75863909721375,-0.0712847,394.3663580417633,2.001609,394.83948826789856,0.0996009,395.44858980178833,0.494698,395.7760601043701,0.495458,396.08206152915955,0.922477,396.1234197616577,38.1953
396.6035952568054,-0.072036,396.92420172691345,-0.0712317,397.5481879711151,2.000484,398.0164797306061,0.0996016,398.6421492099762,0.494325,398.9480810165405,0.495066,399.28033328056335,0.922043,399.33067178726196,38.1016
399.8076899051666,-0.071964,400.12445163726807,-0.0711744,400.74597215652466,1.999345,401.21930384635925,0.0996012,401.8344430923462,0.493955,402.15957283973694,0.49468,402.4757833480835,0.921572,402.5067000389099,37.9375
402.99014353752136,-0.0718905,403.30874156951904,-0.0711213,403.93875074386597,1.998223,404.4163942337036,0.0996011,405.0373294353485,0.493574,405.34836864471436,0.494288,405.67539834976196,0.921105,405.7166576385498,37.8203
406.20711755752563,-0.07182,406.5387670993805,-0.0710661,407.1396312713623,1.997056,407.611882686615,0.0996014,408.2405643463135,0.493203,408.55291199684143,0.493896,408.8681170940399,0.920648,408.8991177082062,37.6719
409.38698625564575,-0.0717521,409.6978678703308,-0.0710122,410.3277609348297,1.99596,410.7854220867157,0.0996018,411.4168908596039,0.492843,411.7332673072815,0.493513,412.0559391975403,0.920175,412.10252261161804,37.6328
412.5879843235016,-0.0716787,412.9052724838257,-0.0709595,413.5351095199585,1.99485,413.98750138282776,0.0996023,414.6232101917267,0.492481,414.93787240982056,0.493144,415.24981117248535,0.91975,415.2957458496094,37.4766
415.79274725914,-0.0716095,416.1143989562988,-0.0709063,416.7445945739746,1.993756,417.21693110466003,0.0996019,417.8471622467041,0.492127,418.15881991386414,0.492758,418.47484016418457,0.919274,418.5268568992615,37.3438
418.9985411167145,-0.071541,419.3149788379669,-0.0708586,419.94068002700806,1.992673,420.40797567367554,0.0996024,421.02627182006836,0.491775,421.3441185951233,0.492384,421.67004919052124,0.918825,421.7103953361511,37.2266
422.1979022026062,-0.0714727,422.5069885253906,-0.0708054,423.1377942562103,1.991563,423.6051826477051,0.0996016,424.23152780532837,0.49142,424.5365660190582,0.492014,424.84641098976135,0.918382,424.88671135902405,37.1016
425.36370158195496,-0.0714045,425.67637062072754,-0.0707546,426.30420303344727,1.990504,426.7711319923401,0.0996026,427.39118909835815,0.491066,427.7134516239166,0.491659,428.03522849082947,0.917946,428.0747866630554,37.0156
428.54787969589233,-0.0713376,428.8682293891907,-0.0707024,429.4828910827637,1.989426,429.950820684433,0.0996023,430.5745747089386,0.490716,430.8940851688385,0.49129,431.2165083885193,0.9175,431.2477505207062,36.9453
431.74171590805054,-0.0712685,432.06645345687866,-0.0706518,432.69118571281433,1.988335,433.1530041694641,0.0996024,433.78082942962646,0.490367,434.0858254432678,0.490917,434.41363191604614,0.917026,434.45396661758423,36.75
434.9466464519501,-0.0711996,435.2609133720398,-0.0706016,435.8896565437317,1.987279,436.3511016368866,0.0996013,436.98031640052795,0.490017,437.29009437561035,0.490559,437.61129331588745,0.916623,437.65189266204834,36.5938
438.12680768966675,-0.0711357,438.43775177001953,-0.0705489,439.0704197883606,1.986183,439.52207231521606,0.0996015,440.1533751487732,0.489668,440.4692716598511,0.490196,440.80023741722107,0.916185,440.84053897857666,36.5625
441.322261095047,-0.0710703,441.63705921173096,-0.0704987,442.27160000801086,1.985126,442.73325181007385,0.0996008,443.3579294681549,0.489319,443.67527079582214,0.489835,443.9798991680145,0.915767,444.01581954956055,36.4297
444.50825095176697,-0.0710022,444.82338070869446,-0.0704471,445.42792224884033,1.984052,445.90218591690063,0.0996015,446.53068590164185,0.488973,446.8551068305969,0.489472,447.1740598678589,0.915302,447.2097661495209,36.3438
447.69258999824524,-0.0709325,447.9974546432495,-0.0703961,448.6296133995056,1.982975,449.0987141132355,0.0996014,449.7146065235138,0.48863,450.0415062904358,0.489112,450.3484251499176,0.91486,450.3894910812378,36.2344
450.87161016464233,-0.0708658,451.18825006484985,-0.0703474,451.80070328712463,1.981958,452.25881457328796,0.0996007,452.8822326660156,0.488294,453.19794034957886,0.488757,453.5288064479828,0.914444,453.5693302154541,36.1016
454.0354964733124,-0.070808,454.34676599502563,-0.070301,454.98521280288696,1.980911,455.45350408554077,0.0996017,456.08758997917175,0.487956,456.39408707618713,0.488389,456.72126960754395,0.913986,456.78193759918213,35.9844
457.25060296058655,-0.0707442,457.56198930740356,-0.0702502,458.1880831718445,1.97988,458.66181540489197,0.0996011,459.28135228157043,0.487629,459.60080432891846,0.488052,459.92701983451843,0.913559,459.95264768600464,35.8906
460.4350998401642,-0.0706806,460.7593152523041,-0.0702052,461.3741714954376,1.97886,461.860800743103,0.0996019,462.4803864955902,0.487311,462.7966272830963,0.487727,463.12308955192566,0.913179,463.1589798927307,35.7969
463.6218469142914,-0.0706191,463.9518005847931,-0.0701583,464.57000494003296,1.977926,465.0541112422943,0.0996026,465.6848990917206,0.486986,465.99655318260193,0.487399,466.32375288009644,0.912758,466.3596487045288,35.75
466.84024691581726,-0.070562,467.15775322914124,-0.0701098,467.7964494228363,1.976907,468.24876046180725,0.0996011,468.86827087402344,0.486667,469.168616771698,0.487046,469.473699092865,0.912376,469.5097031593323,35.625
469.985479593277,-0.0705032,470.2967483997345,-0.0700645,470.92576909065247,1.975906,471.40858817100525,0.0996013,472.0338146686554,0.486355,472.34599924087524,0.486725,472.65970277786255,0.911949,472.7066538333893,35.5391
473.2002546787262,-0.0704418,473.51185369491577,-0.0700192,474.12180757522583,1.974926,474.5854539871216,0.0996026,475.2095236778259,0.486032,475.5354790687561,0.486403,475.8533265590668,0.911557,475.8938162326813,35.3594
476.35752630233765,-0.0703809,476.678528547287,-0.0699691,477.31392908096313,1.973974,477.7910330295563,0.0996035,478.41137433052063,0.485716,478.7232332229614,0.48606,479.0474224090576,0.91114,479.0831573009491,35.3438
479.5576763153076,-0.0703197,479.8789253234863,-0.0699232,480.5080358982086,1.972965,480.98086524009705,0.0996019,481.60077452659607,0.48539,481.93336725234985,0.485721,482.2368302345276,0.910724,482.29279947280884,35.2109
482.7763204574585,-0.0702626,483.09400033950806,-0.0698758,483.7151463031769,1.971965,484.19291591644287,0.0996021,484.820702791214,0.485072,485.13737416267395,0.485377,485.46479082107544,0.910328,485.5012397766113,35.0469
485.98926067352295,-0.0702009,486.31099700927734,-0.0698302,486.92997908592224,1.970977,487.41399002075195,0.0996028,488.0346179008484,0.484755,488.35654282569885,0.485074,488.67888283729553,0.90989,488.71935653686523,35.0469
489.20229625701904,-0.0701391,489.52494382858276,-0.0697831,490.13327050209045,1.969988,490.6023623943329,0.0996019,491.2161147594452,0.484441,491.53743028640747,0.484737,491.84240913391113,0.909507,491.88284850120544,34.9063
492.35414028167725,-0.0700795,492.6768980026245,-0.069737,493.2844295501709,1.96903,493.7423572540283,0.0996016,494.35636258125305,0.484135,494.6563699245453,0.484426,494.9567995071411,0.909121,495.00258326530457,34.8125
495.4738380908966,-0.0700268,495.7912199497223,-0.0696951,496.404328584671,1.968061,496.864985704422,0.0996027,497.47019958496094,0.48383,497.7668740749359,0.484113,498.0831389427185,0.908723,498.1236460208893,34.7109
498.62665939331055,-0.0699694,498.94588899612427,-0.0696513,499.5533878803253,1.96713,500.0210847854614,0.0996015,500.6251766681671,0.483528,500.92516589164734,0.483796,501.23459029197693,0.908316,501.2647514343262,34.6484
501.7613112926483,-0.0699108,502.0805251598358,-0.0696083,502.69101214408875,1.966217,503.14867520332336,0.0996024,503.7633910179138,0.483238,504.07951259613037,0.483493,504.3805663585663,0.907949,504.4163088798523,34.5078
504.8995668888092,-0.0698598,505.21528601646423,-0.0695656,505.82239389419556,1.965316,506.2772784233093,0.0996018,506.9132194519043,0.482941,507.22523045539856,0.483187,507.5422570705414,0.907569,507.582567691803,34.4063
508.0667304992676,-0.0697998,508.37842440605164,-0.0695219,509.0043103694916,1.964393,509.46704602241516,0.0996009,510.097754240036,0.482651,510.4044840335846,0.482861,510.7117877006531,0.907162,510.74748516082764,34.3906
511.219366312027,-0.0697474,511.5469903945923,-0.0694801,512.173091173172,1.963441,512.6388630867004,0.0996025,513.258275270462,0.482351,513.5588667392731,0.482569,513.8650102615356,0.906782,513.8969676494598,34.2578
514.3944659233093,-0.06969,514.7012598514557,-0.0694375,515.3230650424957,1.962524,515.8066651821136,0.0996024,516.4212741851807,0.482065,516.7271721363068,0.482268,517.0280196666718,0.906396,517.0592653751373,34.1563
517.5390028953552,-0.0696345,517.86203956604,-0.0693959,518.4737815856934,1.961627,518.929559469223,0.0996021,519.5484457015991,0.481783,519.8478922843933,0.481975,520.1543459892273,0.906012,520.1845262050629,34.0391
520.6788306236267,-0.0695837,520.9984948635101,-0.0693548,521.6193037033081,1.960743,522.0859935283661,0.0996023,522.6951959133148,0.481495,523.0004725456238,0.481688,523.2899398803711,0.905656,523.331182718277,34.0156
523.8095529079437,-0.0695296,524.1237418651581,-0.0693132,524.742635011673,1.959866,525.2111723423004,0.0996023,525.8090674877167,0.481217,526.1137199401855,0.48139,526.4146308898926,0.905294,526.457332611084,33.8672
526.9400250911713,-0.0694769,527.2577171325684,-0.0692709,527.8764526844025,1.958986,528.3383748531342,0.0996022,528.9413628578186,0.480939,529.2475275993347,0.48109,529.5579464435577,0.904926,529.5882577896118,33.7344
530.0675287246704,-0.0694262,530.384996175766,-0.0692313,530.9915115833282,1.958119,531.4543673992157,0.0996019,532.0874412059784,0.480659,532.3997151851654,0.480809,532.7009098529816,0.904526,532.7413384914398,33.6719
533.2186806201935,-0.0693716,533.5404686927795,-0.0691926,534.1595993041992,1.957251,534.626944065094,0.0996019,535.2457368373871,0.480387,535.5646793842316,0.480503,535.8842134475708,0.90418,535.916093826294,33.6094
536.4024713039398,-0.0693197,536.7100358009338,-0.0691521,537.3283240795135,1.956364,537.7863276004791,0.0996015,538.419661283493,0.480111,538.7363653182983,0.480228,539.0433554649353,0.903837,539.0635466575623,33.5547
539.5481970310211,-0.0692677,539.870272397995,-0.0691094,540.4830806255341,1.95549,540.9462285041809,0.0996017,541.5662372112274,0.47983,541.8595101833344,0.479947,542.1694777011871,0.90347,542.2051916122437,33.4609
542.7029609680176,-0.0692205,543.018435716629,-0.0690701,543.6314764022827,1.954644,544.0949206352234,0.0996027,544.7166831493378,0.479561,545.018082857132,0.479662,545.3190414905548,0.90311,545.364846944809,33.3281
545.8389272689819,-0.0691672,546.1446180343628,-0.0690299,546.7652456760406,1.953784,547.2281351089478,0.0996032,547.8475267887115,0.479288,548.1541240215302,0.479378,548.460113286972,0.902718,548.4914240837097,33.2578
548.961906671524,-0.0691146,549.2894835472107,-0.0689933,549.9037580490112,1.952934,550.3648552894592,0.0996024,550.9764957427979,0.479026,551.2890470027924,0.479102,551.5822999477386,0.902376,551.6338694095612,33.1719
552.0982100963593,-0.069063,552.4264948368073,-0.0689537,553.0269057750702,1.952116,553.495801448822,0.0996011,554.102283000946,0.478764,554.4099707603455,0.478827,554.7102055549622,0.902023,554.7411279678345,33.1328
555.224559545517,-0.06902,555.5448954105377,-0.0689156,556.1675527095795,1.951294,556.6352672576904,0.099602,557.2562642097473,0.478509,557.556075334549,0.478568,557.8557987213135,0.901681,557.887044429779,33.0625
558.3776566982269,-0.0689699,558.6931252479553,-0.0688792,559.3054091930389,1.950461,559.7582440376282,0.099602,560.3853690624237,0.478253,560.6912360191345,0.478303,560.9903905391693,0.901364,561.0216360092163,32.9297
561.5105142593384,-0.0689214,561.8212246894836,-0.0688435,562.4512279033661,1.949699,562.9089920520782,0.0996026,563.5385043621063,0.478008,563.854647397995,0.478043,564.1770927906036,0.901037,564.217440366745,32.8203
564.7138798236847,-0.0688755,565.022474527359,-0.068804,565.6355674266815,1.948888,566.0998363494873,0.0996017,566.7058851718903,0.47776,567.0099258422852,0.477775,567.3192827701569,0.900677,567.3450350761414,32.8594
567.8284916877747,-0.0688296,568.139580488205,-0.0687709,568.7543897628784,1.948133,569.2051696777344,0.0996024,569.8211753368378,0.47752,570.1288516521454,0.477535,570.4196863174438,0.90036,570.4611165523529,32.7422
570.9363963603973,-0.0687849,571.2537841796875,-0.0687338,571.8834726810455,1.947367,572.3827364444733,0.0996037,573.0075325965881,0.477273,573.3240497112274,0.477282,573.62540102005,0.900035,573.6667110919952,32.6094
574.1393871307373,-0.0687408,574.4562170505524,-0.0687003,575.0714118480682,1.94658,575.5310842990875,0.0996032,576.1344285011292,0.477044,576.4414527416229,0.477038,576.7482936382294,0.899701,576.784117937088,32.5859
577.2675278186798,-0.0686931,577.5743250846863,-0.0686658,578.2007219791412,1.945836,578.6750957965851,0.0996029,579.2926833629608,0.476805,579.6139979362488,0.47679,579.9130086898804,0.899378,579.9487292766571,32.5469
580.4313721656799,-0.0686494,580.7368361949921,-0.0686304,581.3511304855347,1.945061,581.8180813789368,0.0996022,582.4256677627563,0.476563,582.7226195335388,0.476539,583.0236549377441,0.899076,583.070389509201,32.375
583.5444333553314,-0.0686063,583.8548095226288,-0.0685995,584.4917385578156,1.944308,584.9533493518829,0.0996022,585.5781843662262,0.476328,585.8970994949341,0.476292,586.2133145332336,0.898758,586.2444338798523,32.3516
586.7281470298767,-0.0685613,587.0476770401001,-0.0685612,587.6740553379059,1.943561,588.1307551860809,0.0996029,588.7467956542969,0.476096,589.046064376831,0.476044,589.3468086719513,0.898451,589.377744436264,32.2188
589.8619914054871,-0.0685199,590.1748461723328,-0.0685275,590.8071401119232,1.942833,591.2643237113953,0.0996009,591.8849141597748,0.475862,592.202255487442,0.475817,592.5031116008759,0.89814,592.5443644523621,32.2422
593.037458896637,-0.0684764,593.3452479839325,-0.0684965,593.9598710536957,1.942121,594.4178664684296,0.0996025,595.043276309967,0.475637,595.3638687133789,0.475566,595.6755485534668,0.897827,595.7367577552795,32.1172
596.2065672874451,-0.0684363,596.5354223251343,-0.0684613,597.1468958854675,1.941382,597.6126523017883,0.0996012,598.231436252594,0.475417,598.5264744758606,0.47535,598.8321170806885,0.89752,598.8733661174774,32.1016
599.3396129608154,-0.0683908,599.6610605716705,-0.0684292,600.2946639060974,1.940682,600.7535307407379,0.0996029,601.380898475647,0.47519,601.6980111598969,0.475117,602.012060880661,0.897205,602.0558528900146,31.9453
602.5305709838867,-0.0683522,602.846177816391,-0.0683961,603.453111410141,1.939982,603.9089255332947,0.0996023,604.5490181446075,0.474969,604.8640851974487,0.474877,605.1709318161011,0.896922,605.1974382400513,31.9688
605.6867351531982,-0.0683132,606.0034282207489,-0.0683632,606.6232604980469,1.93926,607.0946142673492,0.0996032,607.7105929851532,0.474751,608.0313336849213,0.474659,608.3258054256439,0.896623,608.3570511341095,31.7734
608.8451850414276,-0.0682713,609.1554408073425,-0.0683281,609.7736532688141,1.938543,610.2407655715942,0.099602,610.8500962257385,0.474528,611.1666834354401,0.474428,611.4866199493408,0.896307,611.516898393631,31.8047
611.9964909553528,-0.0682267,612.3071732521057,-0.0682983,612.9466123580933,1.93786,613.4047019481659,0.0996025,614.0293772220612,0.474308,614.3420252799988,0.474183,614.6650493144989,0.896011,614.6953682899475,31.6641
615.1844210624695,-0.0681859,615.5013120174408,-0.0682656,616.1132967472076,1.937143,616.574539899826,0.0996028,617.1927995681763,0.474089,617.5047035217285,0.473965,617.8206179141998,0.895712,617.8509707450867,31.625
618.3201348781586,-0.0681476,618.6518080234528,-0.0682348,619.2598261833191,1.936425,619.7221095561981,0.0996022,620.35791015625,0.473869,620.6601514816284,0.473747,620.9855716228485,0.895398,621.016847372055,31.6016
621.4896585941315,-0.0681064,621.816957950592,-0.068202,622.4267485141754,1.935727,622.8949284553528,0.0996028,623.5119421482086,0.473653,623.8073606491089,0.473508,624.1184692382812,0.895123,624.1493618488312,31.4766
624.6322841644287,-0.0680678,624.9539890289307,-0.068171,625.5631716251373,1.93505,626.018073797226,0.099603,626.6482417583466,0.473445,626.9652638435364,0.4733,627.266464471817,0.894818,627.2920913696289,31.4766
627.7851996421814,-0.068025,628.1030139923096,-0.0681398,628.7240786552429,1.934398,629.1918616294861,0.099602,629.8186967372894,0.473236,630.1338746547699,0.473087,630.449590921402,0.894536,630.4898822307587,31.4141
630.9639897346497,-0.0679893,631.2765798568726,-0.0681099,631.8899765014648,1.933732,632.3519995212555,0.0996024,632.9661543369293,0.473032,633.2563180923462,0.472876,633.5731711387634,0.894262,633.6089384555817,31.3594
634.0866317749023,-0.0679494,634.40189909935,-0.0680811,635.0111863613129,1.933069,635.475093126297,0.0996023,636.0969979763031,0.472832,636.4233860969543,0.472659,636.7337472438812,0.893974,636.7740321159363,31.3125
637.2488491535187,-0.0679127,637.5591411590576,-0.0680515,638.1702425479889,1.93241,638.6467525959015,0.0996027,639.2670905590057,0.472631,639.582834482193,0.472445,639.888884305954,0.893686,639.9191949367523,31.2578
640.4028272628784,-0.0678782,640.7166168689728,-0.0680231,641.3296821117401,1.931787,641.7950236797333,0.0996027,642.4184191226959,0.472429,642.7364401817322,0.47225,643.0373282432556,0.893418,643.0682229995728,31.1484
643.5673542022705,-0.0678382,643.8791036605835,-0.0679924,644.49755692482,1.931137,644.9675731658936,0.0996028,645.6019365787506,0.472229,645.9129786491394,0.472045,646.2259895801544,0.893154,646.2572305202484,31.0469
646.735933303833,-0.0678055,647.0514974594116,-0.0679663,647.6622424125671,1.93048,648.1308107376099,0.099602,648.7497837543488,0.472031,649.0642786026001,0.471827,649.374579668045,0.892883,649.4058203697205,31.0234
649.8984522819519,-0.0677655,650.2188036441803,-0.0679364,650.8437168598175,1.929843,651.30703997612,0.0996023,651.9254057407379,0.471827,652.2414336204529,0.47162,652.5687897205353,0.89261,652.6145713329315,30.9063
653.081841468811,-0.0677291,653.3892421722412,-0.0679042,653.9993596076965,1.929183,654.4565343856812,0.0996027,655.0826117992401,0.471622,655.3989608287811,0.471417,655.7254710197449,0.892307,655.7667217254639,30.8594
656.2549328804016,-0.0676898,656.5648036003113,-0.067877,657.1934266090393,1.928547,657.6596548557281,0.0996026,658.2745535373688,0.471429,658.5915803909302,0.471205,658.8925497531891,0.892032,658.9382467269897,30.8359
659.4265587329865,-0.0676539,659.7523128986359,-0.0678477,660.3569478988647,1.927893,660.8184175491333,0.0996028,661.4480662345886,0.471229,661.7671921253204,0.470965,662.0739915370941,0.891757,662.105232000351,30.7266
662.5984859466553,-0.0676173,662.9212713241577,-0.0678161,663.5435473918915,1.927241,664.006893157959,0.0996019,664.6275424957275,0.471031,664.9496397972107,0.470773,665.2656805515289,0.89147,665.3125221729279,30.6328
665.7958688735962,-0.0675779,666.1121737957001,-0.0677902,666.722024679184,1.926618,667.1897914409637,0.0996025,667.8092894554138,0.470837,668.105329990387,0.470591,668.4266178607941,0.891209,668.4578580856323,30.6328
668.9502766132355,-0.0675397,669.2674601078033,-0.0677639,669.8806767463684,1.926017,670.3416602611542,0.099603,670.9600813388824,0.470654,671.2566604614258,0.470402,671.5705103874207,0.890957,671.6018524169922,30.6016
672.0795729160309,-0.0675077,672.4059889316559,-0.0677366,673.0567309856415,1.925417,673.5226113796234,0.099602,674.141565322876,0.470469,674.451819896698,0.47021,674.7501077651978,0.890715,674.78972697258,30.5313
675.2622654438019,-0.0674776,675.5880858898163,-0.0677072,676.2114021778107,1.924825,676.6849718093872,0.0996024,677.3059928417206,0.470282,677.6310467720032,0.46999,677.936398267746,0.890443,677.9667656421661,30.4844
678.4452369213104,-0.0674416,678.7652626037598,-0.0676794,679.3792526721954,1.924233,679.8414797782898,0.0996015,680.4730479717255,0.4701,680.7728314399719,0.469829,681.083428144455,0.890195,681.119193315506,30.3125
681.59987616539,-0.0674076,681.9220290184021,-0.0676547,682.533370256424,1.923633,682.9912900924683,0.0996013,683.6171374320984,0.469921,683.9335429668427,0.469621,684.234671831131,0.889927,684.2805271148682,30.2656
684.7681822776794,-0.0673734,685.085218667984,-0.0676273,685.699079990387,1.923026,686.1567440032959,0.099602,686.7775597572327,0.469737,687.1023409366608,0.469436,687.4181509017944,0.889678,687.4483938217163,30.2656
687.931990146637,-0.0673381,688.254287481308,-0.0676012,688.849287033081,1.922449,689.3225781917572,0.0996018,689.936154127121,0.469554,690.2527186870575,0.469263,690.5523698329926,0.889424,690.5827434062958,30.1406
691.0696532726288,-0.0673033,691.3811628818512,-0.067576,692.0147054195404,1.921872,692.465765953064,0.099602,693.0997045040131,0.469376,693.4158494472504,0.469065,693.7212176322937,0.889187,693.7514410018921,30.1484
694.2368428707123,-0.0672747,694.5467221736908,-0.067548,695.1595225334167,1.921269,695.6299226284027,0.0996031,696.250566482544,0.469198,696.5670042037964,0.46889,696.8685874938965,0.888901,696.9200458526611,30.1719
697.4035544395447,-0.0672379,697.7115702629089,-0.0675188,698.3301069736481,1.920696,698.7910304069519,0.099603,699.4134476184845,0.46902,699.7346889972687,0.468705,700.0531923770905,0.888661,700.0841972827911,29.9844
700.5659239292145,-0.0672038,700.8867611885071,-0.0674942,701.4963512420654,1.920113,701.959614276886,0.099602,702.594516992569,0.468833,702.896858215332,0.468518,703.1915910243988,0.888411,703.2330141067505,29.9844
703.7228639125824,-0.0671722,704.0322787761688,-0.0674675,704.6587815284729,1.919517,705.125376701355,0.0996026,705.7544283866882,0.468659,706.0692663192749,0.468311,706.3657321929932,0.888163,706.3970630168915,29.9375
706.8848714828491,-0.06714,707.1812033653259,-0.0674413,707.7961740493774,1.918966,708.263590335846,0.0996026,708.8583605289459,0.468486,709.1703238487244,0.468136,709.4718585014343,0.887915,709.5022704601288,29.8984
709.9856400489807,-0.0671087,710.2973403930664,-0.0674168,710.9164793491364,1.918407,711.3732283115387,0.0996024,711.977254152298,0.468321,712.277482509613,0.467978,712.5850174427032,0.88768,712.6207556724548,29.8203
713.1001932621002,-0.0670756,713.4113380908966,-0.0673915,714.0281789302826,1.917881,714.5009951591492,0.0996031,715.1039879322052,0.468155,715.4032537937164,0.467807,715.7002396583557,0.887448,715.7460856437683,29.8438
716.2234170436859,-0.0670465,716.5365645885468,-0.0673687,717.1519384384155,1.91734,717.6163923740387,0.0996024,718.225709438324,0.467988,718.5214593410492,0.467635,718.8308203220367,0.887232,718.8620955944061,29.7422
719.3357536792755,-0.0670139,719.6629495620728,-0.067347,720.2694129943848,1.9168,720.7357695102692,0.0996028,721.3431513309479,0.46783,721.6390688419342,0.467448,721.9445469379425,0.886992,721.9747974872589,29.6484
722.4558317661285,-0.0669837,722.7728834152222,-0.0673239,723.380660533905,1.916297,723.8486020565033,0.0996037,724.4538834095001,0.467666,724.7750833034515,0.467309,725.070375919342,0.886769,725.1016497612,29.6016
725.5903577804565,-0.0669571,725.8885333538055,-0.0673012,726.5024256706238,1.915778,726.970901966095,0.0996034,727.5747759342194,0.467514,727.8819222450256,0.467143,728.1837830543518,0.88655,728.2092735767365,29.5781
728.6916835308075,-0.0669299,728.9969663619995,-0.0672769,729.5960731506348,1.915282,730.0683999061584,0.0996027,730.6819789409637,0.467365,730.9817469120026,0.46699,731.2783215045929,0.886359,731.3196077346802,29.5547
731.7884821891785,-0.0669025,732.100724697113,-0.0672556,732.7026374340057,1.914802,733.1716065406799,0.0996031,733.790985584259,0.467216,734.1088891029358,0.466832,734.4255735874176,0.886133,734.4658768177032,29.4609
734.9360733032227,-0.0668767,735.2504918575287,-0.0672326,735.8588330745697,1.914302,736.3309650421143,0.099604,736.9385867118835,0.467061,737.2327470779419,0.466657,737.5394043922424,0.885926,737.5699515342712,29.4141
738.0555050373077,-0.0668489,738.3673911094666,-0.0672129,738.9805147647858,1.913811,739.4422130584717,0.0996028,740.0511615276337,0.466915,740.3471622467041,0.46653,740.6582298278809,0.88572,740.6885123252869,29.3984
741.1714608669281,-0.0668209,741.4834654331207,-0.0671919,742.0937209129333,1.913349,742.5655031204224,0.0996038,743.1638708114624,0.466769,743.4705135822296,0.466374,743.7791390419006,0.885489,743.810980796814,29.3281
744.2882544994354,-0.066789,744.6046636104584,-0.0671695,745.2179284095764,1.912849,745.6846661567688,0.099603,746.2877767086029,0.466624,746.5887322425842,0.466214,746.8929827213287,0.885291,746.9187235832214,29.2813
747.3960037231445,-0.0667636,747.7138540744781,-0.0671473,748.3176438808441,1.912379,748.790834903717,0.0996037,749.41011095047,0.466475,749.7041687965393,0.46605,750.0050175189972,0.885097,750.0359175205231,29.2422
750.527215719223,-0.0667399,750.831062078476,-0.0671269,751.4382934570312,1.911919,751.9010105133057,0.0996035,752.5031554698944,0.466329,752.8163208961487,0.465895,753.1136586666107,0.884878,753.1549091339111,29.1875
753.6357982158661,-0.0667113,753.9318454265594,-0.0671051,754.5366308689117,1.911402,755.0058784484863,0.0996029,755.6156830787659,0.466177,755.9171898365021,0.465747,756.2148451805115,0.884675,756.255143404007,29.125
756.7340173721313,-0.0666865,757.0451765060425,-0.067084,757.6604180335999,1.910927,758.1276850700378,0.0996034,758.7468886375427,0.466037,759.0507781505585,0.465612,759.3465945720673,0.884441,759.3823924064636,29.1172
759.8689723014832,-0.066657,760.1895878314972,-0.0670621,760.7944929599762,1.910436,761.2569932937622,0.0996037,761.8729977607727,0.465888,762.1663861274719,0.465453,762.4627482891083,0.884245,762.5095772743225,29.1172
762.9891269207001,-0.0666271,763.3065767288208,-0.0670387,763.9170243740082,1.909987,764.3693513870239,0.0996036,764.9793915748596,0.465745,765.2907514572144,0.465299,765.5867173671722,0.884048,765.626978635788,29.0234
766.1146018505096,-0.0666055,766.4352006912231,-0.0670192,767.0443065166473,1.909517,767.5065608024597,0.0996032,768.1173801422119,0.465602,768.4228980541229,0.465167,768.7242701053619,0.883848,768.7545650005341,28.9609
769.2429685592651,-0.0665797,769.5525014400482,-0.0669985,770.1633622646332,1.909055,770.6264991760254,0.0996027,771.2426421642303,0.465468,771.5384051799774,0.465021,771.843768119812,0.883621,771.8741824626923,28.9219
772.3538815975189,-0.0665489,772.6798491477966,-0.0669797,773.3043904304504,1.908596,773.7618405818939,0.0996032,774.376622915268,0.465327,774.6727013587952,0.464865,774.9748909473419,0.883432,775.0050797462463,28.8672
775.4942934513092,-0.0665245,775.810789346695,-0.0669589,776.4242784976959,1.908129,776.8865623474121,0.0996029,777.4953458309174,0.465184,777.7916178703308,0.464713,778.0929274559021,0.883238,778.1286709308624,28.7969
778.608090877533,-0.0665015,778.9084794521332,-0.0669396,779.5159320831299,1.907696,779.9855349063873,0.0996036,780.5970087051392,0.465049,780.8971886634827,0.464584,781.1932213306427,0.883055,781.2241644859314,28.7734
781.734815120697,-0.0664761,782.0460920333862,-0.0669187,782.6546788215637,1.907232,783.1107149124146,0.099603,783.7223525047302,0.464915,784.0326771736145,0.464449,784.3361716270447,0.882873,784.3674085140228,28.7266
784.8457310199738,-0.0664512,785.1671369075775,-0.0668984,785.7726011276245,1.906799,786.2342207431793,0.099603,786.8470749855042,0.46478,787.153856754303,0.464307,787.4547052383423,0.882671,787.4907793998718,28.6953
787.9627668857574,-0.0664282,788.2867901325226,-0.066879,788.9032514095306,1.90635,789.3763270378113,0.0996027,789.9851806163788,0.464639,790.2812340259552,0.464164,790.5772721767426,0.882473,790.613219499588,28.6953
791.1063058376312,-0.0664002,791.4177317619324,-0.0668584,792.0322873592377,1.905929,792.4938414096832,0.0996034,793.0974333286285,0.464513,793.397625207901,0.464031,793.710310459137,0.882294,793.7304677963257,28.6719
794.2250754833221,-0.0663765,794.5307714939117,-0.0668416,795.143119096756,1.905504,795.6158695220947,0.0996039,796.2198097705841,0.464388,796.5218875408173,0.463897,796.822005033493,0.882119,796.863317489624,28.6172
797.3417646884918,-0.0663524,797.6580610275269,-0.0668217,798.2541394233704,1.905079,798.7260308265686,0.0996036,799.3379542827606,0.464256,799.6446778774261,0.463762,799.945892572403,0.881921,799.9816439151764,28.5781
800.4946556091309,-0.0663293,800.8103942871094,-0.0668043,801.4172887802124,1.904629,801.8806264400482,0.0996034,802.485645532608,0.464121,802.7918798923492,0.463616,803.0882194042206,0.881733,803.1195869445801,28.5547
803.6116917133331,-0.0663063,803.9229147434235,-0.0667836,804.5339789390564,1.904186,805.0004255771637,0.0996039,805.6416363716125,0.463983,805.9418022632599,0.463474,806.2385716438293,0.88154,806.2698135375977,28.5
806.7632281780243,-0.0662799,807.0761053562164,-0.0667623,807.6877958774567,1.903755,808.1455321311951,0.0996037,808.7606883049011,0.463854,809.0517151355743,0.463339,809.3644621372223,0.881348,809.3903801441193,28.4375
809.871808052063,-0.0662555,810.1788375377655,-0.066745,810.7926051616669,1.903351,811.2442634105682,0.0996041,811.8691565990448,0.463729,812.1816082000732,0.46322,812.4770541191101,0.881187,812.508024930954,28.3281
812.9968297481537,-0.0662372,813.3171367645264,-0.0667265,813.9152035713196,1.902936,814.3888788223267,0.0996039,814.998204946518,0.463604,815.2947118282318,0.463088,815.5909979343414,0.881004,815.632497549057,28.3281
816.101823091507,-0.0662101,816.4328393936157,-0.0667089,817.0373933315277,1.902532,817.5053081512451,0.099604,818.1153597831726,0.463486,818.41086602211,0.462961,818.7179236412048,0.880831,818.7582824230194,28.3203
819.2331454753876,-0.0661912,819.5334935188293,-0.0666903,820.1419785022736,1.902136,820.605153799057,0.0996035,821.2181069850922,0.463363,821.5150454044342,0.462834,821.8194737434387,0.880653,821.8598999977112,28.2734
822.3355560302734,-0.0661667,822.6529355049133,-0.0666724,823.2630658149719,1.90172,823.7255990505219,0.099603,824.3298106193542,0.463239,824.6408615112305,0.462699,824.9370741844177,0.880461,824.9728832244873,28.2109
825.4535474777222,-0.0661465,825.7708125114441,-0.0666595,826.387542963028,1.901323,826.8502132892609,0.0996022,827.4550349712372,0.463118,827.7569599151611,0.462583,828.0545947551727,0.880282,828.0849316120148,28.2344
828.5719470977783,-0.0661262,828.8835382461548,-0.0666389,829.5019040107727,1.900937,829.9640657901764,0.099603,830.5723009109497,0.462996,830.8773982524872,0.462459,831.1780631542206,0.880123,831.2117273807526,28.1641
831.6752495765686,-0.0661032,831.9920663833618,-0.0666238,832.6248288154602,1.900527,833.0825898647308,0.0996032,833.6879880428314,0.462868,833.9932336807251,0.462329,834.2979159355164,0.879956,834.3180983066559,28.1484
834.8014404773712,-0.0660752,835.1272563934326,-0.0666019,835.7301549911499,1.900124,836.2040278911591,0.0996039,836.842661857605,0.462749,837.1531465053558,0.462199,837.4560804367065,0.879768,837.4870517253876,28.1172
837.9756853580475,-0.0660514,838.2975406646729,-0.0665839,838.9026625156403,1.899716,839.3598573207855,0.0996031,839.9726045131683,0.462632,840.2757747173309,0.462074,840.5828394889832,0.879587,840.6131374835968,28.1016
841.0929100513458,-0.0660285,841.4092555046082,-0.0665688,842.01349401474,1.899328,842.4920151233673,0.0996035,843.0961060523987,0.46251,843.3863871097565,0.461949,843.7022564411163,0.87943,843.7326128482819,27.9844
844.2099852561951,-0.0660113,844.5273292064667,-0.0665459,845.141279220581,1.898928,845.5963611602783,0.0996037,846.2141227722168,0.462389,846.5142176151276,0.461812,846.8145229816437,0.879264,846.8503613471985,27.9688
847.3242750167847,-0.0659938,847.6445615291595,-0.0665286,848.2646751403809,1.898568,848.7277598381042,0.0996041,849.3288681507111,0.462276,849.6318318843842,0.461718,849.9322648048401,0.879095,849.9736115932465,27.9844
850.4461300373077,-0.0659717,850.7665481567383,-0.0665116,851.3774566650391,1.898189,851.8439836502075,0.0996042,852.4477252960205,0.462165,852.7489836215973,0.461604,853.0552430152893,0.878937,853.0863585472107,27.875
853.5678038597107,-0.0659475,853.8796424865723,-0.0664967,854.4941236972809,1.897815,854.9574904441833,0.0996033,855.5738492012024,0.462055,855.8687520027161,0.461484,856.1742558479309,0.878758,856.2057240009308,27.8281
856.6929786205292,-0.0659276,856.992250919342,-0.0664797,857.5982105731964,1.897448,858.0645132064819,0.0996048,858.6909294128418,0.461946,858.991352558136,0.461356,859.2903616428375,0.87861,859.3205907344818,27.8672
859.8296859264374,-0.0659091,860.1537508964539,-0.0664638,860.7680103778839,1.897065,861.2259812355042,0.0996031,861.8416950702667,0.461828,862.1384136676788,0.461252,862.4333555698395,0.878442,862.4904460906982,27.7734
862.9630115032196,-0.0658829,863.2751140594482,-0.0664469,863.9048368930817,1.896704,864.3649990558624,0.099604,864.9741680622101,0.46172,865.2729930877686,0.461124,865.5685241222382,0.878295,865.6044497489929,27.7813
866.097407579422,-0.0658669,866.4087080955505,-0.066432,867.0247247219086,1.896351,867.4804439544678,0.0996041,868.0840139389038,0.461605,868.3842153549194,0.461002,868.7000200748444,0.878138,868.7278225421906,27.8203
869.2108356952667,-0.0658478,869.5375621318817,-0.0664161,870.156690120697,1.895976,870.6226582527161,0.0996046,871.2619671821594,0.461494,871.5591938495636,0.460901,871.8606634140015,0.877983,871.8915557861328,27.75
872.377275466919,-0.0658277,872.6915361881256,-0.0664,873.2968626022339,1.895622,873.7711012363434,0.0996037,874.3696365356445,0.461383,874.6704540252686,0.460771,874.9831159114838,0.877817,875.0141279697418,27.6484
875.4971146583557,-0.0658123,875.8147280216217,-0.0663819,876.4159317016602,1.895267,876.8830528259277,0.0996029,877.4930508136749,0.461277,877.7927918434143,0.460681,878.095945596695,0.877663,878.1400883197784,27.6484
878.6088755130768,-0.0657886,878.9346520900726,-0.0663666,879.5368123054504,1.894899,880.0031871795654,0.0996036,880.6177716255188,0.461171,880.907806634903,0.460563,881.2200984954834,0.877498,881.2513387203217,27.6406
881.7290143966675,-0.0657685,882.0539863109589,-0.0663543,882.6555941104889,1.894536,883.1270830631256,0.0996028,883.7268452644348,0.461065,884.0376589298248,0.460459,884.3295574188232,0.877342,884.360668182373,27.5469
884.8450744152069,-0.0657499,885.1652357578278,-0.0663373,885.7911956310272,1.894191,886.257556438446,0.0996035,886.8709807395935,0.460957,887.1570239067078,0.460355,887.4713623523712,0.877206,887.5024793148041,27.5313
887.9843175411224,-0.065733,888.3025124073029,-0.0663249,888.9130973815918,1.89386,889.3790605068207,0.0996036,889.9941651821136,0.460859,890.2952373027802,0.460245,890.6067504882812,0.877055,890.6322979927063,27.4844
891.1212110519409,-0.0657127,891.4398517608643,-0.0663069,892.0437715053558,1.893532,892.517594575882,0.0996041,893.1176886558533,0.460753,893.4235363006592,0.460143,893.7200813293457,0.876922,893.7606492042542,27.4219
894.2444734573364,-0.0656954,894.5574743747711,-0.0662927,895.1648442745209,1.893198,895.6245839595795,0.0996037,896.2421588897705,0.460655,896.5380856990814,0.460023,896.8391597270966,0.876769,896.8795018196106,27.4453
897.3597364425659,-0.0656763,897.6734087467194,-0.0662769,898.283064365387,1.892877,898.7407004833221,0.0996034,899.3591921329498,0.460557,899.6542403697968,0.459938,899.9655621051788,0.876635,899.9911911487579,27.3516
900.4732925891876,-0.0656585,900.7934594154358,-0.066265,901.4480350017548,1.892548,901.913149356842,0.0996044,902.5148410797119,0.460462,902.8268718719482,0.45982,903.1189458370209,0.876484,903.1501910686493,27.3906
903.6338181495667,-0.0656387,903.9643852710724,-0.0662465,904.5712475776672,1.892226,905.0336267948151,0.099604,905.6539514064789,0.460367,905.9593253135681,0.459737,906.2597608566284,0.876341,906.2910068035126,27.3984
906.7784340381622,-0.0656237,907.0903131961823,-0.0662326,907.7191956043243,1.891902,908.1760122776031,0.0996037,908.7900838851929,0.460272,909.0953164100647,0.459637,909.401281118393,0.876203,909.4295709133148,27.2656
909.9124059677124,-0.0656065,910.2188038825989,-0.0662214,910.8379044532776,1.891585,911.3050146102905,0.0996043,911.9031383991241,0.460173,912.214515209198,0.459518,912.5202808380127,0.876065,912.55553150177,27.2109
913.0353829860687,-0.0655876,913.3431832790375,-0.0662064,913.9505887031555,1.89127,914.4216277599335,0.0996044,915.040999174118,0.460075,915.3375647068024,0.459443,915.6524913311005,0.875936,915.688268661499,27.2344
916.166476726532,-0.0655723,916.4826312065125,-0.0661934,917.0899603366852,1.890967,917.5518546104431,0.0996044,918.1563034057617,0.459982,918.4677968025208,0.459341,918.7739837169647,0.8758,918.7996125221252,27.2188
919.2834446430206,-0.0655513,919.6050724983215,-0.0661817,920.2135436534882,1.890661,920.6773383617401,0.0996035,921.2851486206055,0.459888,921.5880854129791,0.459243,921.8928389549255,0.87566,921.9186291694641,27.1719
922.4038593769073,-0.0655362,922.7201659679413,-0.0661648,923.3234412670135,1.890334,923.7973673343658,0.0996042,924.3966348171234,0.459791,924.7064230442047,0.459137,924.9984748363495,0.875525,925.0295915603638,27.2188
925.5245275497437,-0.065523,925.8354334831238,-0.0661524,926.4487671852112,1.890029,926.9101092815399,0.0996045,927.5213270187378,0.459699,927.8208146095276,0.459043,928.1218883991241,0.875388,928.1576764583588,27.0781
928.6415798664093,-0.065503,928.9540882110596,-0.066137,929.5574018955231,1.889735,930.0240552425385,0.0996048,930.6486465930939,0.459612,930.9550440311432,0.458954,931.2522513866425,0.875252,931.2833960056305,27.0781
931.7764136791229,-0.0654865,932.0891857147217,-0.0661239,932.7027158737183,1.889426,933.1697173118591,0.0996051,933.7980518341064,0.459523,934.1099984645844,0.458856,934.4008650779724,0.875129,934.4466459751129,27.0703
934.9207134246826,-0.0654718,935.2416288852692,-0.0661121,935.8549723625183,1.889128,936.3133289813995,0.0996047,936.9373755455017,0.459431,937.2380096912384,0.458774,937.5346436500549,0.874999,937.5758345127106,27.0703
938.0556581020355,-0.0654524,938.3733639717102,-0.0660963,938.9980072975159,1.888842,939.4661719799042,0.0996042,940.0785822868347,0.459342,940.374968290329,0.458666,940.6770868301392,0.87487,940.7081363201141,27.0313
941.1969084739685,-0.0654389,941.5097503662109,-0.0660862,942.1175465583801,1.888563,942.5751168727875,0.099604,943.1890969276428,0.459257,943.4958052635193,0.458587,943.79549908638,0.874743,943.8257999420166,26.8984
944.3096752166748,-0.0654221,944.6342005729675,-0.0660716,945.2412004470825,1.888269,945.7013301849365,0.0996045,946.3150696754456,0.459169,946.6113131046295,0.4585,946.910945892334,0.87462,946.9467940330505,27.0313
947.4350781440735,-0.065406,947.7521071434021,-0.0660557,948.3613929748535,1.887977,948.8278431892395,0.0996036,949.427812576294,0.459084,949.7345151901245,0.458415,950.0308814048767,0.874492,950.076756477356,26.9375
950.551599740982,-0.065389,950.8621137142181,-0.0660457,951.4757642745972,1.887704,951.9329047203064,0.0996038,952.5508768558502,0.459001,952.8474185466766,0.458319,953.1588237285614,0.874367,953.1901068687439,26.9609
953.6629762649536,-0.065377,953.9893414974213,-0.0660372,954.6003949642181,1.887421,955.0621817111969,0.0996033,955.6599352359772,0.458917,955.964361667633,0.458216,956.2764718532562,0.874249,956.302491903305,26.8906
956.786253452301,-0.0653595,957.1064465045929,-0.0660231,957.7065896987915,1.88714,958.1689023971558,0.0996046,958.7836003303528,0.458831,959.0834636688232,0.458145,959.3857288360596,0.87412,959.4262819290161,26.8516
959.9082653522491,-0.0653445,960.2196917533875,-0.0660122,960.8385257720947,1.886848,961.3117437362671,0.0996051,961.924782037735,0.458751,962.2237124443054,0.458062,962.5297753810883,0.873993,962.5607299804688,26.9219
963.0414600372314,-0.0653277,963.3533244132996,-0.0659976,963.9636490345001,1.886575,964.4326045513153,0.099604,965.0401949882507,0.458669,965.3373508453369,0.457974,965.6396443843842,0.873874,965.6755485534668,26.8281
966.1596586704254,-0.0653153,966.4715869426727,-0.0659848,967.0778577327728,1.8863,967.5418202877045,0.0996043,968.1613440513611,0.458582,968.462954044342,0.45788,968.7628772258759,0.873756,968.7831041812897,26.7891
969.2614719867706,-0.0652966,969.5771794319153,-0.0659722,970.187695980072,1.886035,970.6496229171753,0.0996032,971.2640652656555,0.458498,971.5590333938599,0.457793,971.8684356212616,0.873637,971.898788690567,26.7813
972.4097375869751,-0.0652837,972.7218401432037,-0.0659611,973.3421709537506,1.885762,973.7976086139679,0.0996048,974.4122605323792,0.45842,974.7052979469299,0.457723,975.0191707611084,0.873525,975.0503926277161,26.7578
975.5325887203217,-0.0652676,975.8469157218933,-0.0659504,976.4600474834442,1.885505,976.9228529930115,0.0996046,977.5288577079773,0.458337,977.8308753967285,0.457634,978.1306917667389,0.873404,978.1616306304932,26.7109
978.6428310871124,-0.0652545,978.963597536087,-0.065938,979.5754287242889,1.885231,980.042697429657,0.0996041,980.6528544425964,0.458256,980.9439256191254,0.457545,981.2503936290741,0.873287,981.2816722393036,26.6484
981.7610630989075,-0.0652413,982.0884480476379,-0.0659242,982.6924316883087,1.884982,983.1601960659027,0.0996043,983.7633209228516,0.458179,984.0689427852631,0.457478,984.3753311634064,0.873173,984.4010536670685,26.6641
984.8889124393463,-0.0652294,985.1988229751587,-0.0659152,985.8185515403748,1.884719,986.275716304779,0.099604,986.8892979621887,0.458107,987.1847813129425,0.457398,987.486483335495,0.873064,987.527617931366,26.6094
987.9983856678009,-0.065212,988.3178594112396,-0.0659027,988.9260206222534,1.884464,989.3975992202759,0.0996049,990.0094513893127,0.45803,990.3030149936676,0.457315,990.6102478504181,0.872958,990.6360754966736,26.7188
991.1092524528503,-0.0651981,991.4198687076569,-0.0658931,992.0374226570129,1.884219,992.5039389133453,0.0996038,993.1147406101227,0.457955,993.4268009662628,0.457227,993.733039855957,0.872859,993.7606592178345,26.6016
994.2391159534454,-0.0651881,994.559517621994,-0.0658828,995.1682271957397,1.883971,995.631189584732,0.0996043,996.2444462776184,0.457877,996.5462262630463,0.457173,996.8486430644989,0.872735,996.8769743442535,26.6016
997.3564810752869,-0.0651738,997.6824691295624,-0.0658723,998.292026758194,1.883716,998.7498376369476,0.099604,999.3630695343018,0.457806,999.6586921215057,0.457089,999.9547426700592,0.872631,1000.0004534721375,26.6016
1000.4750576019287,-0.0651528,1000.7961416244507,-0.0658611,1001.4196858406067,1.883466,1001.892603635788,0.0996039,1002.4864840507507,0.457732,1002.7890350818634,0.456998,1003.0981020927429,0.872518,1003.1284065246582,26.5859
1003.6149854660034,-0.0651455,1003.9301028251648,-0.0658506,1004.5376443862915,1.883221,1005.0084607601166,0.0996038,1005.6190249919891,0.457657,1005.9333987236023,0.456935,1006.235288143158,0.872406,1006.266214132309,26.5156
1006.7377252578735,-0.0651337,1007.0686321258545,-0.0658403,1007.6809232234955,1.882984,1008.142471075058,0.0996042,1008.7404987812042,0.457586,1009.0415720939636,0.456862,1009.3556978702545,0.872314,1009.3869388103485,26.4609
1009.8638212680817,-0.0651194,1010.1701817512512,-0.0658278,1010.7796194553375,1.882752,1011.2431337833405,0.0996037,1011.8520829677582,0.457514,1012.1409566402435,0.456787,1012.4584028720856,0.872204,1012.484249830246,26.4922
1012.9677152633667,-0.0651045,1013.2880280017853,-0.0658185,1013.8920867443085,1.882512,1014.3598597049713,0.0996039,1014.9809629917145,0.457446,1015.277702331543,0.45669,1015.5892553329468,0.872109,1015.6194624900818,26.3828
1016.1079306602478,-0.0650964,1016.43776512146,-0.065811,1017.0507347583771,1.882283,1017.5129308700562,0.0996045,1018.1163966655731,0.457374,1018.4127662181854,0.456647,1018.7244653701782,0.871999,1018.767201423645,26.4609
1019.2379565238953,-0.0650807,1019.549834728241,-0.0657977,1020.1586785316467,1.882042,1020.6213479042053,0.0996048,1021.2570416927338,0.457305,1021.552451133728,0.456576,1021.8626136779785,0.871888,1021.8938548564911,26.3828
1022.3720498085022,-0.0650667,1022.6873626708984,-0.0657871,1023.3014698028564,1.881814,1023.7568855285645,0.0996045,1024.3782494068146,0.457236,1024.669649362564,0.456481,1024.9724795818329,0.871795,1025.0135521888733,26.4063
1025.4961302280426,-0.0650571,1025.813495874405,-0.0657781,1026.4214749336243,1.88158,1026.8747417926788,0.099604,1027.4872348308563,0.457168,1027.7836136817932,0.456425,1028.0909428596497,0.871691,1028.1366369724274,26.3828
1028.6062359809875,-0.0650414,1028.9248747825623,-0.0657677,1029.5345842838287,1.881342,1029.9976885318756,0.0996044,1030.612550497055,0.457096,1030.9021742343903,0.456355,1031.2118785381317,0.871577,1031.2427744865417,26.2422
1031.7318873405457,-0.0650287,1032.0416634082794,-0.0657559,1032.6490099430084,1.881091,1033.1228740215302,0.0996045,1033.7418975830078,0.457018,1034.043121099472,0.456284,1034.3524610996246,0.871471,1034.3883638381958,26.2656
1034.865210056305,-0.0650192,1035.1712357997894,-0.0657437,1035.7960124015808,1.880856,1036.2553935050964,0.099604,1036.8598279953003,0.45695,1037.1556432247162,0.456191,1037.465592622757,0.871369,1037.4967958927155,26.3359
1037.9767458438873,-0.065002,1038.2908613681793,-0.0657333,1038.899846315384,1.880622,1039.3669247627258,0.0996048,1039.9843964576721,0.456878,1040.2857913970947,0.45613,1040.5864820480347,0.871258,1040.618037700653,26.3359
1041.1388461589813,-0.064986,1041.4493553638458,-0.0657233,1042.064504623413,1.880382,1042.5226669311523,0.0996036,1043.140288591385,0.456808,1043.4469900131226,0.45604,1043.7500290870667,0.871163,1043.7801809310913,26.2031
1044.2645778656006,-0.06498,1044.5854363441467,-0.0657129,1045.1882565021515,1.88016,1045.6610701084137,0.0996055,1046.265346288681,0.456736,1046.5653343200684,0.455978,1046.870192527771,0.871069,1046.9004108905792,26.1953
1047.3896129131317,-0.0649688,1047.7066457271576,-0.065705,1048.3095819950104,1.879946,1048.7720839977264,0.0996048,1049.385216474533,0.456678,1049.6800713539124,0.455922,1049.9935648441315,0.870972,1050.0248062610626,26.2656
1050.5074288845062,-0.0649572,1050.8189907073975,-0.0656976,1051.4329001903534,1.879718,1051.9108657836914,0.0996036,1052.5243773460388,0.456613,1052.8194806575775,0.455857,1053.118949174881,0.870877,1053.1502003669739,26.1484
1053.6391496658325,-0.0649451,1053.9571034908295,-0.0656878,1054.5670819282532,1.879514,1055.028896331787,0.099605,1055.6436235904694,0.456546,1055.9289541244507,0.455772,1056.2455546855927,0.870791,1056.2711834907532,26.1797
1056.755044221878,-0.0649334,1057.0674409866333,-0.0656765,1057.6868081092834,1.879293,1058.1528968811035,0.099605,1058.755829334259,0.456486,1059.0558547973633,0.45572,1059.362280368805,0.870676,1059.387909412384,26.1719
1059.8757042884827,-0.0649226,1060.1947438716888,-0.0656686,1060.8237175941467,1.879087,1061.2853078842163,0.099605,1061.9000933170319,0.456424,1062.212177991867,0.455655,1062.5088906288147,0.870591,1062.5392072200775,26.1484
1063.0291829109192,-0.0649081,1063.3441851139069,-0.0656593,1063.9486351013184,1.878886,1064.4213600158691,0.0996039,1065.0203869342804,0.456359,1065.3312792778015,0.455581,1065.6371564865112,0.870496,1065.665965795517,26.0781
1066.151524066925,-0.0648972,1066.4613299369812,-0.065652,1067.0705556869507,1.878668,1067.5385069847107,0.0996045,1068.1423494815826,0.456299,1068.4489576816559,0.455527,1068.7478280067444,0.870406,1068.7794210910797,26.0547
1069.2666697502136,-0.0648849,1069.5824913978577,-0.0656411,1070.1970829963684,1.878462,1070.6594777107239,0.0996048,1071.2514128684998,0.456242,1071.568769454956,0.455476,1071.8646974563599,0.870328,1071.9060878753662,26.0547
1072.387353181839,-0.0648754,1072.7037644386292,-0.0656323,1073.3128447532654,1.87826,1073.779024362564,0.0996046,1074.3724029064178,0.456182,1074.6779971122742,0.455416,1074.990912437439,0.870227,1075.0126922130585,26.125
1075.5026173591614,-0.0648618,1075.8229460716248,-0.0656252,1076.4332976341248,1.878067,1076.8894202709198,0.099604,1077.5026633739471,0.45612,1077.798537492752,0.455343,1078.108118057251,0.870146,1078.1418664455414,26.0234
1078.615360736847,-0.0648551,1078.9371433258057,-0.0656138,1079.5395221710205,1.87786,1080.0077605247498,0.0996046,1080.6373627185822,0.456058,1080.958498954773,0.455284,1081.267605304718,0.870055,1081.314165353775,25.9688
1081.783756494522,-0.0648416,1082.089587688446,-0.0656052,1082.6986818313599,1.87767,1083.1549844741821,0.0996038,1083.7879877090454,0.455998,1084.0913302898407,0.455218,1084.386822938919,0.869969,1084.4282460212708,26.0
1084.9054372310638,-0.0648332,1085.2257585525513,-0.0655978,1085.8328609466553,1.877474,1086.2965459823608,0.0996048,1086.9265112876892,0.455937,1087.21852684021,0.455161,1087.5291295051575,0.869873,1087.560474395752,26.0156
1088.0339787006378,-0.0648236,1088.3501212596893,-0.065589,1088.9694428443909,1.87727,1089.4261934757233,0.0996053,1090.0305287837982,0.455882,1090.3440766334534,0.455101,1090.6594195365906,0.869796,1090.690797328949,25.9922
1091.175624847412,-0.0648096,1091.4926743507385,-0.0655797,1092.119092464447,1.877079,1092.5815358161926,0.099605,1093.1881008148193,0.455826,1093.4938807487488,0.455024,1093.7928929328918,0.869713,1093.838817358017,25.9922
1094.3011331558228,-0.0647994,1094.6286833286285,-0.0655717,1095.2325434684753,1.876887,1095.6948325634003,0.0996041,1096.314756155014,0.455766,1096.6094663143158,0.454982,1096.9086735248566,0.869618,1096.9442591667175,25.8984
1097.4250161647797,-0.0647908,1097.7462346553802,-0.0655628,1098.3604426383972,1.876701,1098.8251271247864,0.0996049,1099.4231460094452,0.455715,1099.7242720127106,0.454927,1100.035576581955,0.869546,1100.0713255405426,25.8828
1100.5512816905975,-0.0647789,1100.8666536808014,-0.0655562,1101.470849275589,1.876515,1101.943303346634,0.0996048,1102.5385723114014,0.455659,1102.8469672203064,0.454874,1103.1478123664856,0.869462,1103.1947720050812,25.9063
1103.681735754013,-0.0647703,1104.0044436454773,-0.0655505,1104.6077880859375,1.87633,1105.0734486579895,0.0996042,1105.6749217510223,0.455607,1105.9804420471191,0.454802,1106.2884678840637,0.869378,1106.3188803195953,25.8984
1106.804184436798,-0.064761,1107.1196777820587,-0.0655405,1107.725564956665,1.876142,1108.1792888641357,0.0996037,1108.8027758598328,0.455555,1109.0938918590546,0.454762,1109.4007954597473,0.869287,1109.4411923885345,25.8828
1109.9241454601288,-0.064753,1110.2309756278992,-0.0655345,1110.8447017669678,1.875954,1111.301142692566,0.0996045,1111.9379453659058,0.455502,1112.233022928238,0.45471,1112.53684425354,0.869214,1112.5725979804993,25.7891
1113.057383775711,-0.064742,1113.3673384189606,-0.0655242,1113.9798674583435,1.875782,1114.4472143650055,0.0996049,1115.0731148719788,0.455441,1115.3648765087128,0.45464,1115.672822713852,0.869126,1115.7030754089355,25.8359
1116.1919996738434,-0.0647326,1116.4948563575745,-0.0655166,1117.114251613617,1.875594,1117.5796220302582,0.0996045,1118.2060854434967,0.455389,1118.508128643036,0.454587,1118.8037734031677,0.869048,1118.839685201645,25.8203
1119.3237397670746,-0.0647224,1119.6396157741547,-0.0655078,1120.250741481781,1.875414,1120.7117857933044,0.0996046,1121.3241875171661,0.455336,1121.625646352768,0.454533,1121.9162020683289,0.868973,1121.9618356227875,25.6953
1122.4363210201263,-0.0647106,1122.75235414505,-0.0655013,1123.3599939346313,1.875234,1123.8350472450256,0.0996043,1124.4443016052246,0.455278,1124.7555317878723,0.454473,1125.061883687973,0.868888,1125.0977408885956,25.75
1125.581086397171,-0.0647033,1125.886690378189,-0.0654908,1126.5185408592224,1.875051,1126.979284286499,0.0996039,1127.591873407364,0.455226,1127.8914563655853,0.454423,1128.1876361370087,0.868806,1128.23437333107,25.8359
1128.7042353153229,-0.064689,1129.0284361839294,-0.065485,1129.6370031833649,1.874879,1130.1215498447418,0.0996049,1130.7322137355804,0.455175,1131.043864250183,0.454358,1131.3452830314636,0.868727,1131.3810250759125,25.7266
1131.8631806373596,-0.0646838,1132.1760847568512,-0.065477,1132.797476530075,1.874692,1133.2704355716705,0.0996047,1133.869045972824,0.455124,1134.1804738044739,0.454313,1134.4774041175842,0.868667,1134.5180716514587,25.75
1134.9959092140198,-0.0646739,1135.3113460540771,-0.065468,1135.9146950244904,1.87453,1136.3885996341705,0.0996052,1136.9968774318695,0.455071,1137.2918829917908,0.454263,1137.5983791351318,0.868588,1137.6294965744019,25.7266
1138.1259670257568,-0.0646632,1138.4505562782288,-0.0654609,1139.0599756240845,1.874357,1139.5192244052887,0.099605,1140.133372783661,0.455021,1140.4347169399261,0.454192,1140.734156370163,0.868507,1140.7644982337952,25.7031
1141.244558095932,-0.0646576,1141.5689837932587,-0.0654528,1142.170921087265,1.874179,1142.6432087421417,0.0996042,1143.2631452083588,0.454971,1143.568219423294,0.454159,1143.870564699173,0.868391,1143.9018070697784,25.6328
1144.3794362545013,-0.0646442,1144.693636894226,-0.0654453,1145.3071439266205,1.874015,1145.7658677101135,0.0996047,1146.3954226970673,0.454921,1146.7168309688568,0.454098,1147.0181987285614,0.868357,1147.0491480827332,25.6719
1147.5296664237976,-0.064637,1147.8564929962158,-0.0654356,1148.477685213089,1.873865,1148.939948797226,0.0996054,1149.5451397895813,0.454877,1149.8459012508392,0.454065,1150.155842781067,0.868295,1150.197096824646,25.6406
1150.673484802246,-0.0646286,1150.9839658737183,-0.0654305,1151.5936753749847,1.873724,1152.0588927268982,0.0996043,1152.6686763763428,0.454832,1152.9641752243042,0.454018,1153.2710111141205,0.868229,1153.3020205497742,25.6563
1153.7857086658478,-0.0646213,1154.0951075553894,-0.0654216,1154.7344329357147,1.873549,1155.197964668274,0.0996047,1155.8175885677338,0.454783,1156.1186063289642,0.453972,1156.4274575710297,0.868156,1156.4530868530273,25.6406
1156.9415245056152,-0.0646144,1157.2509365081787,-0.0654167,1157.8599784374237,1.873398,1158.3325412273407,0.0996044,1158.9502124786377,0.45474,1159.2542703151703,0.453928,1159.5624086856842,0.868077,1159.5880377292633,25.6172
1160.0709824562073,-0.0646038,1160.3885078430176,-0.0654111,1161.005891084671,1.873221,1161.4638347625732,0.0996047,1162.084359407425,0.45469,1162.38236951828,0.453855,1162.6963112354279,0.868006,1162.7221167087555,25.6406
1163.2045800685883,-0.0645974,1163.5268082618713,-0.0654076,1164.120602607727,1.873078,1164.5933208465576,0.0996047,1165.1964812278748,0.45464,1165.5074307918549,0.453817,1165.812945842743,0.867945,1165.8431992530823,25.5938
1166.3212087154388,-0.0645913,1166.6376605033875,-0.0653967,1167.2531797885895,1.872919,1167.7074522972107,0.0996049,1168.326891899109,0.454596,1168.6250121593475,0.453771,1168.9272122383118,0.867867,1168.9631960391998,25.5938
1169.4403784275055,-0.0645793,1169.7572264671326,-0.0653919,1170.368343114853,1.872767,1170.8311009407043,0.0996057,1171.4416337013245,0.454544,1171.7448830604553,0.453724,1172.0660870075226,0.867805,1172.097299337387,25.5703
1172.5682818889618,-0.0645691,1172.8991265296936,-0.0653845,1173.50821185112,1.872596,1173.970103263855,0.0996047,1174.5735659599304,0.454503,1174.8686978816986,0.45366,1175.185381412506,0.867715,1175.2110617160797,25.4766
1175.6985054016113,-0.0645609,1176.009307384491,-0.0653797,1176.6283099651337,1.87246,1177.0832521915436,0.0996052,1177.6971561908722,0.454453,1177.993015050888,0.453626,1178.29328250885,0.867678,1178.3345243930817,25.5625
1178.8004915714264,-0.0645544,1179.1220183372498,-0.0653723,1179.7266092300415,1.872315,1180.194343805313,0.0996039,1180.8142547607422,0.454412,1181.1202418804169,0.453578,1181.42218875885,0.867602,1181.4525802135468,25.5469
1181.938841342926,-0.0645487,1182.2514276504517,-0.0653659,1182.8703970909119,1.872161,1183.3373103141785,0.0996047,1183.9648251533508,0.454366,1184.2762024402618,0.453518,1184.5946381092072,0.867521,1184.6332387924194,25.5391
1185.1130170822144,-0.0645378,1185.4345717430115,-0.0653581,1186.0426766872406,1.871999,1186.5255608558655,0.0996044,1187.1358530521393,0.454324,1187.43625831604,0.453485,1187.7379286289215,0.867458,1187.763599395752,25.5156
